
 RUN  v4.1.10 /Users/melophonic/Documents/GitHub/xtrata/X-Chess/X-Chess_2.0

The Vitest environment clarinet defines the "transformMode". This options was deprecated in Vitest 4 and will be removed in the next major version. Please, use "viteEnvironment" instead.
Updated deployment plan file
stdout | tests/economics/property.test.ts > economic properties over random operation sequences > holds every invariant across 20 seeded sequences of 45 operations
{ event: "game-opened", fee: u1000000, game: u1, height: u4, opened-by: 'ST85J1T8QBRRF1E3X429R720WMMTGMTTBQ1ABDZT, ranked: false, rules-hash: (some 0xabababababababababababababababababababababababababababababababab) } (xchess-core-v1:318)
{ event: "game-opened", fee: u1000000, game: u2, height: u1942, opened-by: 'ST83QXSNCG4JYJ83HK62MJQ4QK7XP0R5ZHXKW9TN, ranked: false, rules-hash: (some 0xabababababababababababababababababababababababababababababababab) } (xchess-core-v1:318)
{ bootstrap: u250000, event: "sponsorship-funded", expiry: u6262, funded-by: 'ST83QXSNCG4JYJ83HK62MJQ4QK7XP0R5ZHXKW9TN, game: u2, rebate: u2000, rebates: u45, reserved: u90000, who: 'ST85J1T8QBRRF1E3X429R720WMMTGMTTBQ1ABDZT } (xchess-core-v1:388)
{ bootstrap: u250000, event: "sponsorship-funded", expiry: u6262, funded-by: 'ST83QXSNCG4JYJ83HK62MJQ4QK7XP0R5ZHXKW9TN, game: u2, rebate: u2000, rebates: u45, reserved: u90000, who: 'ST1PXSHZJDK862PABE15F07WSECNNF5BGA66MTG52 } (xchess-core-v1:388)
{ event: "entry-submitted", game: u2, height: u1943, sender: 'ST83QXSNCG4JYJ83HK62MJQ4QK7XP0R5ZHXKW9TN, seq: u0, value: "resgn" } (xchess-core-v1:565)
{ event: "game-opened", fee: u1000000, game: u3, height: u1944, opened-by: 'ST1PXSHZJDK862PABE15F07WSECNNF5BGA66MTG52, ranked: true, rules-hash: (some 0xabababababababababababababababababababababababababababababababab) } (xchess-core-v1:318)
{ bootstrap: u250000, event: "sponsorship-funded", expiry: u6264, funded-by: 'ST1PXSHZJDK862PABE15F07WSECNNF5BGA66MTG52, game: u3, rebate: u2000, rebates: u45, reserved: u90000, who: 'ST85J1T8QBRRF1E3X429R720WMMTGMTTBQ1ABDZT } (xchess-core-v1:388)
{ event: "entry-submitted", game: u1, height: u1945, sender: 'ST1PXSHZJDK862PABE15F07WSECNNF5BGA66MTG52, seq: u0, value: "draw?" } (xchess-core-v1:565)
{ event: "game-opened", fee: u1000000, game: u4, height: u1946, opened-by: 'ST85J1T8QBRRF1E3X429R720WMMTGMTTBQ1ABDZT, ranked: true, rules-hash: (some 0xabababababababababababababababababababababababababababababababab) } (xchess-core-v1:318)
{ bootstrap: u250000, event: "sponsorship-funded", expiry: u6266, funded-by: 'ST85J1T8QBRRF1E3X429R720WMMTGMTTBQ1ABDZT, game: u4, rebate: u2000, rebates: u45, reserved: u90000, who: 'ST1PXSHZJDK862PABE15F07WSECNNF5BGA66MTG52 } (xchess-core-v1:388)
{ bootstrap: u250000, event: "sponsorship-funded", expiry: u6266, funded-by: 'ST85J1T8QBRRF1E3X429R720WMMTGMTTBQ1ABDZT, game: u4, rebate: u2000, rebates: u45, reserved: u90000, who: 'ST83QXSNCG4JYJ83HK62MJQ4QK7XP0R5ZHXKW9TN } (xchess-core-v1:388)
{ event: "entry-submitted", game: u3, height: u1947, sender: 'ST5086KW72GKR8T8JKTH8NRGEP8HGCSQ0W3VKE87, seq: u0, value: "resgn" } (xchess-core-v1:565)
{ event: "game-opened", fee: u1000000, game: u5, height: u1948, opened-by: 'ST83QXSNCG4JYJ83HK62MJQ4QK7XP0R5ZHXKW9TN, ranked: false, rules-hash: (some 0xabababababababababababababababababababababababababababababababab) } (xchess-core-v1:318)
{ bootstrap: u250000, event: "sponsorship-funded", expiry: u6268, funded-by: 'ST83QXSNCG4JYJ83HK62MJQ4QK7XP0R5ZHXKW9TN, game: u5, rebate: u2000, rebates: u45, reserved: u90000, who: 'ST5086KW72GKR8T8JKTH8NRGEP8HGCSQ0W3VKE87 } (xchess-core-v1:388)
{ event: "game-opened", fee: u1000000, game: u6, height: u1949, opened-by: 'ST83QXSNCG4JYJ83HK62MJQ4QK7XP0R5ZHXKW9TN, ranked: false, rules-hash: (some 0xabababababababababababababababababababababababababababababababab) } (xchess-core-v1:318)
{ bootstrap: u250000, event: "sponsorship-funded", expiry: u6269, funded-by: 'ST83QXSNCG4JYJ83HK62MJQ4QK7XP0R5ZHXKW9TN, game: u6, rebate: u2000, rebates: u45, reserved: u90000, who: 'ST1PXSHZJDK862PABE15F07WSECNNF5BGA66MTG52 } (xchess-core-v1:388)
{ added: u90000, by: 'ST1PXSHZJDK862PABE15F07WSECNNF5BGA66MTG52, event: "sponsorship-topped-up", game: u2, rebates-added: u45, who: 'ST1PXSHZJDK862PABE15F07WSECNNF5BGA66MTG52 } (xchess-core-v1:474)
{ event: "entry-submitted", game: u2, height: u2430, sender: 'ST85J1T8QBRRF1E3X429R720WMMTGMTTBQ1ABDZT, seq: u1, value: "zzzz" } (xchess-core-v1:565)
{ amount: u2000, event: "rebate-paid", game: u2, rebates-left: u44, who: 'ST85J1T8QBRRF1E3X429R720WMMTGMTTBQ1ABDZT } (xchess-core-v1:525)
{ event: "entry-submitted", game: u1, height: u2431, sender: 'ST1PXSHZJDK862PABE15F07WSECNNF5BGA66MTG52, seq: u1, value: "e2e4" } (xchess-core-v1:565)
{ event: "entry-submitted", game: u6, height: u2432, sender: 'ST1PXSHZJDK862PABE15F07WSECNNF5BGA66MTG52, seq: u0, value: "draw?" } (xchess-core-v1:565)
{ amount: u2000, event: "rebate-paid", game: u6, rebates-left: u44, who: 'ST1PXSHZJDK862PABE15F07WSECNNF5BGA66MTG52 } (xchess-core-v1:525)
{ event: "entry-submitted", game: u3, height: u2433, sender: 'ST1PXSHZJDK862PABE15F07WSECNNF5BGA66MTG52, seq: u1, value: "zzzz" } (xchess-core-v1:565)
{ amount: u3200000, by: 'ST2PZAQ88V19XWNZAVEGHKJ9MXECC9D73FCCKNB4Z, event: "withdrawn", to: 'ST2PZAQ88V19XWNZAVEGHKJ9MXECC9D73FCCKNB4Z } (xchess-core-v1:669)
{ amount: u1600000, by: 'ST2PZAQ88V19XWNZAVEGHKJ9MXECC9D73FCCKNB4Z, event: "withdrawn", to: 'ST2PZAQ88V19XWNZAVEGHKJ9MXECC9D73FCCKNB4Z } (xchess-core-v1:669)
{ event: "entry-submitted", game: u6, height: u2438, sender: 'ST3TRY6QNMZ18FD96BJHEG4KTWVF7AN5PAKDMRRFP, seq: u1, value: "draw?" } (xchess-core-v1:565)
{ event: "game-opened", fee: u1000000, game: u7, height: u2439, opened-by: 'ST85J1T8QBRRF1E3X429R720WMMTGMTTBQ1ABDZT, ranked: false, rules-hash: (some 0xabababababababababababababababababababababababababababababababab) } (xchess-core-v1:318)
{ event: "game-opened", fee: u1000000, game: u8, height: u2440, opened-by: 'ST5086KW72GKR8T8JKTH8NRGEP8HGCSQ0W3VKE87, ranked: false, rules-hash: (some 0xabababababababababababababababababababababababababababababababab) } (xchess-core-v1:318)
{ bootstrap: u250000, event: "sponsorship-funded", expiry: u6760, funded-by: 'ST5086KW72GKR8T8JKTH8NRGEP8HGCSQ0W3VKE87, game: u8, rebate: u2000, rebates: u45, reserved: u90000, who: 'ST85J1T8QBRRF1E3X429R720WMMTGMTTBQ1ABDZT } (xchess-core-v1:388)
{ bootstrap: u250000, event: "sponsorship-funded", expiry: u6760, funded-by: 'ST5086KW72GKR8T8JKTH8NRGEP8HGCSQ0W3VKE87, game: u8, rebate: u2000, rebates: u45, reserved: u90000, who: 'ST1PXSHZJDK862PABE15F07WSECNNF5BGA66MTG52 } (xchess-core-v1:388)
{ amount: u1850000, by: 'ST2PZAQ88V19XWNZAVEGHKJ9MXECC9D73FCCKNB4Z, event: "withdrawn", to: 'ST2PZAQ88V19XWNZAVEGHKJ9MXECC9D73FCCKNB4Z } (xchess-core-v1:669)
{ event: "entry-submitted", game: u2, height: u2443, sender: 'ST5086KW72GKR8T8JKTH8NRGEP8HGCSQ0W3VKE87, seq: u2, value: "draw?" } (xchess-core-v1:565)
{ event: "game-opened", fee: u1000000, game: u9, height: u2444, opened-by: 'ST5086KW72GKR8T8JKTH8NRGEP8HGCSQ0W3VKE87, ranked: false, rules-hash: (some 0xabababababababababababababababababababababababababababababababab) } (xchess-core-v1:318)
{ bootstrap: u250000, event: "sponsorship-funded", expiry: u6764, funded-by: 'ST5086KW72GKR8T8JKTH8NRGEP8HGCSQ0W3VKE87, game: u9, rebate: u2000, rebates: u45, reserved: u90000, who: 'ST85J1T8QBRRF1E3X429R720WMMTGMTTBQ1ABDZT } (xchess-core-v1:388)
{ event: "game-opened", fee: u1000000, game: u10, height: u2445, opened-by: 'ST1PXSHZJDK862PABE15F07WSECNNF5BGA66MTG52, ranked: false, rules-hash: (some 0xabababababababababababababababababababababababababababababababab) } (xchess-core-v1:318)
{ event: "entry-submitted", game: u6, height: u2446, sender: 'ST83QXSNCG4JYJ83HK62MJQ4QK7XP0R5ZHXKW9TN, seq: u2, value: "e2e4" } (xchess-core-v1:565)
{ added: u90000, by: 'ST1PXSHZJDK862PABE15F07WSECNNF5BGA66MTG52, event: "sponsorship-topped-up", game: u8, rebates-added: u45, who: 'ST1PXSHZJDK862PABE15F07WSECNNF5BGA66MTG52 } (xchess-core-v1:474)
{ event: "game-opened", fee: u1000000, game: u11, height: u2448, opened-by: 'ST1PXSHZJDK862PABE15F07WSECNNF5BGA66MTG52, ranked: true, rules-hash: (some 0xabababababababababababababababababababababababababababababababab) } (xchess-core-v1:318)
{ bootstrap: u250000, event: "sponsorship-funded", expiry: u6768, funded-by: 'ST1PXSHZJDK862PABE15F07WSECNNF5BGA66MTG52, game: u11, rebate: u2000, rebates: u45, reserved: u90000, who: 'ST3TRY6QNMZ18FD96BJHEG4KTWVF7AN5PAKDMRRFP } (xchess-core-v1:388)
{ event: "game-opened", fee: u1000000, game: u12, height: u2449, opened-by: 'ST83QXSNCG4JYJ83HK62MJQ4QK7XP0R5ZHXKW9TN, ranked: false, rules-hash: (some 0xabababababababababababababababababababababababababababababababab) } (xchess-core-v1:318)
{ bootstrap: u250000, event: "sponsorship-funded", expiry: u6769, funded-by: 'ST83QXSNCG4JYJ83HK62MJQ4QK7XP0R5ZHXKW9TN, game: u12, rebate: u2000, rebates: u45, reserved: u90000, who: 'ST5086KW72GKR8T8JKTH8NRGEP8HGCSQ0W3VKE87 } (xchess-core-v1:388)
{ event: "game-opened", fee: u1000000, game: u13, height: u2450, opened-by: 'ST85J1T8QBRRF1E3X429R720WMMTGMTTBQ1ABDZT, ranked: false, rules-hash: (some 0xabababababababababababababababababababababababababababababababab) } (xchess-core-v1:318)
{ bootstrap: u250000, event: "sponsorship-funded", expiry: u6770, funded-by: 'ST85J1T8QBRRF1E3X429R720WMMTGMTTBQ1ABDZT, game: u13, rebate: u2000, rebates: u45, reserved: u90000, who: 'ST1PXSHZJDK862PABE15F07WSECNNF5BGA66MTG52 } (xchess-core-v1:388)
{ event: "entry-submitted", game: u9, height: u2451, sender: 'ST85J1T8QBRRF1E3X429R720WMMTGMTTBQ1ABDZT, seq: u0, value: "zzzz" } (xchess-core-v1:565)
{ amount: u2000, event: "rebate-paid", game: u9, rebates-left: u44, who: 'ST85J1T8QBRRF1E3X429R720WMMTGMTTBQ1ABDZT } (xchess-core-v1:525)
{ event: "entry-submitted", game: u3, height: u2452, sender: 'ST5086KW72GKR8T8JKTH8NRGEP8HGCSQ0W3VKE87, seq: u2, value: "resgn" } (xchess-core-v1:565)
{ event: "game-opened", fee: u1000000, game: u14, height: u4363, opened-by: 'ST5086KW72GKR8T8JKTH8NRGEP8HGCSQ0W3VKE87, ranked: false, rules-hash: (some 0xabababababababababababababababababababababababababababababababab) } (xchess-core-v1:318)
{ event: "entry-submitted", game: u13, height: u4364, sender: 'ST85J1T8QBRRF1E3X429R720WMMTGMTTBQ1ABDZT, seq: u0, value: "resgn" } (xchess-core-v1:565)
{ event: "game-opened", fee: u1000000, game: u15, height: u4366, opened-by: 'ST85J1T8QBRRF1E3X429R720WMMTGMTTBQ1ABDZT, ranked: false, rules-hash: (some 0xabababababababababababababababababababababababababababababababab) } (xchess-core-v1:318)
{ bootstrap: u250000, event: "sponsorship-funded", expiry: u8686, funded-by: 'ST85J1T8QBRRF1E3X429R720WMMTGMTTBQ1ABDZT, game: u15, rebate: u2000, rebates: u45, reserved: u90000, who: 'ST1PXSHZJDK862PABE15F07WSECNNF5BGA66MTG52 } (xchess-core-v1:388)
{ event: "entry-submitted", game: u5, height: u4367, sender: 'ST3TRY6QNMZ18FD96BJHEG4KTWVF7AN5PAKDMRRFP, seq: u0, value: "resgn" } (xchess-core-v1:565)
{ event: "entry-submitted", game: u4, height: u4369, sender: 'ST1PXSHZJDK862PABE15F07WSECNNF5BGA66MTG52, seq: u0, value: "resgn" } (xchess-core-v1:565)
{ amount: u2000, event: "rebate-paid", game: u4, rebates-left: u44, who: 'ST1PXSHZJDK862PABE15F07WSECNNF5BGA66MTG52 } (xchess-core-v1:525)
{ event: "game-opened", fee: u1000000, game: u16, height: u4370, opened-by: 'ST1PXSHZJDK862PABE15F07WSECNNF5BGA66MTG52, ranked: false, rules-hash: (some 0xabababababababababababababababababababababababababababababababab) } (xchess-core-v1:318)
{ bootstrap: u250000, event: "sponsorship-funded", expiry: u8690, funded-by: 'ST1PXSHZJDK862PABE15F07WSECNNF5BGA66MTG52, game: u16, rebate: u2000, rebates: u45, reserved: u90000, who: 'ST3TRY6QNMZ18FD96BJHEG4KTWVF7AN5PAKDMRRFP } (xchess-core-v1:388)
{ event: "game-opened", fee: u1000000, game: u17, height: u4371, opened-by: 'ST1PXSHZJDK862PABE15F07WSECNNF5BGA66MTG52, ranked: true, rules-hash: (some 0xabababababababababababababababababababababababababababababababab) } (xchess-core-v1:318)
{ bootstrap: u250000, event: "sponsorship-funded", expiry: u8691, funded-by: 'ST1PXSHZJDK862PABE15F07WSECNNF5BGA66MTG52, game: u17, rebate: u2000, rebates: u45, reserved: u90000, who: 'ST85J1T8QBRRF1E3X429R720WMMTGMTTBQ1ABDZT } (xchess-core-v1:388)
{ added: u90000, by: 'ST85J1T8QBRRF1E3X429R720WMMTGMTTBQ1ABDZT, event: "sponsorship-topped-up", game: u6, rebates-added: u45, who: 'ST1PXSHZJDK862PABE15F07WSECNNF5BGA66MTG52 } (xchess-core-v1:474)
{ event: "game-opened", fee: u1000000, game: u18, height: u4373, opened-by: 'ST5086KW72GKR8T8JKTH8NRGEP8HGCSQ0W3VKE87, ranked: false, rules-hash: (some 0xabababababababababababababababababababababababababababababababab) } (xchess-core-v1:318)
{ bootstrap: u250000, event: "sponsorship-funded", expiry: u8693, funded-by: 'ST5086KW72GKR8T8JKTH8NRGEP8HGCSQ0W3VKE87, game: u18, rebate: u2000, rebates: u45, reserved: u90000, who: 'ST1PXSHZJDK862PABE15F07WSECNNF5BGA66MTG52 } (xchess-core-v1:388)
{ event: "game-opened", fee: u1000000, game: u19, height: u4374, opened-by: 'ST1PXSHZJDK862PABE15F07WSECNNF5BGA66MTG52, ranked: true, rules-hash: (some 0xabababababababababababababababababababababababababababababababab) } (xchess-core-v1:318)
{ event: "entry-submitted", game: u19, height: u4375, sender: 'ST5086KW72GKR8T8JKTH8NRGEP8HGCSQ0W3VKE87, seq: u0, value: "resgn" } (xchess-core-v1:565)
{ event: "game-opened", fee: u1000000, game: u20, height: u4376, opened-by: 'ST5086KW72GKR8T8JKTH8NRGEP8HGCSQ0W3VKE87, ranked: true, rules-hash: (some 0xabababababababababababababababababababababababababababababababab) } (xchess-core-v1:318)
{ bootstrap: u250000, event: "sponsorship-funded", expiry: u8696, funded-by: 'ST5086KW72GKR8T8JKTH8NRGEP8HGCSQ0W3VKE87, game: u20, rebate: u2000, rebates: u45, reserved: u90000, who: 'ST85J1T8QBRRF1E3X429R720WMMTGMTTBQ1ABDZT } (xchess-core-v1:388)
{ bootstrap: u250000, event: "sponsorship-funded", expiry: u8696, funded-by: 'ST5086KW72GKR8T8JKTH8NRGEP8HGCSQ0W3VKE87, game: u20, rebate: u2000, rebates: u45, reserved: u90000, who: 'ST1PXSHZJDK862PABE15F07WSECNNF5BGA66MTG52 } (xchess-core-v1:388)
{ added: u90000, by: 'ST1PXSHZJDK862PABE15F07WSECNNF5BGA66MTG52, event: "sponsorship-topped-up", game: u4, rebates-added: u45, who: 'ST1PXSHZJDK862PABE15F07WSECNNF5BGA66MTG52 } (xchess-core-v1:474)
{ event: "entry-submitted", game: u19, height: u4379, sender: 'ST3TRY6QNMZ18FD96BJHEG4KTWVF7AN5PAKDMRRFP, seq: u1, value: "e2e4" } (xchess-core-v1:565)
{ amount: u7250000, by: 'ST2PZAQ88V19XWNZAVEGHKJ9MXECC9D73FCCKNB4Z, event: "withdrawn", to: 'ST2PZAQ88V19XWNZAVEGHKJ9MXECC9D73FCCKNB4Z } (xchess-core-v1:669)
{ event: "game-opened", fee: u1000000, game: u21, height: u4382, opened-by: 'ST85J1T8QBRRF1E3X429R720WMMTGMTTBQ1ABDZT, ranked: true, rules-hash: (some 0xabababababababababababababababababababababababababababababababab) } (xchess-core-v1:318)
{ event: "game-opened", fee: u1000000, game: u22, height: u4383, opened-by: 'ST5086KW72GKR8T8JKTH8NRGEP8HGCSQ0W3VKE87, ranked: false, rules-hash: (some 0xabababababababababababababababababababababababababababababababab) } (xchess-core-v1:318)
{ event: "entry-submitted", game: u22, height: u4384, sender: 'ST1PXSHZJDK862PABE15F07WSECNNF5BGA66MTG52, seq: u0, value: "resgn" } (xchess-core-v1:565)
{ event: "game-opened", fee: u1000000, game: u23, height: u4385, opened-by: 'ST85J1T8QBRRF1E3X429R720WMMTGMTTBQ1ABDZT, ranked: false, rules-hash: (some 0xabababababababababababababababababababababababababababababababab) } (xchess-core-v1:318)
{ bootstrap: u250000, event: "sponsorship-funded", expiry: u8705, funded-by: 'ST85J1T8QBRRF1E3X429R720WMMTGMTTBQ1ABDZT, game: u23, rebate: u2000, rebates: u45, reserved: u90000, who: 'ST1PXSHZJDK862PABE15F07WSECNNF5BGA66MTG52 } (xchess-core-v1:388)
{ bootstrap: u250000, event: "sponsorship-funded", expiry: u8705, funded-by: 'ST85J1T8QBRRF1E3X429R720WMMTGMTTBQ1ABDZT, game: u23, rebate: u2000, rebates: u45, reserved: u90000, who: 'ST83QXSNCG4JYJ83HK62MJQ4QK7XP0R5ZHXKW9TN } (xchess-core-v1:388)
{ event: "game-opened", fee: u1000000, game: u24, height: u4386, opened-by: 'ST85J1T8QBRRF1E3X429R720WMMTGMTTBQ1ABDZT, ranked: false, rules-hash: (some 0xabababababababababababababababababababababababababababababababab) } (xchess-core-v1:318)
{ added: u90000, by: 'ST5086KW72GKR8T8JKTH8NRGEP8HGCSQ0W3VKE87, event: "sponsorship-topped-up", game: u2, rebates-added: u45, who: 'ST85J1T8QBRRF1E3X429R720WMMTGMTTBQ1ABDZT } (xchess-core-v1:474)
{ event: "game-opened", fee: u1000000, game: u25, height: u4388, opened-by: 'ST5086KW72GKR8T8JKTH8NRGEP8HGCSQ0W3VKE87, ranked: false, rules-hash: (some 0xabababababababababababababababababababababababababababababababab) } (xchess-core-v1:318)
{ event: "game-opened", fee: u1000000, game: u26, height: u4389, opened-by: 'ST83QXSNCG4JYJ83HK62MJQ4QK7XP0R5ZHXKW9TN, ranked: false, rules-hash: (some 0xabababababababababababababababababababababababababababababababab) } (xchess-core-v1:318)
{ bootstrap: u250000, event: "sponsorship-funded", expiry: u8709, funded-by: 'ST83QXSNCG4JYJ83HK62MJQ4QK7XP0R5ZHXKW9TN, game: u26, rebate: u2000, rebates: u45, reserved: u90000, who: 'ST85J1T8QBRRF1E3X429R720WMMTGMTTBQ1ABDZT } (xchess-core-v1:388)
{ amount: u6725000, by: 'ST2PZAQ88V19XWNZAVEGHKJ9MXECC9D73FCCKNB4Z, event: "withdrawn", to: 'ST2PZAQ88V19XWNZAVEGHKJ9MXECC9D73FCCKNB4Z } (xchess-core-v1:669)
{ added: u90000, by: 'ST5086KW72GKR8T8JKTH8NRGEP8HGCSQ0W3VKE87, event: "sponsorship-topped-up", game: u9, rebates-added: u45, who: 'ST85J1T8QBRRF1E3X429R720WMMTGMTTBQ1ABDZT } (xchess-core-v1:474)
{ event: "game-opened", fee: u1000000, game: u27, height: u4393, opened-by: 'ST83QXSNCG4JYJ83HK62MJQ4QK7XP0R5ZHXKW9TN, ranked: false, rules-hash: (some 0xabababababababababababababababababababababababababababababababab) } (xchess-core-v1:318)
{ event: "game-opened", fee: u1000000, game: u28, height: u4395, opened-by: 'ST5086KW72GKR8T8JKTH8NRGEP8HGCSQ0W3VKE87, ranked: false, rules-hash: (some 0xabababababababababababababababababababababababababababababababab) } (xchess-core-v1:318)
{ event: "entry-submitted", game: u22, height: u4396, sender: 'ST3TRY6QNMZ18FD96BJHEG4KTWVF7AN5PAKDMRRFP, seq: u1, value: "draw?" } (xchess-core-v1:565)
{ event: "entry-submitted", game: u22, height: u4397, sender: 'ST85J1T8QBRRF1E3X429R720WMMTGMTTBQ1ABDZT, seq: u2, value: "draw?" } (xchess-core-v1:565)
{ event: "game-opened", fee: u1000000, game: u29, height: u4398, opened-by: 'ST1PXSHZJDK862PABE15F07WSECNNF5BGA66MTG52, ranked: false, rules-hash: (some 0xabababababababababababababababababababababababababababababababab) } (xchess-core-v1:318)
{ bootstrap: u250000, event: "sponsorship-funded", expiry: u8718, funded-by: 'ST1PXSHZJDK862PABE15F07WSECNNF5BGA66MTG52, game: u29, rebate: u2000, rebates: u45, reserved: u90000, who: 'ST85J1T8QBRRF1E3X429R720WMMTGMTTBQ1ABDZT } (xchess-core-v1:388)
{ bootstrap: u250000, event: "sponsorship-funded", expiry: u8718, funded-by: 'ST1PXSHZJDK862PABE15F07WSECNNF5BGA66MTG52, game: u29, rebate: u2000, rebates: u45, reserved: u90000, who: 'ST83QXSNCG4JYJ83HK62MJQ4QK7XP0R5ZHXKW9TN } (xchess-core-v1:388)
{ event: "game-opened", fee: u1000000, game: u30, height: u4400, opened-by: 'ST83QXSNCG4JYJ83HK62MJQ4QK7XP0R5ZHXKW9TN, ranked: false, rules-hash: (some 0xabababababababababababababababababababababababababababababababab) } (xchess-core-v1:318)
{ bootstrap: u250000, event: "sponsorship-funded", expiry: u8720, funded-by: 'ST83QXSNCG4JYJ83HK62MJQ4QK7XP0R5ZHXKW9TN, game: u30, rebate: u2000, rebates: u45, reserved: u90000, who: 'ST5086KW72GKR8T8JKTH8NRGEP8HGCSQ0W3VKE87 } (xchess-core-v1:388)
{ amount: u5462500, by: 'ST2PZAQ88V19XWNZAVEGHKJ9MXECC9D73FCCKNB4Z, event: "withdrawn", to: 'ST2PZAQ88V19XWNZAVEGHKJ9MXECC9D73FCCKNB4Z } (xchess-core-v1:669)
{ event: "game-opened", fee: u1000000, game: u31, height: u4403, opened-by: 'ST1PXSHZJDK862PABE15F07WSECNNF5BGA66MTG52, ranked: false, rules-hash: (some 0xabababababababababababababababababababababababababababababababab) } (xchess-core-v1:318)
{ bootstrap: u250000, event: "sponsorship-funded", expiry: u8723, funded-by: 'ST1PXSHZJDK862PABE15F07WSECNNF5BGA66MTG52, game: u31, rebate: u2000, rebates: u45, reserved: u90000, who: 'ST83QXSNCG4JYJ83HK62MJQ4QK7XP0R5ZHXKW9TN } (xchess-core-v1:388)
{ event: "game-opened", fee: u1000000, game: u32, height: u4404, opened-by: 'ST1PXSHZJDK862PABE15F07WSECNNF5BGA66MTG52, ranked: false, rules-hash: (some 0xabababababababababababababababababababababababababababababababab) } (xchess-core-v1:318)
{ event: "game-opened", fee: u1000000, game: u33, height: u4405, opened-by: 'ST5086KW72GKR8T8JKTH8NRGEP8HGCSQ0W3VKE87, ranked: false, rules-hash: (some 0xabababababababababababababababababababababababababababababababab) } (xchess-core-v1:318)
{ bootstrap: u250000, event: "sponsorship-funded", expiry: u8725, funded-by: 'ST5086KW72GKR8T8JKTH8NRGEP8HGCSQ0W3VKE87, game: u33, rebate: u2000, rebates: u45, reserved: u90000, who: 'ST1PXSHZJDK862PABE15F07WSECNNF5BGA66MTG52 } (xchess-core-v1:388)
{ event: "entry-submitted", game: u31, height: u4406, sender: 'ST83QXSNCG4JYJ83HK62MJQ4QK7XP0R5ZHXKW9TN, seq: u0, value: "draw?" } (xchess-core-v1:565)
{ amount: u2000, event: "rebate-paid", game: u31, rebates-left: u44, who: 'ST83QXSNCG4JYJ83HK62MJQ4QK7XP0R5ZHXKW9TN } (xchess-core-v1:525)
{ event: "game-opened", fee: u1000000, game: u34, height: u4407, opened-by: 'ST85J1T8QBRRF1E3X429R720WMMTGMTTBQ1ABDZT, ranked: true, rules-hash: (some 0xabababababababababababababababababababababababababababababababab) } (xchess-core-v1:318)
{ bootstrap: u250000, event: "sponsorship-funded", expiry: u8727, funded-by: 'ST85J1T8QBRRF1E3X429R720WMMTGMTTBQ1ABDZT, game: u34, rebate: u2000, rebates: u45, reserved: u90000, who: 'ST5086KW72GKR8T8JKTH8NRGEP8HGCSQ0W3VKE87 } (xchess-core-v1:388)
{ event: "entry-submitted", game: u31, height: u4408, sender: 'ST5086KW72GKR8T8JKTH8NRGEP8HGCSQ0W3VKE87, seq: u1, value: "resgn" } (xchess-core-v1:565)
{ event: "game-opened", fee: u1000000, game: u35, height: u4409, opened-by: 'ST83QXSNCG4JYJ83HK62MJQ4QK7XP0R5ZHXKW9TN, ranked: true, rules-hash: (some 0xabababababababababababababababababababababababababababababababab) } (xchess-core-v1:318)
{ bootstrap: u250000, event: "sponsorship-funded", expiry: u8729, funded-by: 'ST83QXSNCG4JYJ83HK62MJQ4QK7XP0R5ZHXKW9TN, game: u35, rebate: u2000, rebates: u45, reserved: u90000, who: 'ST85J1T8QBRRF1E3X429R720WMMTGMTTBQ1ABDZT } (xchess-core-v1:388)
{ bootstrap: u250000, event: "sponsorship-funded", expiry: u8729, funded-by: 'ST83QXSNCG4JYJ83HK62MJQ4QK7XP0R5ZHXKW9TN, game: u35, rebate: u2000, rebates: u45, reserved: u90000, who: 'ST1PXSHZJDK862PABE15F07WSECNNF5BGA66MTG52 } (xchess-core-v1:388)
{ event: "game-opened", fee: u1000000, game: u36, height: u4410, opened-by: 'ST83QXSNCG4JYJ83HK62MJQ4QK7XP0R5ZHXKW9TN, ranked: false, rules-hash: (some 0xabababababababababababababababababababababababababababababababab) } (xchess-core-v1:318)
{ bootstrap: u250000, event: "sponsorship-funded", expiry: u8730, funded-by: 'ST83QXSNCG4JYJ83HK62MJQ4QK7XP0R5ZHXKW9TN, game: u36, rebate: u2000, rebates: u45, reserved: u90000, who: 'ST3TRY6QNMZ18FD96BJHEG4KTWVF7AN5PAKDMRRFP } (xchess-core-v1:388)
{ event: "game-opened", fee: u1000000, game: u37, height: u4411, opened-by: 'ST83QXSNCG4JYJ83HK62MJQ4QK7XP0R5ZHXKW9TN, ranked: false, rules-hash: (some 0xabababababababababababababababababababababababababababababababab) } (xchess-core-v1:318)
{ event: "game-opened", fee: u1000000, game: u38, height: u4412, opened-by: 'ST83QXSNCG4JYJ83HK62MJQ4QK7XP0R5ZHXKW9TN, ranked: false, rules-hash: (some 0xabababababababababababababababababababababababababababababababab) } (xchess-core-v1:318)
{ event: "entry-submitted", game: u35, height: u4413, sender: 'ST83QXSNCG4JYJ83HK62MJQ4QK7XP0R5ZHXKW9TN, seq: u0, value: "zzzz" } (xchess-core-v1:565)
{ event: "game-opened", fee: u1000000, game: u39, height: u4414, opened-by: 'ST5086KW72GKR8T8JKTH8NRGEP8HGCSQ0W3VKE87, ranked: false, rules-hash: (some 0xabababababababababababababababababababababababababababababababab) } (xchess-core-v1:318)
{ event: "game-opened", fee: u1000000, game: u40, height: u4415, opened-by: 'ST83QXSNCG4JYJ83HK62MJQ4QK7XP0R5ZHXKW9TN, ranked: false, rules-hash: (some 0xabababababababababababababababababababababababababababababababab) } (xchess-core-v1:318)
{ bootstrap: u250000, event: "sponsorship-funded", expiry: u8735, funded-by: 'ST83QXSNCG4JYJ83HK62MJQ4QK7XP0R5ZHXKW9TN, game: u40, rebate: u2000, rebates: u45, reserved: u90000, who: 'ST1PXSHZJDK862PABE15F07WSECNNF5BGA66MTG52 } (xchess-core-v1:388)
{ event: "entry-submitted", game: u25, height: u4416, sender: 'ST1PXSHZJDK862PABE15F07WSECNNF5BGA66MTG52, seq: u0, value: "draw?" } (xchess-core-v1:565)
{ event: "entry-submitted", game: u30, height: u4417, sender: 'ST1PXSHZJDK862PABE15F07WSECNNF5BGA66MTG52, seq: u0, value: "e2e4" } (xchess-core-v1:565)
{ event: "game-opened", fee: u1000000, game: u41, height: u4418, opened-by: 'ST5086KW72GKR8T8JKTH8NRGEP8HGCSQ0W3VKE87, ranked: false, rules-hash: (some 0xabababababababababababababababababababababababababababababababab) } (xchess-core-v1:318)
{ bootstrap: u250000, event: "sponsorship-funded", expiry: u8738, funded-by: 'ST5086KW72GKR8T8JKTH8NRGEP8HGCSQ0W3VKE87, game: u41, rebate: u2000, rebates: u45, reserved: u90000, who: 'ST85J1T8QBRRF1E3X429R720WMMTGMTTBQ1ABDZT } (xchess-core-v1:388)
{ event: "game-opened", fee: u1000000, game: u42, height: u4419, opened-by: 'ST5086KW72GKR8T8JKTH8NRGEP8HGCSQ0W3VKE87, ranked: false, rules-hash: (some 0xabababababababababababababababababababababababababababababababab) } (xchess-core-v1:318)
{ bootstrap: u250000, event: "sponsorship-funded", expiry: u8739, funded-by: 'ST5086KW72GKR8T8JKTH8NRGEP8HGCSQ0W3VKE87, game: u42, rebate: u2000, rebates: u45, reserved: u90000, who: 'ST1PXSHZJDK862PABE15F07WSECNNF5BGA66MTG52 } (xchess-core-v1:388)
{ event: "entry-submitted", game: u40, height: u4420, sender: 'ST1PXSHZJDK862PABE15F07WSECNNF5BGA66MTG52, seq: u0, value: "resgn" } (xchess-core-v1:565)
{ amount: u2000, event: "rebate-paid", game: u40, rebates-left: u44, who: 'ST1PXSHZJDK862PABE15F07WSECNNF5BGA66MTG52 } (xchess-core-v1:525)
{ added: u90000, by: 'ST1PXSHZJDK862PABE15F07WSECNNF5BGA66MTG52, event: "sponsorship-topped-up", game: u36, rebates-added: u45, who: 'ST3TRY6QNMZ18FD96BJHEG4KTWVF7AN5PAKDMRRFP } (xchess-core-v1:474)
{ event: "game-opened", fee: u1000000, game: u43, height: u4422, opened-by: 'ST85J1T8QBRRF1E3X429R720WMMTGMTTBQ1ABDZT, ranked: false, rules-hash: (some 0xabababababababababababababababababababababababababababababababab) } (xchess-core-v1:318)
{ event: "game-opened", fee: u1000000, game: u44, height: u4423, opened-by: 'ST5086KW72GKR8T8JKTH8NRGEP8HGCSQ0W3VKE87, ranked: false, rules-hash: (some 0xabababababababababababababababababababababababababababababababab) } (xchess-core-v1:318)
{ event: "entry-submitted", game: u43, height: u4424, sender: 'ST1PXSHZJDK862PABE15F07WSECNNF5BGA66MTG52, seq: u0, value: "zzzz" } (xchess-core-v1:565)
{ event: "game-opened", fee: u1000000, game: u45, height: u4425, opened-by: 'ST85J1T8QBRRF1E3X429R720WMMTGMTTBQ1ABDZT, ranked: false, rules-hash: (some 0xabababababababababababababababababababababababababababababababab) } (xchess-core-v1:318)
{ bootstrap: u250000, event: "sponsorship-funded", expiry: u8745, funded-by: 'ST85J1T8QBRRF1E3X429R720WMMTGMTTBQ1ABDZT, game: u45, rebate: u2000, rebates: u45, reserved: u90000, who: 'ST5086KW72GKR8T8JKTH8NRGEP8HGCSQ0W3VKE87 } (xchess-core-v1:388)
{ added: u90000, by: 'ST1PXSHZJDK862PABE15F07WSECNNF5BGA66MTG52, event: "sponsorship-topped-up", game: u36, rebates-added: u45, who: 'ST3TRY6QNMZ18FD96BJHEG4KTWVF7AN5PAKDMRRFP } (xchess-core-v1:474)
{ event: "entry-submitted", game: u43, height: u4427, sender: 'ST5086KW72GKR8T8JKTH8NRGEP8HGCSQ0W3VKE87, seq: u1, value: "zzzz" } (xchess-core-v1:565)
{ added: u90000, by: 'ST83QXSNCG4JYJ83HK62MJQ4QK7XP0R5ZHXKW9TN, event: "sponsorship-topped-up", game: u16, rebates-added: u45, who: 'ST3TRY6QNMZ18FD96BJHEG4KTWVF7AN5PAKDMRRFP } (xchess-core-v1:474)
{ event: "game-opened", fee: u1000000, game: u46, height: u4431, opened-by: 'ST1PXSHZJDK862PABE15F07WSECNNF5BGA66MTG52, ranked: true, rules-hash: (some 0xabababababababababababababababababababababababababababababababab) } (xchess-core-v1:318)
{ bootstrap: u250000, event: "sponsorship-funded", expiry: u8751, funded-by: 'ST1PXSHZJDK862PABE15F07WSECNNF5BGA66MTG52, game: u46, rebate: u2000, rebates: u45, reserved: u90000, who: 'ST5086KW72GKR8T8JKTH8NRGEP8HGCSQ0W3VKE87 } (xchess-core-v1:388)
{ event: "game-opened", fee: u1000000, game: u47, height: u4432, opened-by: 'ST1PXSHZJDK862PABE15F07WSECNNF5BGA66MTG52, ranked: false, rules-hash: (some 0xabababababababababababababababababababababababababababababababab) } (xchess-core-v1:318)
{ event: "entry-submitted", game: u46, height: u4433, sender: 'ST5086KW72GKR8T8JKTH8NRGEP8HGCSQ0W3VKE87, seq: u0, value: "zzzz" } (xchess-core-v1:565)
{ amount: u2000, event: "rebate-paid", game: u46, rebates-left: u44, who: 'ST5086KW72GKR8T8JKTH8NRGEP8HGCSQ0W3VKE87 } (xchess-core-v1:525)
{ event: "entry-submitted", game: u43, height: u4434, sender: 'ST1PXSHZJDK862PABE15F07WSECNNF5BGA66MTG52, seq: u2, value: "zzzz" } (xchess-core-v1:565)
{ event: "entry-submitted", game: u45, height: u4436, sender: 'ST5086KW72GKR8T8JKTH8NRGEP8HGCSQ0W3VKE87, seq: u0, value: "draw?" } (xchess-core-v1:565)
{ amount: u2000, event: "rebate-paid", game: u45, rebates-left: u44, who: 'ST5086KW72GKR8T8JKTH8NRGEP8HGCSQ0W3VKE87 } (xchess-core-v1:525)
{ event: "entry-submitted", game: u44, height: u4437, sender: 'ST5086KW72GKR8T8JKTH8NRGEP8HGCSQ0W3VKE87, seq: u0, value: "zzzz" } (xchess-core-v1:565)
{ event: "entry-submitted", game: u47, height: u4438, sender: 'ST3TRY6QNMZ18FD96BJHEG4KTWVF7AN5PAKDMRRFP, seq: u0, value: "zzzz" } (xchess-core-v1:565)
{ event: "entry-submitted", game: u47, height: u4439, sender: 'ST5086KW72GKR8T8JKTH8NRGEP8HGCSQ0W3VKE87, seq: u1, value: "e2e4" } (xchess-core-v1:565)
{ event: "game-opened", fee: u1000000, game: u48, height: u4440, opened-by: 'ST83QXSNCG4JYJ83HK62MJQ4QK7XP0R5ZHXKW9TN, ranked: false, rules-hash: (some 0xabababababababababababababababababababababababababababababababab) } (xchess-core-v1:318)
{ event: "game-opened", fee: u1000000, game: u49, height: u4441, opened-by: 'ST83QXSNCG4JYJ83HK62MJQ4QK7XP0R5ZHXKW9TN, ranked: true, rules-hash: (some 0xabababababababababababababababababababababababababababababababab) } (xchess-core-v1:318)
{ bootstrap: u250000, event: "sponsorship-funded", expiry: u8761, funded-by: 'ST83QXSNCG4JYJ83HK62MJQ4QK7XP0R5ZHXKW9TN, game: u49, rebate: u2000, rebates: u45, reserved: u90000, who: 'ST85J1T8QBRRF1E3X429R720WMMTGMTTBQ1ABDZT } (xchess-core-v1:388)
{ bootstrap: u250000, event: "sponsorship-funded", expiry: u8761, funded-by: 'ST83QXSNCG4JYJ83HK62MJQ4QK7XP0R5ZHXKW9TN, game: u49, rebate: u2000, rebates: u45, reserved: u90000, who: 'ST1PXSHZJDK862PABE15F07WSECNNF5BGA66MTG52 } (xchess-core-v1:388)
{ event: "entry-submitted", game: u46, height: u4442, sender: 'ST83QXSNCG4JYJ83HK62MJQ4QK7XP0R5ZHXKW9TN, seq: u1, value: "resgn" } (xchess-core-v1:565)
{ added: u90000, by: 'ST5086KW72GKR8T8JKTH8NRGEP8HGCSQ0W3VKE87, event: "sponsorship-topped-up", game: u6, rebates-added: u45, who: 'ST1PXSHZJDK862PABE15F07WSECNNF5BGA66MTG52 } (xchess-core-v1:474)
{ event: "entry-submitted", game: u48, height: u4444, sender: 'ST5086KW72GKR8T8JKTH8NRGEP8HGCSQ0W3VKE87, seq: u0, value: "e2e4" } (xchess-core-v1:565)
{ event: "entry-submitted", game: u44, height: u4445, sender: 'ST5086KW72GKR8T8JKTH8NRGEP8HGCSQ0W3VKE87, seq: u1, value: "draw?" } (xchess-core-v1:565)
{ event: "entry-submitted", game: u49, height: u4446, sender: 'ST3TRY6QNMZ18FD96BJHEG4KTWVF7AN5PAKDMRRFP, seq: u0, value: "draw?" } (xchess-core-v1:565)
{ event: "entry-submitted", game: u49, height: u4447, sender: 'ST3TRY6QNMZ18FD96BJHEG4KTWVF7AN5PAKDMRRFP, seq: u1, value: "draw?" } (xchess-core-v1:565)
{ event: "game-opened", fee: u1000000, game: u50, height: u4448, opened-by: 'ST83QXSNCG4JYJ83HK62MJQ4QK7XP0R5ZHXKW9TN, ranked: false, rules-hash: (some 0xabababababababababababababababababababababababababababababababab) } (xchess-core-v1:318)
{ bootstrap: u250000, event: "sponsorship-funded", expiry: u8768, funded-by: 'ST83QXSNCG4JYJ83HK62MJQ4QK7XP0R5ZHXKW9TN, game: u50, rebate: u2000, rebates: u45, reserved: u90000, who: 'ST85J1T8QBRRF1E3X429R720WMMTGMTTBQ1ABDZT } (xchess-core-v1:388)
{ bootstrap: u250000, event: "sponsorship-funded", expiry: u8768, funded-by: 'ST83QXSNCG4JYJ83HK62MJQ4QK7XP0R5ZHXKW9TN, game: u50, rebate: u2000, rebates: u45, reserved: u90000, who: 'ST1PXSHZJDK862PABE15F07WSECNNF5BGA66MTG52 } (xchess-core-v1:388)
{ event: "entry-submitted", game: u47, height: u4449, sender: 'ST85J1T8QBRRF1E3X429R720WMMTGMTTBQ1ABDZT, seq: u2, value: "zzzz" } (xchess-core-v1:565)
{ event: "entry-submitted", game: u45, height: u4450, sender: 'ST3TRY6QNMZ18FD96BJHEG4KTWVF7AN5PAKDMRRFP, seq: u1, value: "e2e4" } (xchess-core-v1:565)
{ event: "game-opened", fee: u1000000, game: u51, height: u4453, opened-by: 'ST1PXSHZJDK862PABE15F07WSECNNF5BGA66MTG52, ranked: false, rules-hash: (some 0xabababababababababababababababababababababababababababababababab) } (xchess-core-v1:318)
{ event: "entry-submitted", game: u44, height: u4454, sender: 'ST85J1T8QBRRF1E3X429R720WMMTGMTTBQ1ABDZT, seq: u2, value: "e2e4" } (xchess-core-v1:565)
{ event: "entry-submitted", game: u48, height: u4455, sender: 'ST3TRY6QNMZ18FD96BJHEG4KTWVF7AN5PAKDMRRFP, seq: u1, value: "zzzz" } (xchess-core-v1:565)
{ added: u90000, by: 'ST85J1T8QBRRF1E3X429R720WMMTGMTTBQ1ABDZT, event: "sponsorship-topped-up", game: u5, rebates-added: u45, who: 'ST5086KW72GKR8T8JKTH8NRGEP8HGCSQ0W3VKE87 } (xchess-core-v1:474)
{ event: "game-opened", fee: u1000000, game: u52, height: u4457, opened-by: 'ST83QXSNCG4JYJ83HK62MJQ4QK7XP0R5ZHXKW9TN, ranked: false, rules-hash: (some 0xabababababababababababababababababababababababababababababababab) } (xchess-core-v1:318)
{ bootstrap: u250000, event: "sponsorship-funded", expiry: u8777, funded-by: 'ST83QXSNCG4JYJ83HK62MJQ4QK7XP0R5ZHXKW9TN, game: u52, rebate: u2000, rebates: u45, reserved: u90000, who: 'ST5086KW72GKR8T8JKTH8NRGEP8HGCSQ0W3VKE87 } (xchess-core-v1:388)
{ event: "entry-submitted", game: u46, height: u4458, sender: 'ST3TRY6QNMZ18FD96BJHEG4KTWVF7AN5PAKDMRRFP, seq: u2, value: "e2e4" } (xchess-core-v1:565)
{ event: "entry-submitted", game: u47, height: u4849, sender: 'ST83QXSNCG4JYJ83HK62MJQ4QK7XP0R5ZHXKW9TN, seq: u3, value: "zzzz" } (xchess-core-v1:565)
{ event: "game-opened", fee: u1000000, game: u53, height: u4850, opened-by: 'ST83QXSNCG4JYJ83HK62MJQ4QK7XP0R5ZHXKW9TN, ranked: false, rules-hash: (some 0xabababababababababababababababababababababababababababababababab) } (xchess-core-v1:318)
{ bootstrap: u250000, event: "sponsorship-funded", expiry: u9170, funded-by: 'ST83QXSNCG4JYJ83HK62MJQ4QK7XP0R5ZHXKW9TN, game: u53, rebate: u2000, rebates: u45, reserved: u90000, who: 'ST85J1T8QBRRF1E3X429R720WMMTGMTTBQ1ABDZT } (xchess-core-v1:388)
{ added: u90000, by: 'ST1PXSHZJDK862PABE15F07WSECNNF5BGA66MTG52, event: "sponsorship-topped-up", game: u16, rebates-added: u45, who: 'ST3TRY6QNMZ18FD96BJHEG4KTWVF7AN5PAKDMRRFP } (xchess-core-v1:474)
{ event: "entry-submitted", game: u53, height: u4852, sender: 'ST85J1T8QBRRF1E3X429R720WMMTGMTTBQ1ABDZT, seq: u0, value: "e2e4" } (xchess-core-v1:565)
{ amount: u2000, event: "rebate-paid", game: u53, rebates-left: u44, who: 'ST85J1T8QBRRF1E3X429R720WMMTGMTTBQ1ABDZT } (xchess-core-v1:525)
{ event: "game-opened", fee: u1000000, game: u54, height: u4853, opened-by: 'ST85J1T8QBRRF1E3X429R720WMMTGMTTBQ1ABDZT, ranked: false, rules-hash: (some 0xabababababababababababababababababababababababababababababababab) } (xchess-core-v1:318)
{ bootstrap: u250000, event: "sponsorship-funded", expiry: u9173, funded-by: 'ST85J1T8QBRRF1E3X429R720WMMTGMTTBQ1ABDZT, game: u54, rebate: u2000, rebates: u45, reserved: u90000, who: 'ST3TRY6QNMZ18FD96BJHEG4KTWVF7AN5PAKDMRRFP } (xchess-core-v1:388)
{ event: "game-opened", fee: u1000000, game: u55, height: u4855, opened-by: 'ST1PXSHZJDK862PABE15F07WSECNNF5BGA66MTG52, ranked: true, rules-hash: (some 0xabababababababababababababababababababababababababababababababab) } (xchess-core-v1:318)
{ bootstrap: u250000, event: "sponsorship-funded", expiry: u9175, funded-by: 'ST1PXSHZJDK862PABE15F07WSECNNF5BGA66MTG52, game: u55, rebate: u2000, rebates: u45, reserved: u90000, who: 'ST85J1T8QBRRF1E3X429R720WMMTGMTTBQ1ABDZT } (xchess-core-v1:388)
{ bootstrap: u250000, event: "sponsorship-funded", expiry: u9175, funded-by: 'ST1PXSHZJDK862PABE15F07WSECNNF5BGA66MTG52, game: u55, rebate: u2000, rebates: u45, reserved: u90000, who: 'ST83QXSNCG4JYJ83HK62MJQ4QK7XP0R5ZHXKW9TN } (xchess-core-v1:388)
{ event: "game-opened", fee: u1000000, game: u56, height: u4856, opened-by: 'ST1PXSHZJDK862PABE15F07WSECNNF5BGA66MTG52, ranked: true, rules-hash: (some 0xabababababababababababababababababababababababababababababababab) } (xchess-core-v1:318)
{ event: "game-opened", fee: u1000000, game: u57, height: u4857, opened-by: 'ST85J1T8QBRRF1E3X429R720WMMTGMTTBQ1ABDZT, ranked: false, rules-hash: (some 0xabababababababababababababababababababababababababababababababab) } (xchess-core-v1:318)
{ event: "game-opened", fee: u1000000, game: u58, height: u4858, opened-by: 'ST5086KW72GKR8T8JKTH8NRGEP8HGCSQ0W3VKE87, ranked: false, rules-hash: (some 0xabababababababababababababababababababababababababababababababab) } (xchess-core-v1:318)
{ event: "entry-submitted", game: u58, height: u4859, sender: 'ST1PXSHZJDK862PABE15F07WSECNNF5BGA66MTG52, seq: u0, value: "zzzz" } (xchess-core-v1:565)
{ event: "entry-submitted", game: u57, height: u4861, sender: 'ST5086KW72GKR8T8JKTH8NRGEP8HGCSQ0W3VKE87, seq: u0, value: "draw?" } (xchess-core-v1:565)
{ event: "game-opened", fee: u1000000, game: u59, height: u5805, opened-by: 'ST5086KW72GKR8T8JKTH8NRGEP8HGCSQ0W3VKE87, ranked: true, rules-hash: (some 0xabababababababababababababababababababababababababababababababab) } (xchess-core-v1:318)
{ bootstrap: u250000, event: "sponsorship-funded", expiry: u10125, funded-by: 'ST5086KW72GKR8T8JKTH8NRGEP8HGCSQ0W3VKE87, game: u59, rebate: u2000, rebates: u45, reserved: u90000, who: 'ST85J1T8QBRRF1E3X429R720WMMTGMTTBQ1ABDZT } (xchess-core-v1:388)
{ bootstrap: u250000, event: "sponsorship-funded", expiry: u10125, funded-by: 'ST5086KW72GKR8T8JKTH8NRGEP8HGCSQ0W3VKE87, game: u59, rebate: u2000, rebates: u45, reserved: u90000, who: 'ST1PXSHZJDK862PABE15F07WSECNNF5BGA66MTG52 } (xchess-core-v1:388)
{ added: u90000, by: 'ST1PXSHZJDK862PABE15F07WSECNNF5BGA66MTG52, event: "sponsorship-topped-up", game: u30, rebates-added: u45, who: 'ST5086KW72GKR8T8JKTH8NRGEP8HGCSQ0W3VKE87 } (xchess-core-v1:474)
{ event: "entry-submitted", game: u56, height: u5807, sender: 'ST83QXSNCG4JYJ83HK62MJQ4QK7XP0R5ZHXKW9TN, seq: u0, value: "zzzz" } (xchess-core-v1:565)
{ added: u90000, by: 'ST5086KW72GKR8T8JKTH8NRGEP8HGCSQ0W3VKE87, event: "sponsorship-topped-up", game: u4, rebates-added: u45, who: 'ST83QXSNCG4JYJ83HK62MJQ4QK7XP0R5ZHXKW9TN } (xchess-core-v1:474)
{ event: "entry-submitted", game: u57, height: u5809, sender: 'ST83QXSNCG4JYJ83HK62MJQ4QK7XP0R5ZHXKW9TN, seq: u1, value: "e2e4" } (xchess-core-v1:565)
{ event: "entry-submitted", game: u57, height: u5810, sender: 'ST83QXSNCG4JYJ83HK62MJQ4QK7XP0R5ZHXKW9TN, seq: u2, value: "e2e4" } (xchess-core-v1:565)
{ amount: u17981250, by: 'ST2PZAQ88V19XWNZAVEGHKJ9MXECC9D73FCCKNB4Z, event: "withdrawn", to: 'ST2PZAQ88V19XWNZAVEGHKJ9MXECC9D73FCCKNB4Z } (xchess-core-v1:669)
{ event: "game-opened", fee: u1000000, game: u60, height: u5814, opened-by: 'ST83QXSNCG4JYJ83HK62MJQ4QK7XP0R5ZHXKW9TN, ranked: true, rules-hash: (some 0xabababababababababababababababababababababababababababababababab) } (xchess-core-v1:318)
{ bootstrap: u250000, event: "sponsorship-funded", expiry: u10134, funded-by: 'ST83QXSNCG4JYJ83HK62MJQ4QK7XP0R5ZHXKW9TN, game: u60, rebate: u2000, rebates: u45, reserved: u90000, who: 'ST1PXSHZJDK862PABE15F07WSECNNF5BGA66MTG52 } (xchess-core-v1:388)
{ added: u90000, by: 'ST85J1T8QBRRF1E3X429R720WMMTGMTTBQ1ABDZT, event: "sponsorship-topped-up", game: u59, rebates-added: u45, who: 'ST85J1T8QBRRF1E3X429R720WMMTGMTTBQ1ABDZT } (xchess-core-v1:474)
{ event: "entry-submitted", game: u60, height: u5816, sender: 'ST5086KW72GKR8T8JKTH8NRGEP8HGCSQ0W3VKE87, seq: u0, value: "zzzz" } (xchess-core-v1:565)
{ added: u90000, by: 'ST1PXSHZJDK862PABE15F07WSECNNF5BGA66MTG52, event: "sponsorship-topped-up", game: u20, rebates-added: u45, who: 'ST85J1T8QBRRF1E3X429R720WMMTGMTTBQ1ABDZT } (xchess-core-v1:474)
{ event: "entry-submitted", game: u56, height: u6397, sender: 'ST1PXSHZJDK862PABE15F07WSECNNF5BGA66MTG52, seq: u1, value: "zzzz" } (xchess-core-v1:565)
{ added: u90000, by: 'ST85J1T8QBRRF1E3X429R720WMMTGMTTBQ1ABDZT, event: "sponsorship-topped-up", game: u52, rebates-added: u45, who: 'ST5086KW72GKR8T8JKTH8NRGEP8HGCSQ0W3VKE87 } (xchess-core-v1:474)
{ event: "entry-submitted", game: u59, height: u6399, sender: 'ST3TRY6QNMZ18FD96BJHEG4KTWVF7AN5PAKDMRRFP, seq: u0, value: "zzzz" } (xchess-core-v1:565)
{ event: "game-opened", fee: u1000000, game: u61, height: u6400, opened-by: 'ST83QXSNCG4JYJ83HK62MJQ4QK7XP0R5ZHXKW9TN, ranked: false, rules-hash: (some 0xabababababababababababababababababababababababababababababababab) } (xchess-core-v1:318)
{ bootstrap: u250000, event: "sponsorship-funded", expiry: u10720, funded-by: 'ST83QXSNCG4JYJ83HK62MJQ4QK7XP0R5ZHXKW9TN, game: u61, rebate: u2000, rebates: u45, reserved: u90000, who: 'ST85J1T8QBRRF1E3X429R720WMMTGMTTBQ1ABDZT } (xchess-core-v1:388)
{ bootstrap: u250000, event: "sponsorship-funded", expiry: u10720, funded-by: 'ST83QXSNCG4JYJ83HK62MJQ4QK7XP0R5ZHXKW9TN, game: u61, rebate: u2000, rebates: u45, reserved: u90000, who: 'ST1PXSHZJDK862PABE15F07WSECNNF5BGA66MTG52 } (xchess-core-v1:388)
{ event: "game-opened", fee: u1000000, game: u62, height: u6401, opened-by: 'ST5086KW72GKR8T8JKTH8NRGEP8HGCSQ0W3VKE87, ranked: false, rules-hash: (some 0xabababababababababababababababababababababababababababababababab) } (xchess-core-v1:318)
{ bootstrap: u250000, event: "sponsorship-funded", expiry: u10721, funded-by: 'ST5086KW72GKR8T8JKTH8NRGEP8HGCSQ0W3VKE87, game: u62, rebate: u2000, rebates: u45, reserved: u90000, who: 'ST85J1T8QBRRF1E3X429R720WMMTGMTTBQ1ABDZT } (xchess-core-v1:388)
{ bootstrap: u250000, event: "sponsorship-funded", expiry: u10721, funded-by: 'ST5086KW72GKR8T8JKTH8NRGEP8HGCSQ0W3VKE87, game: u62, rebate: u2000, rebates: u45, reserved: u90000, who: 'ST1PXSHZJDK862PABE15F07WSECNNF5BGA66MTG52 } (xchess-core-v1:388)
{ event: "game-opened", fee: u1000000, game: u63, height: u6402, opened-by: 'ST5086KW72GKR8T8JKTH8NRGEP8HGCSQ0W3VKE87, ranked: false, rules-hash: (some 0xabababababababababababababababababababababababababababababababab) } (xchess-core-v1:318)
{ bootstrap: u250000, event: "sponsorship-funded", expiry: u10722, funded-by: 'ST5086KW72GKR8T8JKTH8NRGEP8HGCSQ0W3VKE87, game: u63, rebate: u2000, rebates: u45, reserved: u90000, who: 'ST1PXSHZJDK862PABE15F07WSECNNF5BGA66MTG52 } (xchess-core-v1:388)
{ amount: u11215625, by: 'ST2PZAQ88V19XWNZAVEGHKJ9MXECC9D73FCCKNB4Z, event: "withdrawn", to: 'ST2PZAQ88V19XWNZAVEGHKJ9MXECC9D73FCCKNB4Z } (xchess-core-v1:669)
{ event: "entry-submitted", game: u56, height: u6405, sender: 'ST85J1T8QBRRF1E3X429R720WMMTGMTTBQ1ABDZT, seq: u2, value: "e2e4" } (xchess-core-v1:565)
{ event: "game-opened", fee: u1000000, game: u64, height: u6406, opened-by: 'ST83QXSNCG4JYJ83HK62MJQ4QK7XP0R5ZHXKW9TN, ranked: true, rules-hash: (some 0xabababababababababababababababababababababababababababababababab) } (xchess-core-v1:318)
{ event: "game-opened", fee: u1000000, game: u65, height: u6408, opened-by: 'ST1PXSHZJDK862PABE15F07WSECNNF5BGA66MTG52, ranked: false, rules-hash: (some 0xabababababababababababababababababababababababababababababababab) } (xchess-core-v1:318)
{ bootstrap: u250000, event: "sponsorship-funded", expiry: u10728, funded-by: 'ST1PXSHZJDK862PABE15F07WSECNNF5BGA66MTG52, game: u65, rebate: u2000, rebates: u45, reserved: u90000, who: 'ST85J1T8QBRRF1E3X429R720WMMTGMTTBQ1ABDZT } (xchess-core-v1:388)
{ bootstrap: u250000, event: "sponsorship-funded", expiry: u10728, funded-by: 'ST1PXSHZJDK862PABE15F07WSECNNF5BGA66MTG52, game: u65, rebate: u2000, rebates: u45, reserved: u90000, who: 'ST83QXSNCG4JYJ83HK62MJQ4QK7XP0R5ZHXKW9TN } (xchess-core-v1:388)
{ amount: u6657812, by: 'ST2PZAQ88V19XWNZAVEGHKJ9MXECC9D73FCCKNB4Z, event: "withdrawn", to: 'ST2PZAQ88V19XWNZAVEGHKJ9MXECC9D73FCCKNB4Z } (xchess-core-v1:669)
{ event: "game-opened", fee: u1000000, game: u66, height: u6411, opened-by: 'ST83QXSNCG4JYJ83HK62MJQ4QK7XP0R5ZHXKW9TN, ranked: false, rules-hash: (some 0xabababababababababababababababababababababababababababababababab) } (xchess-core-v1:318)
{ bootstrap: u250000, event: "sponsorship-funded", expiry: u10731, funded-by: 'ST83QXSNCG4JYJ83HK62MJQ4QK7XP0R5ZHXKW9TN, game: u66, rebate: u2000, rebates: u45, reserved: u90000, who: 'ST5086KW72GKR8T8JKTH8NRGEP8HGCSQ0W3VKE87 } (xchess-core-v1:388)
{ event: "game-opened", fee: u1000000, game: u67, height: u6413, opened-by: 'ST83QXSNCG4JYJ83HK62MJQ4QK7XP0R5ZHXKW9TN, ranked: false, rules-hash: (some 0xabababababababababababababababababababababababababababababababab) } (xchess-core-v1:318)
{ event: "game-opened", fee: u1000000, game: u68, height: u6414, opened-by: 'ST1PXSHZJDK862PABE15F07WSECNNF5BGA66MTG52, ranked: false, rules-hash: (some 0xabababababababababababababababababababababababababababababababab) } (xchess-core-v1:318)
{ bootstrap: u250000, event: "sponsorship-funded", expiry: u10734, funded-by: 'ST1PXSHZJDK862PABE15F07WSECNNF5BGA66MTG52, game: u68, rebate: u2000, rebates: u45, reserved: u90000, who: 'ST5086KW72GKR8T8JKTH8NRGEP8HGCSQ0W3VKE87 } (xchess-core-v1:388)
{ event: "game-opened", fee: u1000000, game: u69, height: u8250, opened-by: 'ST5086KW72GKR8T8JKTH8NRGEP8HGCSQ0W3VKE87, ranked: false, rules-hash: (some 0xabababababababababababababababababababababababababababababababab) } (xchess-core-v1:318)
{ event: "entry-submitted", game: u56, height: u8252, sender: 'ST3TRY6QNMZ18FD96BJHEG4KTWVF7AN5PAKDMRRFP, seq: u3, value: "zzzz" } (xchess-core-v1:565)
{ event: "entry-submitted", game: u62, height: u8253, sender: 'ST5086KW72GKR8T8JKTH8NRGEP8HGCSQ0W3VKE87, seq: u0, value: "resgn" } (xchess-core-v1:565)
{ event: "game-opened", fee: u1000000, game: u70, height: u8254, opened-by: 'ST5086KW72GKR8T8JKTH8NRGEP8HGCSQ0W3VKE87, ranked: false, rules-hash: (some 0xabababababababababababababababababababababababababababababababab) } (xchess-core-v1:318)
{ bootstrap: u250000, event: "sponsorship-funded", expiry: u12574, funded-by: 'ST5086KW72GKR8T8JKTH8NRGEP8HGCSQ0W3VKE87, game: u70, rebate: u2000, rebates: u45, reserved: u90000, who: 'ST85J1T8QBRRF1E3X429R720WMMTGMTTBQ1ABDZT } (xchess-core-v1:388)
{ bootstrap: u250000, event: "sponsorship-funded", expiry: u12574, funded-by: 'ST5086KW72GKR8T8JKTH8NRGEP8HGCSQ0W3VKE87, game: u70, rebate: u2000, rebates: u45, reserved: u90000, who: 'ST1PXSHZJDK862PABE15F07WSECNNF5BGA66MTG52 } (xchess-core-v1:388)
{ event: "game-opened", fee: u1000000, game: u71, height: u8255, opened-by: 'ST85J1T8QBRRF1E3X429R720WMMTGMTTBQ1ABDZT, ranked: false, rules-hash: (some 0xabababababababababababababababababababababababababababababababab) } (xchess-core-v1:318)
{ bootstrap: u250000, event: "sponsorship-funded", expiry: u12575, funded-by: 'ST85J1T8QBRRF1E3X429R720WMMTGMTTBQ1ABDZT, game: u71, rebate: u2000, rebates: u45, reserved: u90000, who: 'ST1PXSHZJDK862PABE15F07WSECNNF5BGA66MTG52 } (xchess-core-v1:388)
{ bootstrap: u250000, event: "sponsorship-funded", expiry: u12575, funded-by: 'ST85J1T8QBRRF1E3X429R720WMMTGMTTBQ1ABDZT, game: u71, rebate: u2000, rebates: u45, reserved: u90000, who: 'ST83QXSNCG4JYJ83HK62MJQ4QK7XP0R5ZHXKW9TN } (xchess-core-v1:388)
{ event: "game-opened", fee: u1000000, game: u72, height: u8256, opened-by: 'ST5086KW72GKR8T8JKTH8NRGEP8HGCSQ0W3VKE87, ranked: false, rules-hash: (some 0xabababababababababababababababababababababababababababababababab) } (xchess-core-v1:318)
{ event: "entry-submitted", game: u66, height: u8257, sender: 'ST85J1T8QBRRF1E3X429R720WMMTGMTTBQ1ABDZT, seq: u0, value: "draw?" } (xchess-core-v1:565)
{ event: "game-opened", fee: u1000000, game: u73, height: u8258, opened-by: 'ST5086KW72GKR8T8JKTH8NRGEP8HGCSQ0W3VKE87, ranked: true, rules-hash: (some 0xabababababababababababababababababababababababababababababababab) } (xchess-core-v1:318)
{ event: "entry-submitted", game: u73, height: u8259, sender: 'ST83QXSNCG4JYJ83HK62MJQ4QK7XP0R5ZHXKW9TN, seq: u0, value: "zzzz" } (xchess-core-v1:565)
{ event: "entry-submitted", game: u73, height: u8260, sender: 'ST1PXSHZJDK862PABE15F07WSECNNF5BGA66MTG52, seq: u1, value: "draw?" } (xchess-core-v1:565)
{ event: "entry-submitted", game: u73, height: u8261, sender: 'ST85J1T8QBRRF1E3X429R720WMMTGMTTBQ1ABDZT, seq: u2, value: "resgn" } (xchess-core-v1:565)
{ event: "game-opened", fee: u1000000, game: u74, height: u8262, opened-by: 'ST5086KW72GKR8T8JKTH8NRGEP8HGCSQ0W3VKE87, ranked: true, rules-hash: (some 0xabababababababababababababababababababababababababababababababab) } (xchess-core-v1:318)
{ bootstrap: u250000, event: "sponsorship-funded", expiry: u12582, funded-by: 'ST5086KW72GKR8T8JKTH8NRGEP8HGCSQ0W3VKE87, game: u74, rebate: u2000, rebates: u45, reserved: u90000, who: 'ST85J1T8QBRRF1E3X429R720WMMTGMTTBQ1ABDZT } (xchess-core-v1:388)
{ bootstrap: u250000, event: "sponsorship-funded", expiry: u12582, funded-by: 'ST5086KW72GKR8T8JKTH8NRGEP8HGCSQ0W3VKE87, game: u74, rebate: u2000, rebates: u45, reserved: u90000, who: 'ST1PXSHZJDK862PABE15F07WSECNNF5BGA66MTG52 } (xchess-core-v1:388)
{ added: u90000, by: 'ST1PXSHZJDK862PABE15F07WSECNNF5BGA66MTG52, event: "sponsorship-topped-up", game: u59, rebates-added: u45, who: 'ST85J1T8QBRRF1E3X429R720WMMTGMTTBQ1ABDZT } (xchess-core-v1:474)
{ event: "game-opened", fee: u1000000, game: u75, height: u8264, opened-by: 'ST5086KW72GKR8T8JKTH8NRGEP8HGCSQ0W3VKE87, ranked: true, rules-hash: (some 0xabababababababababababababababababababababababababababababababab) } (xchess-core-v1:318)
{ event: "game-opened", fee: u1000000, game: u76, height: u8265, opened-by: 'ST85J1T8QBRRF1E3X429R720WMMTGMTTBQ1ABDZT, ranked: false, rules-hash: (some 0xabababababababababababababababababababababababababababababababab) } (xchess-core-v1:318)
{ bootstrap: u250000, event: "sponsorship-funded", expiry: u12585, funded-by: 'ST85J1T8QBRRF1E3X429R720WMMTGMTTBQ1ABDZT, game: u76, rebate: u2000, rebates: u45, reserved: u90000, who: 'ST83QXSNCG4JYJ83HK62MJQ4QK7XP0R5ZHXKW9TN } (xchess-core-v1:388)
{ event: "game-opened", fee: u1000000, game: u77, height: u8266, opened-by: 'ST85J1T8QBRRF1E3X429R720WMMTGMTTBQ1ABDZT, ranked: false, rules-hash: (some 0xabababababababababababababababababababababababababababababababab) } (xchess-core-v1:318)
{ bootstrap: u250000, event: "sponsorship-funded", expiry: u12586, funded-by: 'ST85J1T8QBRRF1E3X429R720WMMTGMTTBQ1ABDZT, game: u77, rebate: u2000, rebates: u45, reserved: u90000, who: 'ST3TRY6QNMZ18FD96BJHEG4KTWVF7AN5PAKDMRRFP } (xchess-core-v1:388)
{ event: "entry-submitted", game: u77, height: u8267, sender: 'ST1PXSHZJDK862PABE15F07WSECNNF5BGA66MTG52, seq: u0, value: "resgn" } (xchess-core-v1:565)
{ event: "game-opened", fee: u1000000, game: u78, height: u8268, opened-by: 'ST5086KW72GKR8T8JKTH8NRGEP8HGCSQ0W3VKE87, ranked: false, rules-hash: (some 0xabababababababababababababababababababababababababababababababab) } (xchess-core-v1:318)
{ bootstrap: u250000, event: "sponsorship-funded", expiry: u12588, funded-by: 'ST5086KW72GKR8T8JKTH8NRGEP8HGCSQ0W3VKE87, game: u78, rebate: u2000, rebates: u45, reserved: u90000, who: 'ST83QXSNCG4JYJ83HK62MJQ4QK7XP0R5ZHXKW9TN } (xchess-core-v1:388)
{ event: "entry-submitted", game: u77, height: u8269, sender: 'ST5086KW72GKR8T8JKTH8NRGEP8HGCSQ0W3VKE87, seq: u1, value: "e2e4" } (xchess-core-v1:565)
{ event: "entry-submitted", game: u76, height: u8270, sender: 'ST1PXSHZJDK862PABE15F07WSECNNF5BGA66MTG52, seq: u0, value: "draw?" } (xchess-core-v1:565)
{ event: "entry-submitted", game: u73, height: u8271, sender: 'ST3TRY6QNMZ18FD96BJHEG4KTWVF7AN5PAKDMRRFP, seq: u3, value: "resgn" } (xchess-core-v1:565)
{ event: "game-opened", fee: u1000000, game: u79, height: u8272, opened-by: 'ST5086KW72GKR8T8JKTH8NRGEP8HGCSQ0W3VKE87, ranked: true, rules-hash: (some 0xabababababababababababababababababababababababababababababababab) } (xchess-core-v1:318)
{ bootstrap: u250000, event: "sponsorship-funded", expiry: u12592, funded-by: 'ST5086KW72GKR8T8JKTH8NRGEP8HGCSQ0W3VKE87, game: u79, rebate: u2000, rebates: u45, reserved: u90000, who: 'ST85J1T8QBRRF1E3X429R720WMMTGMTTBQ1ABDZT } (xchess-core-v1:388)
{ bootstrap: u250000, event: "sponsorship-funded", expiry: u12592, funded-by: 'ST5086KW72GKR8T8JKTH8NRGEP8HGCSQ0W3VKE87, game: u79, rebate: u2000, rebates: u45, reserved: u90000, who: 'ST1PXSHZJDK862PABE15F07WSECNNF5BGA66MTG52 } (xchess-core-v1:388)
{ event: "game-opened", fee: u1000000, game: u80, height: u8273, opened-by: 'ST5086KW72GKR8T8JKTH8NRGEP8HGCSQ0W3VKE87, ranked: false, rules-hash: (some 0xabababababababababababababababababababababababababababababababab) } (xchess-core-v1:318)
{ bootstrap: u250000, event: "sponsorship-funded", expiry: u12593, funded-by: 'ST5086KW72GKR8T8JKTH8NRGEP8HGCSQ0W3VKE87, game: u80, rebate: u2000, rebates: u45, reserved: u90000, who: 'ST1PXSHZJDK862PABE15F07WSECNNF5BGA66MTG52 } (xchess-core-v1:388)
{ event: "game-opened", fee: u1000000, game: u81, height: u8274, opened-by: 'ST1PXSHZJDK862PABE15F07WSECNNF5BGA66MTG52, ranked: false, rules-hash: (some 0xabababababababababababababababababababababababababababababababab) } (xchess-core-v1:318)
{ event: "game-opened", fee: u1000000, game: u82, height: u8275, opened-by: 'ST83QXSNCG4JYJ83HK62MJQ4QK7XP0R5ZHXKW9TN, ranked: true, rules-hash: (some 0xabababababababababababababababababababababababababababababababab) } (xchess-core-v1:318)
{ bootstrap: u250000, event: "sponsorship-funded", expiry: u12595, funded-by: 'ST83QXSNCG4JYJ83HK62MJQ4QK7XP0R5ZHXKW9TN, game: u82, rebate: u2000, rebates: u45, reserved: u90000, who: 'ST85J1T8QBRRF1E3X429R720WMMTGMTTBQ1ABDZT } (xchess-core-v1:388)
{ bootstrap: u250000, event: "sponsorship-funded", expiry: u12595, funded-by: 'ST83QXSNCG4JYJ83HK62MJQ4QK7XP0R5ZHXKW9TN, game: u82, rebate: u2000, rebates: u45, reserved: u90000, who: 'ST1PXSHZJDK862PABE15F07WSECNNF5BGA66MTG52 } (xchess-core-v1:388)
{ event: "game-opened", fee: u1000000, game: u83, height: u8276, opened-by: 'ST83QXSNCG4JYJ83HK62MJQ4QK7XP0R5ZHXKW9TN, ranked: false, rules-hash: (some 0xabababababababababababababababababababababababababababababababab) } (xchess-core-v1:318)
{ event: "game-opened", fee: u1000000, game: u84, height: u8277, opened-by: 'ST5086KW72GKR8T8JKTH8NRGEP8HGCSQ0W3VKE87, ranked: false, rules-hash: (some 0xabababababababababababababababababababababababababababababababab) } (xchess-core-v1:318)
{ bootstrap: u250000, event: "sponsorship-funded", expiry: u12597, funded-by: 'ST5086KW72GKR8T8JKTH8NRGEP8HGCSQ0W3VKE87, game: u84, rebate: u2000, rebates: u45, reserved: u90000, who: 'ST85J1T8QBRRF1E3X429R720WMMTGMTTBQ1ABDZT } (xchess-core-v1:388)
{ amount: u13278906, by: 'ST2PZAQ88V19XWNZAVEGHKJ9MXECC9D73FCCKNB4Z, event: "withdrawn", to: 'ST2PZAQ88V19XWNZAVEGHKJ9MXECC9D73FCCKNB4Z } (xchess-core-v1:669)
{ event: "game-opened", fee: u1000000, game: u85, height: u8280, opened-by: 'ST83QXSNCG4JYJ83HK62MJQ4QK7XP0R5ZHXKW9TN, ranked: false, rules-hash: (some 0xabababababababababababababababababababababababababababababababab) } (xchess-core-v1:318)
{ bootstrap: u250000, event: "sponsorship-funded", expiry: u12600, funded-by: 'ST83QXSNCG4JYJ83HK62MJQ4QK7XP0R5ZHXKW9TN, game: u85, rebate: u2000, rebates: u45, reserved: u90000, who: 'ST85J1T8QBRRF1E3X429R720WMMTGMTTBQ1ABDZT } (xchess-core-v1:388)
{ bootstrap: u250000, event: "sponsorship-funded", expiry: u12600, funded-by: 'ST83QXSNCG4JYJ83HK62MJQ4QK7XP0R5ZHXKW9TN, game: u85, rebate: u2000, rebates: u45, reserved: u90000, who: 'ST1PXSHZJDK862PABE15F07WSECNNF5BGA66MTG52 } (xchess-core-v1:388)
{ event: "entry-submitted", game: u80, height: u8282, sender: 'ST85J1T8QBRRF1E3X429R720WMMTGMTTBQ1ABDZT, seq: u0, value: "resgn" } (xchess-core-v1:565)
{ event: "entry-submitted", game: u75, height: u8283, sender: 'ST1PXSHZJDK862PABE15F07WSECNNF5BGA66MTG52, seq: u0, value: "draw?" } (xchess-core-v1:565)
{ event: "game-opened", fee: u1000000, game: u86, height: u8284, opened-by: 'ST85J1T8QBRRF1E3X429R720WMMTGMTTBQ1ABDZT, ranked: false, rules-hash: (some 0xabababababababababababababababababababababababababababababababab) } (xchess-core-v1:318)
{ bootstrap: u250000, event: "sponsorship-funded", expiry: u12604, funded-by: 'ST85J1T8QBRRF1E3X429R720WMMTGMTTBQ1ABDZT, game: u86, rebate: u2000, rebates: u45, reserved: u90000, who: 'ST83QXSNCG4JYJ83HK62MJQ4QK7XP0R5ZHXKW9TN } (xchess-core-v1:388)
{ event: "entry-submitted", game: u78, height: u8285, sender: 'ST85J1T8QBRRF1E3X429R720WMMTGMTTBQ1ABDZT, seq: u0, value: "resgn" } (xchess-core-v1:565)
{ amount: u7714453, by: 'ST2PZAQ88V19XWNZAVEGHKJ9MXECC9D73FCCKNB4Z, event: "withdrawn", to: 'ST2PZAQ88V19XWNZAVEGHKJ9MXECC9D73FCCKNB4Z } (xchess-core-v1:669)
{ event: "game-opened", fee: u1000000, game: u87, height: u8288, opened-by: 'ST83QXSNCG4JYJ83HK62MJQ4QK7XP0R5ZHXKW9TN, ranked: false, rules-hash: (some 0xabababababababababababababababababababababababababababababababab) } (xchess-core-v1:318)
{ bootstrap: u250000, event: "sponsorship-funded", expiry: u12608, funded-by: 'ST83QXSNCG4JYJ83HK62MJQ4QK7XP0R5ZHXKW9TN, game: u87, rebate: u2000, rebates: u45, reserved: u90000, who: 'ST85J1T8QBRRF1E3X429R720WMMTGMTTBQ1ABDZT } (xchess-core-v1:388)
{ bootstrap: u250000, event: "sponsorship-funded", expiry: u12608, funded-by: 'ST83QXSNCG4JYJ83HK62MJQ4QK7XP0R5ZHXKW9TN, game: u87, rebate: u2000, rebates: u45, reserved: u90000, who: 'ST1PXSHZJDK862PABE15F07WSECNNF5BGA66MTG52 } (xchess-core-v1:388)
{ event: "game-opened", fee: u1000000, game: u88, height: u8289, opened-by: 'ST5086KW72GKR8T8JKTH8NRGEP8HGCSQ0W3VKE87, ranked: false, rules-hash: (some 0xabababababababababababababababababababababababababababababababab) } (xchess-core-v1:318)
{ event: "entry-submitted", game: u74, height: u8290, sender: 'ST1PXSHZJDK862PABE15F07WSECNNF5BGA66MTG52, seq: u0, value: "resgn" } (xchess-core-v1:565)
{ amount: u2000, event: "rebate-paid", game: u74, rebates-left: u44, who: 'ST1PXSHZJDK862PABE15F07WSECNNF5BGA66MTG52 } (xchess-core-v1:525)
{ event: "game-opened", fee: u1000000, game: u89, height: u8291, opened-by: 'ST1PXSHZJDK862PABE15F07WSECNNF5BGA66MTG52, ranked: false, rules-hash: (some 0xabababababababababababababababababababababababababababababababab) } (xchess-core-v1:318)
{ event: "game-opened", fee: u1000000, game: u90, height: u8292, opened-by: 'ST5086KW72GKR8T8JKTH8NRGEP8HGCSQ0W3VKE87, ranked: true, rules-hash: (some 0xabababababababababababababababababababababababababababababababab) } (xchess-core-v1:318)
{ bootstrap: u250000, event: "sponsorship-funded", expiry: u12612, funded-by: 'ST5086KW72GKR8T8JKTH8NRGEP8HGCSQ0W3VKE87, game: u90, rebate: u2000, rebates: u45, reserved: u90000, who: 'ST85J1T8QBRRF1E3X429R720WMMTGMTTBQ1ABDZT } (xchess-core-v1:388)
{ bootstrap: u250000, event: "sponsorship-funded", expiry: u12612, funded-by: 'ST5086KW72GKR8T8JKTH8NRGEP8HGCSQ0W3VKE87, game: u90, rebate: u2000, rebates: u45, reserved: u90000, who: 'ST1PXSHZJDK862PABE15F07WSECNNF5BGA66MTG52 } (xchess-core-v1:388)
{ added: u90000, by: 'ST83QXSNCG4JYJ83HK62MJQ4QK7XP0R5ZHXKW9TN, event: "sponsorship-topped-up", game: u8, rebates-added: u45, who: 'ST85J1T8QBRRF1E3X429R720WMMTGMTTBQ1ABDZT } (xchess-core-v1:474)
{ added: u90000, by: 'ST83QXSNCG4JYJ83HK62MJQ4QK7XP0R5ZHXKW9TN, event: "sponsorship-topped-up", game: u18, rebates-added: u45, who: 'ST1PXSHZJDK862PABE15F07WSECNNF5BGA66MTG52 } (xchess-core-v1:474)
{ event: "game-opened", fee: u1000000, game: u91, height: u8295, opened-by: 'ST1PXSHZJDK862PABE15F07WSECNNF5BGA66MTG52, ranked: false, rules-hash: (some 0xabababababababababababababababababababababababababababababababab) } (xchess-core-v1:318)
{ event: "game-opened", fee: u1000000, game: u92, height: u8296, opened-by: 'ST83QXSNCG4JYJ83HK62MJQ4QK7XP0R5ZHXKW9TN, ranked: true, rules-hash: (some 0xabababababababababababababababababababababababababababababababab) } (xchess-core-v1:318)
{ bootstrap: u250000, event: "sponsorship-funded", expiry: u12616, funded-by: 'ST83QXSNCG4JYJ83HK62MJQ4QK7XP0R5ZHXKW9TN, game: u92, rebate: u2000, rebates: u45, reserved: u90000, who: 'ST85J1T8QBRRF1E3X429R720WMMTGMTTBQ1ABDZT } (xchess-core-v1:388)
{ event: "entry-submitted", game: u87, height: u9584, sender: 'ST85J1T8QBRRF1E3X429R720WMMTGMTTBQ1ABDZT, seq: u0, value: "zzzz" } (xchess-core-v1:565)
{ amount: u2000, event: "rebate-paid", game: u87, rebates-left: u44, who: 'ST85J1T8QBRRF1E3X429R720WMMTGMTTBQ1ABDZT } (xchess-core-v1:525)
{ event: "entry-submitted", game: u73, height: u9585, sender: 'ST85J1T8QBRRF1E3X429R720WMMTGMTTBQ1ABDZT, seq: u4, value: "resgn" } (xchess-core-v1:565)
{ event: "game-opened", fee: u1000000, game: u93, height: u9586, opened-by: 'ST83QXSNCG4JYJ83HK62MJQ4QK7XP0R5ZHXKW9TN, ranked: false, rules-hash: (some 0xabababababababababababababababababababababababababababababababab) } (xchess-core-v1:318)
{ bootstrap: u250000, event: "sponsorship-funded", expiry: u13906, funded-by: 'ST83QXSNCG4JYJ83HK62MJQ4QK7XP0R5ZHXKW9TN, game: u93, rebate: u2000, rebates: u45, reserved: u90000, who: 'ST85J1T8QBRRF1E3X429R720WMMTGMTTBQ1ABDZT } (xchess-core-v1:388)
{ bootstrap: u250000, event: "sponsorship-funded", expiry: u13906, funded-by: 'ST83QXSNCG4JYJ83HK62MJQ4QK7XP0R5ZHXKW9TN, game: u93, rebate: u2000, rebates: u45, reserved: u90000, who: 'ST1PXSHZJDK862PABE15F07WSECNNF5BGA66MTG52 } (xchess-core-v1:388)
{ event: "entry-submitted", game: u91, height: u9587, sender: 'ST5086KW72GKR8T8JKTH8NRGEP8HGCSQ0W3VKE87, seq: u0, value: "resgn" } (xchess-core-v1:565)
{ event: "game-opened", fee: u1000000, game: u94, height: u9588, opened-by: 'ST85J1T8QBRRF1E3X429R720WMMTGMTTBQ1ABDZT, ranked: true, rules-hash: (some 0xabababababababababababababababababababababababababababababababab) } (xchess-core-v1:318)
{ event: "game-opened", fee: u1000000, game: u95, height: u9589, opened-by: 'ST5086KW72GKR8T8JKTH8NRGEP8HGCSQ0W3VKE87, ranked: true, rules-hash: (some 0xabababababababababababababababababababababababababababababababab) } (xchess-core-v1:318)
{ bootstrap: u250000, event: "sponsorship-funded", expiry: u13909, funded-by: 'ST5086KW72GKR8T8JKTH8NRGEP8HGCSQ0W3VKE87, game: u95, rebate: u2000, rebates: u45, reserved: u90000, who: 'ST1PXSHZJDK862PABE15F07WSECNNF5BGA66MTG52 } (xchess-core-v1:388)
{ added: u90000, by: 'ST1PXSHZJDK862PABE15F07WSECNNF5BGA66MTG52, event: "sponsorship-topped-up", game: u61, rebates-added: u45, who: 'ST85J1T8QBRRF1E3X429R720WMMTGMTTBQ1ABDZT } (xchess-core-v1:474)
{ event: "game-opened", fee: u1000000, game: u96, height: u9591, opened-by: 'ST85J1T8QBRRF1E3X429R720WMMTGMTTBQ1ABDZT, ranked: false, rules-hash: (some 0xabababababababababababababababababababababababababababababababab) } (xchess-core-v1:318)
{ event: "game-opened", fee: u1000000, game: u97, height: u9592, opened-by: 'ST83QXSNCG4JYJ83HK62MJQ4QK7XP0R5ZHXKW9TN, ranked: true, rules-hash: (some 0xabababababababababababababababababababababababababababababababab) } (xchess-core-v1:318)
{ bootstrap: u250000, event: "sponsorship-funded", expiry: u13912, funded-by: 'ST83QXSNCG4JYJ83HK62MJQ4QK7XP0R5ZHXKW9TN, game: u97, rebate: u2000, rebates: u45, reserved: u90000, who: 'ST85J1T8QBRRF1E3X429R720WMMTGMTTBQ1ABDZT } (xchess-core-v1:388)
{ amount: u9657227, by: 'ST2PZAQ88V19XWNZAVEGHKJ9MXECC9D73FCCKNB4Z, event: "withdrawn", to: 'ST2PZAQ88V19XWNZAVEGHKJ9MXECC9D73FCCKNB4Z } (xchess-core-v1:669)
{ amount: u4828613, by: 'ST2PZAQ88V19XWNZAVEGHKJ9MXECC9D73FCCKNB4Z, event: "withdrawn", to: 'ST2PZAQ88V19XWNZAVEGHKJ9MXECC9D73FCCKNB4Z } (xchess-core-v1:669)
{ event: "entry-submitted", game: u96, height: u10018, sender: 'ST85J1T8QBRRF1E3X429R720WMMTGMTTBQ1ABDZT, seq: u0, value: "resgn" } (xchess-core-v1:565)
{ added: u90000, by: 'ST1PXSHZJDK862PABE15F07WSECNNF5BGA66MTG52, event: "sponsorship-topped-up", game: u65, rebates-added: u45, who: 'ST85J1T8QBRRF1E3X429R720WMMTGMTTBQ1ABDZT } (xchess-core-v1:474)
{ event: "entry-submitted", game: u96, height: u10020, sender: 'ST3TRY6QNMZ18FD96BJHEG4KTWVF7AN5PAKDMRRFP, seq: u1, value: "draw?" } (xchess-core-v1:565)
{ event: "game-opened", fee: u1000000, game: u98, height: u10021, opened-by: 'ST5086KW72GKR8T8JKTH8NRGEP8HGCSQ0W3VKE87, ranked: false, rules-hash: (some 0xabababababababababababababababababababababababababababababababab) } (xchess-core-v1:318)
{ bootstrap: u250000, event: "sponsorship-funded", expiry: u14341, funded-by: 'ST5086KW72GKR8T8JKTH8NRGEP8HGCSQ0W3VKE87, game: u98, rebate: u2000, rebates: u45, reserved: u90000, who: 'ST3TRY6QNMZ18FD96BJHEG4KTWVF7AN5PAKDMRRFP } (xchess-core-v1:388)
{ event: "entry-submitted", game: u98, height: u10022, sender: 'ST3TRY6QNMZ18FD96BJHEG4KTWVF7AN5PAKDMRRFP, seq: u0, value: "draw?" } (xchess-core-v1:565)
{ amount: u2000, event: "rebate-paid", game: u98, rebates-left: u44, who: 'ST3TRY6QNMZ18FD96BJHEG4KTWVF7AN5PAKDMRRFP } (xchess-core-v1:525)
{ event: "game-opened", fee: u1000000, game: u99, height: u10023, opened-by: 'ST83QXSNCG4JYJ83HK62MJQ4QK7XP0R5ZHXKW9TN, ranked: true, rules-hash: (some 0xabababababababababababababababababababababababababababababababab) } (xchess-core-v1:318)
{ bootstrap: u250000, event: "sponsorship-funded", expiry: u14343, funded-by: 'ST83QXSNCG4JYJ83HK62MJQ4QK7XP0R5ZHXKW9TN, game: u99, rebate: u2000, rebates: u45, reserved: u90000, who: 'ST85J1T8QBRRF1E3X429R720WMMTGMTTBQ1ABDZT } (xchess-core-v1:388)
{ event: "game-opened", fee: u1000000, game: u100, height: u10024, opened-by: 'ST5086KW72GKR8T8JKTH8NRGEP8HGCSQ0W3VKE87, ranked: false, rules-hash: (some 0xabababababababababababababababababababababababababababababababab) } (xchess-core-v1:318)
{ bootstrap: u250000, event: "sponsorship-funded", expiry: u14344, funded-by: 'ST5086KW72GKR8T8JKTH8NRGEP8HGCSQ0W3VKE87, game: u100, rebate: u2000, rebates: u45, reserved: u90000, who: 'ST1PXSHZJDK862PABE15F07WSECNNF5BGA66MTG52 } (xchess-core-v1:388)
{ event: "entry-submitted", game: u100, height: u10025, sender: 'ST83QXSNCG4JYJ83HK62MJQ4QK7XP0R5ZHXKW9TN, seq: u0, value: "draw?" } (xchess-core-v1:565)
{ event: "entry-submitted", game: u98, height: u10026, sender: 'ST1PXSHZJDK862PABE15F07WSECNNF5BGA66MTG52, seq: u1, value: "draw?" } (xchess-core-v1:565)
{ added: u90000, by: 'ST1PXSHZJDK862PABE15F07WSECNNF5BGA66MTG52, event: "sponsorship-topped-up", game: u20, rebates-added: u45, who: 'ST85J1T8QBRRF1E3X429R720WMMTGMTTBQ1ABDZT } (xchess-core-v1:474)
{ event: "entry-submitted", game: u99, height: u10028, sender: 'ST85J1T8QBRRF1E3X429R720WMMTGMTTBQ1ABDZT, seq: u0, value: "resgn" } (xchess-core-v1:565)
{ amount: u2000, event: "rebate-paid", game: u99, rebates-left: u44, who: 'ST85J1T8QBRRF1E3X429R720WMMTGMTTBQ1ABDZT } (xchess-core-v1:525)
{ event: "game-opened", fee: u1000000, game: u101, height: u10029, opened-by: 'ST1PXSHZJDK862PABE15F07WSECNNF5BGA66MTG52, ranked: false, rules-hash: (some 0xabababababababababababababababababababababababababababababababab) } (xchess-core-v1:318)
{ bootstrap: u250000, event: "sponsorship-funded", expiry: u14349, funded-by: 'ST1PXSHZJDK862PABE15F07WSECNNF5BGA66MTG52, game: u101, rebate: u2000, rebates: u45, reserved: u90000, who: 'ST85J1T8QBRRF1E3X429R720WMMTGMTTBQ1ABDZT } (xchess-core-v1:388)
{ bootstrap: u250000, event: "sponsorship-funded", expiry: u14349, funded-by: 'ST1PXSHZJDK862PABE15F07WSECNNF5BGA66MTG52, game: u101, rebate: u2000, rebates: u45, reserved: u90000, who: 'ST83QXSNCG4JYJ83HK62MJQ4QK7XP0R5ZHXKW9TN } (xchess-core-v1:388)
{ event: "game-opened", fee: u1000000, game: u102, height: u10030, opened-by: 'ST1PXSHZJDK862PABE15F07WSECNNF5BGA66MTG52, ranked: false, rules-hash: (some 0xabababababababababababababababababababababababababababababababab) } (xchess-core-v1:318)
{ bootstrap: u250000, event: "sponsorship-funded", expiry: u14350, funded-by: 'ST1PXSHZJDK862PABE15F07WSECNNF5BGA66MTG52, game: u102, rebate: u2000, rebates: u45, reserved: u90000, who: 'ST85J1T8QBRRF1E3X429R720WMMTGMTTBQ1ABDZT } (xchess-core-v1:388)
{ event: "game-opened", fee: u1000000, game: u103, height: u10031, opened-by: 'ST5086KW72GKR8T8JKTH8NRGEP8HGCSQ0W3VKE87, ranked: false, rules-hash: (some 0xabababababababababababababababababababababababababababababababab) } (xchess-core-v1:318)
{ event: "game-opened", fee: u1000000, game: u104, height: u10032, opened-by: 'ST1PXSHZJDK862PABE15F07WSECNNF5BGA66MTG52, ranked: false, rules-hash: (some 0xabababababababababababababababababababababababababababababababab) } (xchess-core-v1:318)
{ event: "game-opened", fee: u1000000, game: u105, height: u10033, opened-by: 'ST1PXSHZJDK862PABE15F07WSECNNF5BGA66MTG52, ranked: false, rules-hash: (some 0xabababababababababababababababababababababababababababababababab) } (xchess-core-v1:318)
{ event: "game-opened", fee: u1000000, game: u106, height: u10034, opened-by: 'ST1PXSHZJDK862PABE15F07WSECNNF5BGA66MTG52, ranked: false, rules-hash: (some 0xabababababababababababababababababababababababababababababababab) } (xchess-core-v1:318)
{ bootstrap: u250000, event: "sponsorship-funded", expiry: u14354, funded-by: 'ST1PXSHZJDK862PABE15F07WSECNNF5BGA66MTG52, game: u106, rebate: u2000, rebates: u45, reserved: u90000, who: 'ST85J1T8QBRRF1E3X429R720WMMTGMTTBQ1ABDZT } (xchess-core-v1:388)
{ bootstrap: u250000, event: "sponsorship-funded", expiry: u14354, funded-by: 'ST1PXSHZJDK862PABE15F07WSECNNF5BGA66MTG52, game: u106, rebate: u2000, rebates: u45, reserved: u90000, who: 'ST83QXSNCG4JYJ83HK62MJQ4QK7XP0R5ZHXKW9TN } (xchess-core-v1:388)
{ event: "game-opened", fee: u1000000, game: u107, height: u10035, opened-by: 'ST85J1T8QBRRF1E3X429R720WMMTGMTTBQ1ABDZT, ranked: false, rules-hash: (some 0xabababababababababababababababababababababababababababababababab) } (xchess-core-v1:318)
{ bootstrap: u250000, event: "sponsorship-funded", expiry: u14355, funded-by: 'ST85J1T8QBRRF1E3X429R720WMMTGMTTBQ1ABDZT, game: u107, rebate: u2000, rebates: u45, reserved: u90000, who: 'ST5086KW72GKR8T8JKTH8NRGEP8HGCSQ0W3VKE87 } (xchess-core-v1:388)
{ event: "entry-submitted", game: u106, height: u10036, sender: 'ST85J1T8QBRRF1E3X429R720WMMTGMTTBQ1ABDZT, seq: u0, value: "zzzz" } (xchess-core-v1:565)
{ amount: u2000, event: "rebate-paid", game: u106, rebates-left: u44, who: 'ST85J1T8QBRRF1E3X429R720WMMTGMTTBQ1ABDZT } (xchess-core-v1:525)
{ event: "entry-submitted", game: u104, height: u10037, sender: 'ST85J1T8QBRRF1E3X429R720WMMTGMTTBQ1ABDZT, seq: u0, value: "e2e4" } (xchess-core-v1:565)
{ event: "entry-submitted", game: u99, height: u10039, sender: 'ST5086KW72GKR8T8JKTH8NRGEP8HGCSQ0W3VKE87, seq: u1, value: "zzzz" } (xchess-core-v1:565)
{ event: "game-opened", fee: u1000000, game: u108, height: u10041, opened-by: 'ST83QXSNCG4JYJ83HK62MJQ4QK7XP0R5ZHXKW9TN, ranked: false, rules-hash: (some 0xabababababababababababababababababababababababababababababababab) } (xchess-core-v1:318)
{ bootstrap: u250000, event: "sponsorship-funded", expiry: u14361, funded-by: 'ST83QXSNCG4JYJ83HK62MJQ4QK7XP0R5ZHXKW9TN, game: u108, rebate: u2000, rebates: u45, reserved: u90000, who: 'ST1PXSHZJDK862PABE15F07WSECNNF5BGA66MTG52 } (xchess-core-v1:388)
{ event: "game-opened", fee: u1000000, game: u109, height: u10042, opened-by: 'ST85J1T8QBRRF1E3X429R720WMMTGMTTBQ1ABDZT, ranked: false, rules-hash: (some 0xabababababababababababababababababababababababababababababababab) } (xchess-core-v1:318)
{ bootstrap: u250000, event: "sponsorship-funded", expiry: u14362, funded-by: 'ST85J1T8QBRRF1E3X429R720WMMTGMTTBQ1ABDZT, game: u109, rebate: u2000, rebates: u45, reserved: u90000, who: 'ST1PXSHZJDK862PABE15F07WSECNNF5BGA66MTG52 } (xchess-core-v1:388)
{ event: "game-opened", fee: u1000000, game: u110, height: u10043, opened-by: 'ST83QXSNCG4JYJ83HK62MJQ4QK7XP0R5ZHXKW9TN, ranked: true, rules-hash: (some 0xabababababababababababababababababababababababababababababababab) } (xchess-core-v1:318)
{ bootstrap: u250000, event: "sponsorship-funded", expiry: u14363, funded-by: 'ST83QXSNCG4JYJ83HK62MJQ4QK7XP0R5ZHXKW9TN, game: u110, rebate: u2000, rebates: u45, reserved: u90000, who: 'ST5086KW72GKR8T8JKTH8NRGEP8HGCSQ0W3VKE87 } (xchess-core-v1:388)
{ event: "entry-submitted", game: u96, height: u10044, sender: 'ST3TRY6QNMZ18FD96BJHEG4KTWVF7AN5PAKDMRRFP, seq: u2, value: "resgn" } (xchess-core-v1:565)
{ added: u90000, by: 'ST5086KW72GKR8T8JKTH8NRGEP8HGCSQ0W3VKE87, event: "sponsorship-topped-up", game: u92, rebates-added: u45, who: 'ST85J1T8QBRRF1E3X429R720WMMTGMTTBQ1ABDZT } (xchess-core-v1:474)
{ event: "entry-submitted", game: u106, height: u10046, sender: 'ST85J1T8QBRRF1E3X429R720WMMTGMTTBQ1ABDZT, seq: u1, value: "resgn" } (xchess-core-v1:565)
{ amount: u2000, event: "rebate-paid", game: u106, rebates-left: u43, who: 'ST85J1T8QBRRF1E3X429R720WMMTGMTTBQ1ABDZT } (xchess-core-v1:525)
{ by: 'ST83QXSNCG4JYJ83HK62MJQ4QK7XP0R5ZHXKW9TN, event: "sponsorship-settled", game: u23, released: u90000, who: 'ST83QXSNCG4JYJ83HK62MJQ4QK7XP0R5ZHXKW9TN } (xchess-core-v1:606)
{ event: "game-opened", fee: u1000000, game: u111, height: u10048, opened-by: 'ST1PXSHZJDK862PABE15F07WSECNNF5BGA66MTG52, ranked: true, rules-hash: (some 0xabababababababababababababababababababababababababababababababab) } (xchess-core-v1:318)
{ event: "game-opened", fee: u1000000, game: u112, height: u10049, opened-by: 'ST5086KW72GKR8T8JKTH8NRGEP8HGCSQ0W3VKE87, ranked: false, rules-hash: (some 0xabababababababababababababababababababababababababababababababab) } (xchess-core-v1:318)
{ bootstrap: u250000, event: "sponsorship-funded", expiry: u14369, funded-by: 'ST5086KW72GKR8T8JKTH8NRGEP8HGCSQ0W3VKE87, game: u112, rebate: u2000, rebates: u45, reserved: u90000, who: 'ST83QXSNCG4JYJ83HK62MJQ4QK7XP0R5ZHXKW9TN } (xchess-core-v1:388)
{ event: "game-opened", fee: u1000000, game: u113, height: u10050, opened-by: 'ST5086KW72GKR8T8JKTH8NRGEP8HGCSQ0W3VKE87, ranked: false, rules-hash: (some 0xabababababababababababababababababababababababababababababababab) } (xchess-core-v1:318)
{ bootstrap: u250000, event: "sponsorship-funded", expiry: u14370, funded-by: 'ST5086KW72GKR8T8JKTH8NRGEP8HGCSQ0W3VKE87, game: u113, rebate: u2000, rebates: u45, reserved: u90000, who: 'ST3TRY6QNMZ18FD96BJHEG4KTWVF7AN5PAKDMRRFP } (xchess-core-v1:388)
{ event: "entry-submitted", game: u109, height: u10051, sender: 'ST1PXSHZJDK862PABE15F07WSECNNF5BGA66MTG52, seq: u0, value: "resgn" } (xchess-core-v1:565)
{ amount: u2000, event: "rebate-paid", game: u109, rebates-left: u44, who: 'ST1PXSHZJDK862PABE15F07WSECNNF5BGA66MTG52 } (xchess-core-v1:525)
{ event: "entry-submitted", game: u105, height: u10052, sender: 'ST5086KW72GKR8T8JKTH8NRGEP8HGCSQ0W3VKE87, seq: u0, value: "draw?" } (xchess-core-v1:565)
{ event: "game-opened", fee: u1000000, game: u114, height: u10053, opened-by: 'ST1PXSHZJDK862PABE15F07WSECNNF5BGA66MTG52, ranked: false, rules-hash: (some 0xabababababababababababababababababababababababababababababababab) } (xchess-core-v1:318)
{ event: "game-opened", fee: u1000000, game: u115, height: u10054, opened-by: 'ST85J1T8QBRRF1E3X429R720WMMTGMTTBQ1ABDZT, ranked: false, rules-hash: (some 0xabababababababababababababababababababababababababababababababab) } (xchess-core-v1:318)
{ event: "entry-submitted", game: u115, height: u10055, sender: 'ST85J1T8QBRRF1E3X429R720WMMTGMTTBQ1ABDZT, seq: u0, value: "draw?" } (xchess-core-v1:565)
{ event: "game-opened", fee: u1000000, game: u116, height: u10056, opened-by: 'ST1PXSHZJDK862PABE15F07WSECNNF5BGA66MTG52, ranked: false, rules-hash: (some 0xabababababababababababababababababababababababababababababababab) } (xchess-core-v1:318)
{ bootstrap: u250000, event: "sponsorship-funded", expiry: u14376, funded-by: 'ST1PXSHZJDK862PABE15F07WSECNNF5BGA66MTG52, game: u116, rebate: u2000, rebates: u45, reserved: u90000, who: 'ST85J1T8QBRRF1E3X429R720WMMTGMTTBQ1ABDZT } (xchess-core-v1:388)
{ bootstrap: u250000, event: "sponsorship-funded", expiry: u14376, funded-by: 'ST1PXSHZJDK862PABE15F07WSECNNF5BGA66MTG52, game: u116, rebate: u2000, rebates: u45, reserved: u90000, who: 'ST83QXSNCG4JYJ83HK62MJQ4QK7XP0R5ZHXKW9TN } (xchess-core-v1:388)
{ event: "game-opened", fee: u1000000, game: u117, height: u10057, opened-by: 'ST85J1T8QBRRF1E3X429R720WMMTGMTTBQ1ABDZT, ranked: false, rules-hash: (some 0xabababababababababababababababababababababababababababababababab) } (xchess-core-v1:318)
{ bootstrap: u250000, event: "sponsorship-funded", expiry: u14377, funded-by: 'ST85J1T8QBRRF1E3X429R720WMMTGMTTBQ1ABDZT, game: u117, rebate: u2000, rebates: u45, reserved: u90000, who: 'ST1PXSHZJDK862PABE15F07WSECNNF5BGA66MTG52 } (xchess-core-v1:388)
{ bootstrap: u250000, event: "sponsorship-funded", expiry: u14377, funded-by: 'ST85J1T8QBRRF1E3X429R720WMMTGMTTBQ1ABDZT, game: u117, rebate: u2000, rebates: u45, reserved: u90000, who: 'ST83QXSNCG4JYJ83HK62MJQ4QK7XP0R5ZHXKW9TN } (xchess-core-v1:388)
{ event: "game-opened", fee: u1000000, game: u118, height: u10058, opened-by: 'ST85J1T8QBRRF1E3X429R720WMMTGMTTBQ1ABDZT, ranked: false, rules-hash: (some 0xabababababababababababababababababababababababababababababababab) } (xchess-core-v1:318)
{ event: "entry-submitted", game: u118, height: u10059, sender: 'ST83QXSNCG4JYJ83HK62MJQ4QK7XP0R5ZHXKW9TN, seq: u0, value: "resgn" } (xchess-core-v1:565)
{ event: "game-opened", fee: u1000000, game: u119, height: u10060, opened-by: 'ST83QXSNCG4JYJ83HK62MJQ4QK7XP0R5ZHXKW9TN, ranked: true, rules-hash: (some 0xabababababababababababababababababababababababababababababababab) } (xchess-core-v1:318)
{ bootstrap: u250000, event: "sponsorship-funded", expiry: u14380, funded-by: 'ST83QXSNCG4JYJ83HK62MJQ4QK7XP0R5ZHXKW9TN, game: u119, rebate: u2000, rebates: u45, reserved: u90000, who: 'ST5086KW72GKR8T8JKTH8NRGEP8HGCSQ0W3VKE87 } (xchess-core-v1:388)
{ event: "game-opened", fee: u1000000, game: u120, height: u10061, opened-by: 'ST5086KW72GKR8T8JKTH8NRGEP8HGCSQ0W3VKE87, ranked: true, rules-hash: (some 0xabababababababababababababababababababababababababababababababab) } (xchess-core-v1:318)
{ bootstrap: u250000, event: "sponsorship-funded", expiry: u14381, funded-by: 'ST5086KW72GKR8T8JKTH8NRGEP8HGCSQ0W3VKE87, game: u120, rebate: u2000, rebates: u45, reserved: u90000, who: 'ST83QXSNCG4JYJ83HK62MJQ4QK7XP0R5ZHXKW9TN } (xchess-core-v1:388)
{ event: "entry-submitted", game: u118, height: u10062, sender: 'ST83QXSNCG4JYJ83HK62MJQ4QK7XP0R5ZHXKW9TN, seq: u1, value: "resgn" } (xchess-core-v1:565)
{ by: 'ST85J1T8QBRRF1E3X429R720WMMTGMTTBQ1ABDZT, event: "sponsorship-settled", game: u23, released: u90000, who: 'ST1PXSHZJDK862PABE15F07WSECNNF5BGA66MTG52 } (xchess-core-v1:606)
{ event: "game-opened", fee: u1000000, game: u121, height: u10560, opened-by: 'ST1PXSHZJDK862PABE15F07WSECNNF5BGA66MTG52, ranked: false, rules-hash: (some 0xabababababababababababababababababababababababababababababababab) } (xchess-core-v1:318)
{ bootstrap: u250000, event: "sponsorship-funded", expiry: u14880, funded-by: 'ST1PXSHZJDK862PABE15F07WSECNNF5BGA66MTG52, game: u121, rebate: u2000, rebates: u45, reserved: u90000, who: 'ST5086KW72GKR8T8JKTH8NRGEP8HGCSQ0W3VKE87 } (xchess-core-v1:388)
{ event: "game-opened", fee: u1000000, game: u122, height: u10561, opened-by: 'ST5086KW72GKR8T8JKTH8NRGEP8HGCSQ0W3VKE87, ranked: false, rules-hash: (some 0xabababababababababababababababababababababababababababababababab) } (xchess-core-v1:318)
{ event: "entry-submitted", game: u121, height: u10562, sender: 'ST3TRY6QNMZ18FD96BJHEG4KTWVF7AN5PAKDMRRFP, seq: u0, value: "zzzz" } (xchess-core-v1:565)
{ amount: u15604307, by: 'ST2PZAQ88V19XWNZAVEGHKJ9MXECC9D73FCCKNB4Z, event: "withdrawn", to: 'ST2PZAQ88V19XWNZAVEGHKJ9MXECC9D73FCCKNB4Z } (xchess-core-v1:669)
{ added: u90000, by: 'ST85J1T8QBRRF1E3X429R720WMMTGMTTBQ1ABDZT, event: "sponsorship-topped-up", game: u4, rebates-added: u45, who: 'ST83QXSNCG4JYJ83HK62MJQ4QK7XP0R5ZHXKW9TN } (xchess-core-v1:474)
{ event: "game-opened", fee: u1000000, game: u123, height: u10566, opened-by: 'ST1PXSHZJDK862PABE15F07WSECNNF5BGA66MTG52, ranked: true, rules-hash: (some 0xabababababababababababababababababababababababababababababababab) } (xchess-core-v1:318)
{ bootstrap: u250000, event: "sponsorship-funded", expiry: u14886, funded-by: 'ST1PXSHZJDK862PABE15F07WSECNNF5BGA66MTG52, game: u123, rebate: u2000, rebates: u45, reserved: u90000, who: 'ST85J1T8QBRRF1E3X429R720WMMTGMTTBQ1ABDZT } (xchess-core-v1:388)
{ bootstrap: u250000, event: "sponsorship-funded", expiry: u14886, funded-by: 'ST1PXSHZJDK862PABE15F07WSECNNF5BGA66MTG52, game: u123, rebate: u2000, rebates: u45, reserved: u90000, who: 'ST83QXSNCG4JYJ83HK62MJQ4QK7XP0R5ZHXKW9TN } (xchess-core-v1:388)
{ event: "game-opened", fee: u1000000, game: u124, height: u10567, opened-by: 'ST5086KW72GKR8T8JKTH8NRGEP8HGCSQ0W3VKE87, ranked: false, rules-hash: (some 0xabababababababababababababababababababababababababababababababab) } (xchess-core-v1:318)
{ event: "entry-submitted", game: u121, height: u10568, sender: 'ST3TRY6QNMZ18FD96BJHEG4KTWVF7AN5PAKDMRRFP, seq: u1, value: "zzzz" } (xchess-core-v1:565)
{ event: "entry-submitted", game: u120, height: u10569, sender: 'ST1PXSHZJDK862PABE15F07WSECNNF5BGA66MTG52, seq: u0, value: "e2e4" } (xchess-core-v1:565)
{ event: "game-opened", fee: u1000000, game: u125, height: u10570, opened-by: 'ST5086KW72GKR8T8JKTH8NRGEP8HGCSQ0W3VKE87, ranked: true, rules-hash: (some 0xabababababababababababababababababababababababababababababababab) } (xchess-core-v1:318)
{ bootstrap: u250000, event: "sponsorship-funded", expiry: u14890, funded-by: 'ST5086KW72GKR8T8JKTH8NRGEP8HGCSQ0W3VKE87, game: u125, rebate: u2000, rebates: u45, reserved: u90000, who: 'ST1PXSHZJDK862PABE15F07WSECNNF5BGA66MTG52 } (xchess-core-v1:388)
{ event: "entry-submitted", game: u120, height: u10571, sender: 'ST85J1T8QBRRF1E3X429R720WMMTGMTTBQ1ABDZT, seq: u1, value: "zzzz" } (xchess-core-v1:565)
{ amount: u9402153, by: 'ST2PZAQ88V19XWNZAVEGHKJ9MXECC9D73FCCKNB4Z, event: "withdrawn", to: 'ST2PZAQ88V19XWNZAVEGHKJ9MXECC9D73FCCKNB4Z } (xchess-core-v1:669)
{ event: "entry-submitted", game: u124, height: u10574, sender: 'ST5086KW72GKR8T8JKTH8NRGEP8HGCSQ0W3VKE87, seq: u0, value: "draw?" } (xchess-core-v1:565)
{ event: "game-opened", fee: u1000000, game: u126, height: u10575, opened-by: 'ST83QXSNCG4JYJ83HK62MJQ4QK7XP0R5ZHXKW9TN, ranked: false, rules-hash: (some 0xabababababababababababababababababababababababababababababababab) } (xchess-core-v1:318)
{ event: "entry-submitted", game: u126, height: u10577, sender: 'ST3TRY6QNMZ18FD96BJHEG4KTWVF7AN5PAKDMRRFP, seq: u0, value: "zzzz" } (xchess-core-v1:565)
{ added: u90000, by: 'ST83QXSNCG4JYJ83HK62MJQ4QK7XP0R5ZHXKW9TN, event: "sponsorship-topped-up", game: u2, rebates-added: u45, who: 'ST85J1T8QBRRF1E3X429R720WMMTGMTTBQ1ABDZT } (xchess-core-v1:474)
{ event: "game-opened", fee: u1000000, game: u127, height: u10579, opened-by: 'ST83QXSNCG4JYJ83HK62MJQ4QK7XP0R5ZHXKW9TN, ranked: false, rules-hash: (some 0xabababababababababababababababababababababababababababababababab) } (xchess-core-v1:318)
{ bootstrap: u250000, event: "sponsorship-funded", expiry: u14899, funded-by: 'ST83QXSNCG4JYJ83HK62MJQ4QK7XP0R5ZHXKW9TN, game: u127, rebate: u2000, rebates: u45, reserved: u90000, who: 'ST85J1T8QBRRF1E3X429R720WMMTGMTTBQ1ABDZT } (xchess-core-v1:388)
{ bootstrap: u250000, event: "sponsorship-funded", expiry: u14899, funded-by: 'ST83QXSNCG4JYJ83HK62MJQ4QK7XP0R5ZHXKW9TN, game: u127, rebate: u2000, rebates: u45, reserved: u90000, who: 'ST1PXSHZJDK862PABE15F07WSECNNF5BGA66MTG52 } (xchess-core-v1:388)
{ added: u90000, by: 'ST83QXSNCG4JYJ83HK62MJQ4QK7XP0R5ZHXKW9TN, event: "sponsorship-topped-up", game: u125, rebates-added: u45, who: 'ST1PXSHZJDK862PABE15F07WSECNNF5BGA66MTG52 } (xchess-core-v1:474)
{ added: u90000, by: 'ST83QXSNCG4JYJ83HK62MJQ4QK7XP0R5ZHXKW9TN, event: "sponsorship-topped-up", game: u60, rebates-added: u45, who: 'ST1PXSHZJDK862PABE15F07WSECNNF5BGA66MTG52 } (xchess-core-v1:474)
{ event: "entry-submitted", game: u123, height: u10582, sender: 'ST1PXSHZJDK862PABE15F07WSECNNF5BGA66MTG52, seq: u0, value: "e2e4" } (xchess-core-v1:565)
{ event: "game-opened", fee: u1000000, game: u128, height: u10583, opened-by: 'ST85J1T8QBRRF1E3X429R720WMMTGMTTBQ1ABDZT, ranked: false, rules-hash: (some 0xabababababababababababababababababababababababababababababababab) } (xchess-core-v1:318)
{ event: "entry-submitted", game: u124, height: u10585, sender: 'ST5086KW72GKR8T8JKTH8NRGEP8HGCSQ0W3VKE87, seq: u1, value: "draw?" } (xchess-core-v1:565)
{ event: "game-opened", fee: u1000000, game: u129, height: u10586, opened-by: 'ST5086KW72GKR8T8JKTH8NRGEP8HGCSQ0W3VKE87, ranked: false, rules-hash: (some 0xabababababababababababababababababababababababababababababababab) } (xchess-core-v1:318)
{ bootstrap: u250000, event: "sponsorship-funded", expiry: u14906, funded-by: 'ST5086KW72GKR8T8JKTH8NRGEP8HGCSQ0W3VKE87, game: u129, rebate: u2000, rebates: u45, reserved: u90000, who: 'ST83QXSNCG4JYJ83HK62MJQ4QK7XP0R5ZHXKW9TN } (xchess-core-v1:388)
{ event: "entry-submitted", game: u127, height: u10587, sender: 'ST85J1T8QBRRF1E3X429R720WMMTGMTTBQ1ABDZT, seq: u0, value: "draw?" } (xchess-core-v1:565)
{ amount: u2000, event: "rebate-paid", game: u127, rebates-left: u44, who: 'ST85J1T8QBRRF1E3X429R720WMMTGMTTBQ1ABDZT } (xchess-core-v1:525)
{ event: "entry-submitted", game: u124, height: u10588, sender: 'ST85J1T8QBRRF1E3X429R720WMMTGMTTBQ1ABDZT, seq: u2, value: "resgn" } (xchess-core-v1:565)
{ event: "game-opened", fee: u1000000, game: u130, height: u10589, opened-by: 'ST5086KW72GKR8T8JKTH8NRGEP8HGCSQ0W3VKE87, ranked: false, rules-hash: (some 0xabababababababababababababababababababababababababababababababab) } (xchess-core-v1:318)
{ bootstrap: u250000, event: "sponsorship-funded", expiry: u14909, funded-by: 'ST5086KW72GKR8T8JKTH8NRGEP8HGCSQ0W3VKE87, game: u130, rebate: u2000, rebates: u45, reserved: u90000, who: 'ST3TRY6QNMZ18FD96BJHEG4KTWVF7AN5PAKDMRRFP } (xchess-core-v1:388)
{ event: "entry-submitted", game: u130, height: u10590, sender: 'ST5086KW72GKR8T8JKTH8NRGEP8HGCSQ0W3VKE87, seq: u0, value: "zzzz" } (xchess-core-v1:565)
{ amount: u7376077, by: 'ST2PZAQ88V19XWNZAVEGHKJ9MXECC9D73FCCKNB4Z, event: "withdrawn", to: 'ST2PZAQ88V19XWNZAVEGHKJ9MXECC9D73FCCKNB4Z } (xchess-core-v1:669)
{ event: "entry-submitted", game: u120, height: u10593, sender: 'ST83QXSNCG4JYJ83HK62MJQ4QK7XP0R5ZHXKW9TN, seq: u2, value: "draw?" } (xchess-core-v1:565)
{ amount: u2000, event: "rebate-paid", game: u120, rebates-left: u44, who: 'ST83QXSNCG4JYJ83HK62MJQ4QK7XP0R5ZHXKW9TN } (xchess-core-v1:525)
{ by: 'ST83QXSNCG4JYJ83HK62MJQ4QK7XP0R5ZHXKW9TN, event: "sponsorship-settled", game: u26, released: u90000, who: 'ST85J1T8QBRRF1E3X429R720WMMTGMTTBQ1ABDZT } (xchess-core-v1:606)
{ event: "entry-submitted", game: u124, height: u10595, sender: 'ST85J1T8QBRRF1E3X429R720WMMTGMTTBQ1ABDZT, seq: u3, value: "resgn" } (xchess-core-v1:565)
{ event: "entry-submitted", game: u124, height: u10596, sender: 'ST85J1T8QBRRF1E3X429R720WMMTGMTTBQ1ABDZT, seq: u4, value: "e2e4" } (xchess-core-v1:565)
{ event: "game-opened", fee: u1000000, game: u131, height: u10597, opened-by: 'ST85J1T8QBRRF1E3X429R720WMMTGMTTBQ1ABDZT, ranked: false, rules-hash: (some 0xabababababababababababababababababababababababababababababababab) } (xchess-core-v1:318)
{ bootstrap: u250000, event: "sponsorship-funded", expiry: u14917, funded-by: 'ST85J1T8QBRRF1E3X429R720WMMTGMTTBQ1ABDZT, game: u131, rebate: u2000, rebates: u45, reserved: u90000, who: 'ST1PXSHZJDK862PABE15F07WSECNNF5BGA66MTG52 } (xchess-core-v1:388)
{ event: "game-opened", fee: u1000000, game: u132, height: u10719, opened-by: 'ST1PXSHZJDK862PABE15F07WSECNNF5BGA66MTG52, ranked: false, rules-hash: (some 0xabababababababababababababababababababababababababababababababab) } (xchess-core-v1:318)
{ bootstrap: u250000, event: "sponsorship-funded", expiry: u15039, funded-by: 'ST1PXSHZJDK862PABE15F07WSECNNF5BGA66MTG52, game: u132, rebate: u2000, rebates: u45, reserved: u90000, who: 'ST83QXSNCG4JYJ83HK62MJQ4QK7XP0R5ZHXKW9TN } (xchess-core-v1:388)
{ event: "entry-submitted", game: u123, height: u10720, sender: 'ST5086KW72GKR8T8JKTH8NRGEP8HGCSQ0W3VKE87, seq: u1, value: "zzzz" } (xchess-core-v1:565)
{ event: "game-opened", fee: u1000000, game: u133, height: u10721, opened-by: 'ST83QXSNCG4JYJ83HK62MJQ4QK7XP0R5ZHXKW9TN, ranked: false, rules-hash: (some 0xabababababababababababababababababababababababababababababababab) } (xchess-core-v1:318)
{ event: "entry-submitted", game: u133, height: u10722, sender: 'ST83QXSNCG4JYJ83HK62MJQ4QK7XP0R5ZHXKW9TN, seq: u0, value: "draw?" } (xchess-core-v1:565)
{ event: "game-opened", fee: u1000000, game: u134, height: u10723, opened-by: 'ST83QXSNCG4JYJ83HK62MJQ4QK7XP0R5ZHXKW9TN, ranked: false, rules-hash: (some 0xabababababababababababababababababababababababababababababababab) } (xchess-core-v1:318)
{ bootstrap: u250000, event: "sponsorship-funded", expiry: u15043, funded-by: 'ST83QXSNCG4JYJ83HK62MJQ4QK7XP0R5ZHXKW9TN, game: u134, rebate: u2000, rebates: u45, reserved: u90000, who: 'ST85J1T8QBRRF1E3X429R720WMMTGMTTBQ1ABDZT } (xchess-core-v1:388)
{ event: "game-opened", fee: u1000000, game: u135, height: u10724, opened-by: 'ST83QXSNCG4JYJ83HK62MJQ4QK7XP0R5ZHXKW9TN, ranked: true, rules-hash: (some 0xabababababababababababababababababababababababababababababababab) } (xchess-core-v1:318)
{ event: "game-opened", fee: u1000000, game: u136, height: u10725, opened-by: 'ST5086KW72GKR8T8JKTH8NRGEP8HGCSQ0W3VKE87, ranked: true, rules-hash: (some 0xabababababababababababababababababababababababababababababababab) } (xchess-core-v1:318)
{ bootstrap: u250000, event: "sponsorship-funded", expiry: u15045, funded-by: 'ST5086KW72GKR8T8JKTH8NRGEP8HGCSQ0W3VKE87, game: u136, rebate: u2000, rebates: u45, reserved: u90000, who: 'ST83QXSNCG4JYJ83HK62MJQ4QK7XP0R5ZHXKW9TN } (xchess-core-v1:388)
{ event: "game-opened", fee: u1000000, game: u137, height: u10726, opened-by: 'ST85J1T8QBRRF1E3X429R720WMMTGMTTBQ1ABDZT, ranked: false, rules-hash: (some 0xabababababababababababababababababababababababababababababababab) } (xchess-core-v1:318)
{ bootstrap: u250000, event: "sponsorship-funded", expiry: u15046, funded-by: 'ST85J1T8QBRRF1E3X429R720WMMTGMTTBQ1ABDZT, game: u137, rebate: u2000, rebates: u45, reserved: u90000, who: 'ST5086KW72GKR8T8JKTH8NRGEP8HGCSQ0W3VKE87 } (xchess-core-v1:388)
{ added: u90000, by: 'ST85J1T8QBRRF1E3X429R720WMMTGMTTBQ1ABDZT, event: "sponsorship-topped-up", game: u106, rebates-added: u45, who: 'ST85J1T8QBRRF1E3X429R720WMMTGMTTBQ1ABDZT } (xchess-core-v1:474)
{ event: "entry-submitted", game: u134, height: u10728, sender: 'ST83QXSNCG4JYJ83HK62MJQ4QK7XP0R5ZHXKW9TN, seq: u0, value: "resgn" } (xchess-core-v1:565)
{ event: "entry-submitted", game: u133, height: u10729, sender: 'ST3TRY6QNMZ18FD96BJHEG4KTWVF7AN5PAKDMRRFP, seq: u1, value: "resgn" } (xchess-core-v1:565)
{ event: "entry-submitted", game: u137, height: u10730, sender: 'ST83QXSNCG4JYJ83HK62MJQ4QK7XP0R5ZHXKW9TN, seq: u0, value: "zzzz" } (xchess-core-v1:565)
{ added: u90000, by: 'ST1PXSHZJDK862PABE15F07WSECNNF5BGA66MTG52, event: "sponsorship-topped-up", game: u87, rebates-added: u45, who: 'ST85J1T8QBRRF1E3X429R720WMMTGMTTBQ1ABDZT } (xchess-core-v1:474)
{ event: "game-opened", fee: u1000000, game: u138, height: u10732, opened-by: 'ST85J1T8QBRRF1E3X429R720WMMTGMTTBQ1ABDZT, ranked: false, rules-hash: (some 0xabababababababababababababababababababababababababababababababab) } (xchess-core-v1:318)
{ bootstrap: u250000, event: "sponsorship-funded", expiry: u15052, funded-by: 'ST85J1T8QBRRF1E3X429R720WMMTGMTTBQ1ABDZT, game: u138, rebate: u2000, rebates: u45, reserved: u90000, who: 'ST83QXSNCG4JYJ83HK62MJQ4QK7XP0R5ZHXKW9TN } (xchess-core-v1:388)
{ event: "entry-submitted", game: u135, height: u10733, sender: 'ST85J1T8QBRRF1E3X429R720WMMTGMTTBQ1ABDZT, seq: u0, value: "resgn" } (xchess-core-v1:565)
{ added: u90000, by: 'ST85J1T8QBRRF1E3X429R720WMMTGMTTBQ1ABDZT, event: "sponsorship-topped-up", game: u138, rebates-added: u45, who: 'ST83QXSNCG4JYJ83HK62MJQ4QK7XP0R5ZHXKW9TN } (xchess-core-v1:474)
{ by: 'ST83QXSNCG4JYJ83HK62MJQ4QK7XP0R5ZHXKW9TN, event: "sponsorship-settled", game: u8, released: u180000, who: 'ST1PXSHZJDK862PABE15F07WSECNNF5BGA66MTG52 } (xchess-core-v1:606)
{ event: "entry-submitted", game: u134, height: u10736, sender: 'ST83QXSNCG4JYJ83HK62MJQ4QK7XP0R5ZHXKW9TN, seq: u1, value: "e2e4" } (xchess-core-v1:565)
{ event: "game-opened", fee: u1000000, game: u139, height: u10737, opened-by: 'ST5086KW72GKR8T8JKTH8NRGEP8HGCSQ0W3VKE87, ranked: false, rules-hash: (some 0xabababababababababababababababababababababababababababababababab) } (xchess-core-v1:318)
{ event: "game-opened", fee: u1000000, game: u140, height: u10738, opened-by: 'ST85J1T8QBRRF1E3X429R720WMMTGMTTBQ1ABDZT, ranked: false, rules-hash: (some 0xabababababababababababababababababababababababababababababababab) } (xchess-core-v1:318)
{ bootstrap: u250000, event: "sponsorship-funded", expiry: u15058, funded-by: 'ST85J1T8QBRRF1E3X429R720WMMTGMTTBQ1ABDZT, game: u140, rebate: u2000, rebates: u45, reserved: u90000, who: 'ST3TRY6QNMZ18FD96BJHEG4KTWVF7AN5PAKDMRRFP } (xchess-core-v1:388)
{ added: u90000, by: 'ST1PXSHZJDK862PABE15F07WSECNNF5BGA66MTG52, event: "sponsorship-topped-up", game: u60, rebates-added: u45, who: 'ST1PXSHZJDK862PABE15F07WSECNNF5BGA66MTG52 } (xchess-core-v1:474)
{ event: "game-opened", fee: u1000000, game: u141, height: u10740, opened-by: 'ST1PXSHZJDK862PABE15F07WSECNNF5BGA66MTG52, ranked: false, rules-hash: (some 0xabababababababababababababababababababababababababababababababab) } (xchess-core-v1:318)
{ event: "entry-submitted", game: u133, height: u10741, sender: 'ST5086KW72GKR8T8JKTH8NRGEP8HGCSQ0W3VKE87, seq: u2, value: "resgn" } (xchess-core-v1:565)
{ event: "game-opened", fee: u1000000, game: u142, height: u10742, opened-by: 'ST5086KW72GKR8T8JKTH8NRGEP8HGCSQ0W3VKE87, ranked: false, rules-hash: (some 0xabababababababababababababababababababababababababababababababab) } (xchess-core-v1:318)
{ bootstrap: u250000, event: "sponsorship-funded", expiry: u15062, funded-by: 'ST5086KW72GKR8T8JKTH8NRGEP8HGCSQ0W3VKE87, game: u142, rebate: u2000, rebates: u45, reserved: u90000, who: 'ST3TRY6QNMZ18FD96BJHEG4KTWVF7AN5PAKDMRRFP } (xchess-core-v1:388)
{ event: "entry-submitted", game: u139, height: u10743, sender: 'ST3TRY6QNMZ18FD96BJHEG4KTWVF7AN5PAKDMRRFP, seq: u0, value: "resgn" } (xchess-core-v1:565)
{ event: "game-opened", fee: u1000000, game: u143, height: u10744, opened-by: 'ST83QXSNCG4JYJ83HK62MJQ4QK7XP0R5ZHXKW9TN, ranked: false, rules-hash: (some 0xabababababababababababababababababababababababababababababababab) } (xchess-core-v1:318)
{ event: "game-opened", fee: u1000000, game: u144, height: u10745, opened-by: 'ST5086KW72GKR8T8JKTH8NRGEP8HGCSQ0W3VKE87, ranked: false, rules-hash: (some 0xabababababababababababababababababababababababababababababababab) } (xchess-core-v1:318)
{ bootstrap: u250000, event: "sponsorship-funded", expiry: u15065, funded-by: 'ST5086KW72GKR8T8JKTH8NRGEP8HGCSQ0W3VKE87, game: u144, rebate: u2000, rebates: u45, reserved: u90000, who: 'ST85J1T8QBRRF1E3X429R720WMMTGMTTBQ1ABDZT } (xchess-core-v1:388)
{ bootstrap: u250000, event: "sponsorship-funded", expiry: u15065, funded-by: 'ST5086KW72GKR8T8JKTH8NRGEP8HGCSQ0W3VKE87, game: u144, rebate: u2000, rebates: u45, reserved: u90000, who: 'ST1PXSHZJDK862PABE15F07WSECNNF5BGA66MTG52 } (xchess-core-v1:388)
{ event: "entry-submitted", game: u136, height: u10746, sender: 'ST5086KW72GKR8T8JKTH8NRGEP8HGCSQ0W3VKE87, seq: u0, value: "zzzz" } (xchess-core-v1:565)
{ event: "entry-submitted", game: u141, height: u10747, sender: 'ST83QXSNCG4JYJ83HK62MJQ4QK7XP0R5ZHXKW9TN, seq: u0, value: "zzzz" } (xchess-core-v1:565)
{ added: u90000, by: 'ST1PXSHZJDK862PABE15F07WSECNNF5BGA66MTG52, event: "sponsorship-topped-up", game: u55, rebates-added: u45, who: 'ST83QXSNCG4JYJ83HK62MJQ4QK7XP0R5ZHXKW9TN } (xchess-core-v1:474)
{ event: "game-opened", fee: u1000000, game: u145, height: u10868, opened-by: 'ST83QXSNCG4JYJ83HK62MJQ4QK7XP0R5ZHXKW9TN, ranked: false, rules-hash: (some 0xabababababababababababababababababababababababababababababababab) } (xchess-core-v1:318)
{ amount: u11698038, by: 'ST2PZAQ88V19XWNZAVEGHKJ9MXECC9D73FCCKNB4Z, event: "withdrawn", to: 'ST2PZAQ88V19XWNZAVEGHKJ9MXECC9D73FCCKNB4Z } (xchess-core-v1:669)
{ event: "game-opened", fee: u1000000, game: u146, height: u10871, opened-by: 'ST83QXSNCG4JYJ83HK62MJQ4QK7XP0R5ZHXKW9TN, ranked: false, rules-hash: (some 0xabababababababababababababababababababababababababababababababab) } (xchess-core-v1:318)
{ event: "entry-submitted", game: u134, height: u10872, sender: 'ST85J1T8QBRRF1E3X429R720WMMTGMTTBQ1ABDZT, seq: u2, value: "resgn" } (xchess-core-v1:565)
{ amount: u2000, event: "rebate-paid", game: u134, rebates-left: u44, who: 'ST85J1T8QBRRF1E3X429R720WMMTGMTTBQ1ABDZT } (xchess-core-v1:525)
{ added: u90000, by: 'ST85J1T8QBRRF1E3X429R720WMMTGMTTBQ1ABDZT, event: "sponsorship-topped-up", game: u106, rebates-added: u45, who: 'ST83QXSNCG4JYJ83HK62MJQ4QK7XP0R5ZHXKW9TN } (xchess-core-v1:474)
{ event: "entry-submitted", game: u139, height: u10874, sender: 'ST5086KW72GKR8T8JKTH8NRGEP8HGCSQ0W3VKE87, seq: u1, value: "resgn" } (xchess-core-v1:565)
{ event: "game-opened", fee: u1000000, game: u147, height: u10875, opened-by: 'ST83QXSNCG4JYJ83HK62MJQ4QK7XP0R5ZHXKW9TN, ranked: true, rules-hash: (some 0xabababababababababababababababababababababababababababababababab) } (xchess-core-v1:318)
{ bootstrap: u250000, event: "sponsorship-funded", expiry: u15195, funded-by: 'ST83QXSNCG4JYJ83HK62MJQ4QK7XP0R5ZHXKW9TN, game: u147, rebate: u2000, rebates: u45, reserved: u90000, who: 'ST1PXSHZJDK862PABE15F07WSECNNF5BGA66MTG52 } (xchess-core-v1:388)
{ event: "entry-submitted", game: u136, height: u10876, sender: 'ST83QXSNCG4JYJ83HK62MJQ4QK7XP0R5ZHXKW9TN, seq: u1, value: "e2e4" } (xchess-core-v1:565)
{ amount: u2000, event: "rebate-paid", game: u136, rebates-left: u44, who: 'ST83QXSNCG4JYJ83HK62MJQ4QK7XP0R5ZHXKW9TN } (xchess-core-v1:525)
{ event: "game-opened", fee: u1000000, game: u148, height: u10877, opened-by: 'ST83QXSNCG4JYJ83HK62MJQ4QK7XP0R5ZHXKW9TN, ranked: true, rules-hash: (some 0xabababababababababababababababababababababababababababababababab) } (xchess-core-v1:318)
{ event: "entry-submitted", game: u146, height: u10878, sender: 'ST5086KW72GKR8T8JKTH8NRGEP8HGCSQ0W3VKE87, seq: u0, value: "resgn" } (xchess-core-v1:565)
{ event: "entry-submitted", game: u137, height: u10879, sender: 'ST85J1T8QBRRF1E3X429R720WMMTGMTTBQ1ABDZT, seq: u1, value: "zzzz" } (xchess-core-v1:565)
{ event: "entry-submitted", game: u147, height: u10880, sender: 'ST85J1T8QBRRF1E3X429R720WMMTGMTTBQ1ABDZT, seq: u0, value: "resgn" } (xchess-core-v1:565)
{ event: "entry-submitted", game: u136, height: u10882, sender: 'ST1PXSHZJDK862PABE15F07WSECNNF5BGA66MTG52, seq: u2, value: "zzzz" } (xchess-core-v1:565)
{ event: "entry-submitted", game: u145, height: u10883, sender: 'ST1PXSHZJDK862PABE15F07WSECNNF5BGA66MTG52, seq: u0, value: "resgn" } (xchess-core-v1:565)
{ amount: u7399019, by: 'ST2PZAQ88V19XWNZAVEGHKJ9MXECC9D73FCCKNB4Z, event: "withdrawn", to: 'ST2PZAQ88V19XWNZAVEGHKJ9MXECC9D73FCCKNB4Z } (xchess-core-v1:669)
{ event: "game-opened", fee: u1000000, game: u149, height: u10886, opened-by: 'ST5086KW72GKR8T8JKTH8NRGEP8HGCSQ0W3VKE87, ranked: true, rules-hash: (some 0xabababababababababababababababababababababababababababababababab) } (xchess-core-v1:318)
{ added: u90000, by: 'ST83QXSNCG4JYJ83HK62MJQ4QK7XP0R5ZHXKW9TN, event: "sponsorship-topped-up", game: u102, rebates-added: u45, who: 'ST85J1T8QBRRF1E3X429R720WMMTGMTTBQ1ABDZT } (xchess-core-v1:474)
{ event: "game-opened", fee: u1000000, game: u150, height: u10888, opened-by: 'ST5086KW72GKR8T8JKTH8NRGEP8HGCSQ0W3VKE87, ranked: false, rules-hash: (some 0xabababababababababababababababababababababababababababababababab) } (xchess-core-v1:318)
{ bootstrap: u250000, event: "sponsorship-funded", expiry: u15208, funded-by: 'ST5086KW72GKR8T8JKTH8NRGEP8HGCSQ0W3VKE87, game: u150, rebate: u2000, rebates: u45, reserved: u90000, who: 'ST85J1T8QBRRF1E3X429R720WMMTGMTTBQ1ABDZT } (xchess-core-v1:388)
{ event: "entry-submitted", game: u150, height: u10889, sender: 'ST1PXSHZJDK862PABE15F07WSECNNF5BGA66MTG52, seq: u0, value: "draw?" } (xchess-core-v1:565)
{ event: "game-opened", fee: u1000000, game: u151, height: u10890, opened-by: 'ST83QXSNCG4JYJ83HK62MJQ4QK7XP0R5ZHXKW9TN, ranked: false, rules-hash: (some 0xabababababababababababababababababababababababababababababababab) } (xchess-core-v1:318)
{ bootstrap: u250000, event: "sponsorship-funded", expiry: u15210, funded-by: 'ST83QXSNCG4JYJ83HK62MJQ4QK7XP0R5ZHXKW9TN, game: u151, rebate: u2000, rebates: u45, reserved: u90000, who: 'ST85J1T8QBRRF1E3X429R720WMMTGMTTBQ1ABDZT } (xchess-core-v1:388)
{ bootstrap: u250000, event: "sponsorship-funded", expiry: u15210, funded-by: 'ST83QXSNCG4JYJ83HK62MJQ4QK7XP0R5ZHXKW9TN, game: u151, rebate: u2000, rebates: u45, reserved: u90000, who: 'ST1PXSHZJDK862PABE15F07WSECNNF5BGA66MTG52 } (xchess-core-v1:388)
{ event: "entry-submitted", game: u150, height: u10891, sender: 'ST3TRY6QNMZ18FD96BJHEG4KTWVF7AN5PAKDMRRFP, seq: u1, value: "draw?" } (xchess-core-v1:565)
{ event: "entry-submitted", game: u151, height: u10892, sender: 'ST85J1T8QBRRF1E3X429R720WMMTGMTTBQ1ABDZT, seq: u0, value: "zzzz" } (xchess-core-v1:565)
{ amount: u2000, event: "rebate-paid", game: u151, rebates-left: u44, who: 'ST85J1T8QBRRF1E3X429R720WMMTGMTTBQ1ABDZT } (xchess-core-v1:525)
{ event: "game-opened", fee: u1000000, game: u152, height: u10893, opened-by: 'ST85J1T8QBRRF1E3X429R720WMMTGMTTBQ1ABDZT, ranked: false, rules-hash: (some 0xabababababababababababababababababababababababababababababababab) } (xchess-core-v1:318)
{ bootstrap: u250000, event: "sponsorship-funded", expiry: u15213, funded-by: 'ST85J1T8QBRRF1E3X429R720WMMTGMTTBQ1ABDZT, game: u152, rebate: u2000, rebates: u45, reserved: u90000, who: 'ST1PXSHZJDK862PABE15F07WSECNNF5BGA66MTG52 } (xchess-core-v1:388)
{ bootstrap: u250000, event: "sponsorship-funded", expiry: u15213, funded-by: 'ST85J1T8QBRRF1E3X429R720WMMTGMTTBQ1ABDZT, game: u152, rebate: u2000, rebates: u45, reserved: u90000, who: 'ST83QXSNCG4JYJ83HK62MJQ4QK7XP0R5ZHXKW9TN } (xchess-core-v1:388)
{ event: "game-opened", fee: u1000000, game: u153, height: u10894, opened-by: 'ST83QXSNCG4JYJ83HK62MJQ4QK7XP0R5ZHXKW9TN, ranked: true, rules-hash: (some 0xabababababababababababababababababababababababababababababababab) } (xchess-core-v1:318)
{ bootstrap: u250000, event: "sponsorship-funded", expiry: u15214, funded-by: 'ST83QXSNCG4JYJ83HK62MJQ4QK7XP0R5ZHXKW9TN, game: u153, rebate: u2000, rebates: u45, reserved: u90000, who: 'ST1PXSHZJDK862PABE15F07WSECNNF5BGA66MTG52 } (xchess-core-v1:388)
{ event: "game-opened", fee: u1000000, game: u154, height: u10896, opened-by: 'ST1PXSHZJDK862PABE15F07WSECNNF5BGA66MTG52, ranked: false, rules-hash: (some 0xabababababababababababababababababababababababababababababababab) } (xchess-core-v1:318)
{ event: "entry-submitted", game: u150, height: u10897, sender: 'ST83QXSNCG4JYJ83HK62MJQ4QK7XP0R5ZHXKW9TN, seq: u2, value: "draw?" } (xchess-core-v1:565)
{ event: "entry-submitted", game: u149, height: u10898, sender: 'ST83QXSNCG4JYJ83HK62MJQ4QK7XP0R5ZHXKW9TN, seq: u0, value: "resgn" } (xchess-core-v1:565)
{ event: "entry-submitted", game: u153, height: u10899, sender: 'ST83QXSNCG4JYJ83HK62MJQ4QK7XP0R5ZHXKW9TN, seq: u0, value: "zzzz" } (xchess-core-v1:565)
{ event: "entry-submitted", game: u152, height: u10900, sender: 'ST83QXSNCG4JYJ83HK62MJQ4QK7XP0R5ZHXKW9TN, seq: u0, value: "e2e4" } (xchess-core-v1:565)
{ amount: u2000, event: "rebate-paid", game: u152, rebates-left: u44, who: 'ST83QXSNCG4JYJ83HK62MJQ4QK7XP0R5ZHXKW9TN } (xchess-core-v1:525)
{ amount: u6874510, by: 'ST2PZAQ88V19XWNZAVEGHKJ9MXECC9D73FCCKNB4Z, event: "withdrawn", to: 'ST2PZAQ88V19XWNZAVEGHKJ9MXECC9D73FCCKNB4Z } (xchess-core-v1:669)
{ event: "entry-submitted", game: u152, height: u10903, sender: 'ST83QXSNCG4JYJ83HK62MJQ4QK7XP0R5ZHXKW9TN, seq: u1, value: "zzzz" } (xchess-core-v1:565)
{ amount: u2000, event: "rebate-paid", game: u152, rebates-left: u43, who: 'ST83QXSNCG4JYJ83HK62MJQ4QK7XP0R5ZHXKW9TN } (xchess-core-v1:525)
{ event: "game-opened", fee: u1000000, game: u155, height: u12739, opened-by: 'ST83QXSNCG4JYJ83HK62MJQ4QK7XP0R5ZHXKW9TN, ranked: true, rules-hash: (some 0xabababababababababababababababababababababababababababababababab) } (xchess-core-v1:318)
{ event: "entry-submitted", game: u153, height: u12740, sender: 'ST3TRY6QNMZ18FD96BJHEG4KTWVF7AN5PAKDMRRFP, seq: u1, value: "zzzz" } (xchess-core-v1:565)
{ event: "entry-submitted", game: u155, height: u12742, sender: 'ST85J1T8QBRRF1E3X429R720WMMTGMTTBQ1ABDZT, seq: u0, value: "draw?" } (xchess-core-v1:565)
{ event: "entry-submitted", game: u154, height: u12743, sender: 'ST1PXSHZJDK862PABE15F07WSECNNF5BGA66MTG52, seq: u0, value: "draw?" } (xchess-core-v1:565)
{ event: "game-opened", fee: u1000000, game: u156, height: u12744, opened-by: 'ST83QXSNCG4JYJ83HK62MJQ4QK7XP0R5ZHXKW9TN, ranked: false, rules-hash: (some 0xabababababababababababababababababababababababababababababababab) } (xchess-core-v1:318)
{ bootstrap: u250000, event: "sponsorship-funded", expiry: u17064, funded-by: 'ST83QXSNCG4JYJ83HK62MJQ4QK7XP0R5ZHXKW9TN, game: u156, rebate: u2000, rebates: u45, reserved: u90000, who: 'ST85J1T8QBRRF1E3X429R720WMMTGMTTBQ1ABDZT } (xchess-core-v1:388)
{ bootstrap: u250000, event: "sponsorship-funded", expiry: u17064, funded-by: 'ST83QXSNCG4JYJ83HK62MJQ4QK7XP0R5ZHXKW9TN, game: u156, rebate: u2000, rebates: u45, reserved: u90000, who: 'ST1PXSHZJDK862PABE15F07WSECNNF5BGA66MTG52 } (xchess-core-v1:388)
{ event: "game-opened", fee: u1000000, game: u157, height: u12745, opened-by: 'ST83QXSNCG4JYJ83HK62MJQ4QK7XP0R5ZHXKW9TN, ranked: false, rules-hash: (some 0xabababababababababababababababababababababababababababababababab) } (xchess-core-v1:318)
{ event: "game-opened", fee: u1000000, game: u158, height: u12746, opened-by: 'ST83QXSNCG4JYJ83HK62MJQ4QK7XP0R5ZHXKW9TN, ranked: true, rules-hash: (some 0xabababababababababababababababababababababababababababababababab) } (xchess-core-v1:318)
{ bootstrap: u250000, event: "sponsorship-funded", expiry: u17066, funded-by: 'ST83QXSNCG4JYJ83HK62MJQ4QK7XP0R5ZHXKW9TN, game: u158, rebate: u2000, rebates: u45, reserved: u90000, who: 'ST85J1T8QBRRF1E3X429R720WMMTGMTTBQ1ABDZT } (xchess-core-v1:388)
{ bootstrap: u250000, event: "sponsorship-funded", expiry: u17066, funded-by: 'ST83QXSNCG4JYJ83HK62MJQ4QK7XP0R5ZHXKW9TN, game: u158, rebate: u2000, rebates: u45, reserved: u90000, who: 'ST1PXSHZJDK862PABE15F07WSECNNF5BGA66MTG52 } (xchess-core-v1:388)
{ event: "entry-submitted", game: u150, height: u12747, sender: 'ST3TRY6QNMZ18FD96BJHEG4KTWVF7AN5PAKDMRRFP, seq: u3, value: "zzzz" } (xchess-core-v1:565)
{ event: "entry-submitted", game: u158, height: u12748, sender: 'ST3TRY6QNMZ18FD96BJHEG4KTWVF7AN5PAKDMRRFP, seq: u0, value: "e2e4" } (xchess-core-v1:565)
{ event: "game-opened", fee: u1000000, game: u159, height: u12749, opened-by: 'ST83QXSNCG4JYJ83HK62MJQ4QK7XP0R5ZHXKW9TN, ranked: true, rules-hash: (some 0xabababababababababababababababababababababababababababababababab) } (xchess-core-v1:318)
{ bootstrap: u250000, event: "sponsorship-funded", expiry: u17069, funded-by: 'ST83QXSNCG4JYJ83HK62MJQ4QK7XP0R5ZHXKW9TN, game: u159, rebate: u2000, rebates: u45, reserved: u90000, who: 'ST5086KW72GKR8T8JKTH8NRGEP8HGCSQ0W3VKE87 } (xchess-core-v1:388)
{ event: "game-opened", fee: u1000000, game: u160, height: u12750, opened-by: 'ST5086KW72GKR8T8JKTH8NRGEP8HGCSQ0W3VKE87, ranked: true, rules-hash: (some 0xabababababababababababababababababababababababababababababababab) } (xchess-core-v1:318)
{ bootstrap: u250000, event: "sponsorship-funded", expiry: u17070, funded-by: 'ST5086KW72GKR8T8JKTH8NRGEP8HGCSQ0W3VKE87, game: u160, rebate: u2000, rebates: u45, reserved: u90000, who: 'ST83QXSNCG4JYJ83HK62MJQ4QK7XP0R5ZHXKW9TN } (xchess-core-v1:388)
{ event: "entry-submitted", game: u150, height: u12751, sender: 'ST85J1T8QBRRF1E3X429R720WMMTGMTTBQ1ABDZT, seq: u4, value: "e2e4" } (xchess-core-v1:565)
{ amount: u2000, event: "rebate-paid", game: u150, rebates-left: u44, who: 'ST85J1T8QBRRF1E3X429R720WMMTGMTTBQ1ABDZT } (xchess-core-v1:525)
{ event: "game-opened", fee: u1000000, game: u161, height: u12752, opened-by: 'ST85J1T8QBRRF1E3X429R720WMMTGMTTBQ1ABDZT, ranked: false, rules-hash: (some 0xabababababababababababababababababababababababababababababababab) } (xchess-core-v1:318)
{ bootstrap: u250000, event: "sponsorship-funded", expiry: u17072, funded-by: 'ST85J1T8QBRRF1E3X429R720WMMTGMTTBQ1ABDZT, game: u161, rebate: u2000, rebates: u45, reserved: u90000, who: 'ST83QXSNCG4JYJ83HK62MJQ4QK7XP0R5ZHXKW9TN } (xchess-core-v1:388)
{ event: "game-opened", fee: u1000000, game: u162, height: u12753, opened-by: 'ST5086KW72GKR8T8JKTH8NRGEP8HGCSQ0W3VKE87, ranked: false, rules-hash: (some 0xabababababababababababababababababababababababababababababababab) } (xchess-core-v1:318)
{ bootstrap: u250000, event: "sponsorship-funded", expiry: u17073, funded-by: 'ST5086KW72GKR8T8JKTH8NRGEP8HGCSQ0W3VKE87, game: u162, rebate: u2000, rebates: u45, reserved: u90000, who: 'ST83QXSNCG4JYJ83HK62MJQ4QK7XP0R5ZHXKW9TN } (xchess-core-v1:388)
{ event: "entry-submitted", game: u162, height: u12754, sender: 'ST83QXSNCG4JYJ83HK62MJQ4QK7XP0R5ZHXKW9TN, seq: u0, value: "draw?" } (xchess-core-v1:565)
{ amount: u2000, event: "rebate-paid", game: u162, rebates-left: u44, who: 'ST83QXSNCG4JYJ83HK62MJQ4QK7XP0R5ZHXKW9TN } (xchess-core-v1:525)
{ added: u90000, by: 'ST1PXSHZJDK862PABE15F07WSECNNF5BGA66MTG52, event: "sponsorship-topped-up", game: u79, rebates-added: u45, who: 'ST85J1T8QBRRF1E3X429R720WMMTGMTTBQ1ABDZT } (xchess-core-v1:474)
{ amount: u7662255, by: 'ST2PZAQ88V19XWNZAVEGHKJ9MXECC9D73FCCKNB4Z, event: "withdrawn", to: 'ST2PZAQ88V19XWNZAVEGHKJ9MXECC9D73FCCKNB4Z } (xchess-core-v1:669)
{ amount: u3831127, by: 'ST2PZAQ88V19XWNZAVEGHKJ9MXECC9D73FCCKNB4Z, event: "withdrawn", to: 'ST2PZAQ88V19XWNZAVEGHKJ9MXECC9D73FCCKNB4Z } (xchess-core-v1:669)
{ event: "game-opened", fee: u1000000, game: u163, height: u12760, opened-by: 'ST1PXSHZJDK862PABE15F07WSECNNF5BGA66MTG52, ranked: false, rules-hash: (some 0xabababababababababababababababababababababababababababababababab) } (xchess-core-v1:318)
{ by: 'ST1PXSHZJDK862PABE15F07WSECNNF5BGA66MTG52, event: "sponsorship-settled", game: u71, released: u90000, who: 'ST1PXSHZJDK862PABE15F07WSECNNF5BGA66MTG52 } (xchess-core-v1:606)
{ added: u90000, by: 'ST83QXSNCG4JYJ83HK62MJQ4QK7XP0R5ZHXKW9TN, event: "sponsorship-topped-up", game: u117, rebates-added: u45, who: 'ST83QXSNCG4JYJ83HK62MJQ4QK7XP0R5ZHXKW9TN } (xchess-core-v1:474)
{ added: u90000, by: 'ST85J1T8QBRRF1E3X429R720WMMTGMTTBQ1ABDZT, event: "sponsorship-topped-up", game: u9, rebates-added: u45, who: 'ST85J1T8QBRRF1E3X429R720WMMTGMTTBQ1ABDZT } (xchess-core-v1:474)
{ amount: u2510564, by: 'ST2PZAQ88V19XWNZAVEGHKJ9MXECC9D73FCCKNB4Z, event: "withdrawn", to: 'ST2PZAQ88V19XWNZAVEGHKJ9MXECC9D73FCCKNB4Z } (xchess-core-v1:669)
{ event: "game-opened", fee: u1000000, game: u164, height: u12768, opened-by: 'ST1PXSHZJDK862PABE15F07WSECNNF5BGA66MTG52, ranked: false, rules-hash: (some 0xabababababababababababababababababababababababababababababababab) } (xchess-core-v1:318)
{ bootstrap: u250000, event: "sponsorship-funded", expiry: u17088, funded-by: 'ST1PXSHZJDK862PABE15F07WSECNNF5BGA66MTG52, game: u164, rebate: u2000, rebates: u45, reserved: u90000, who: 'ST85J1T8QBRRF1E3X429R720WMMTGMTTBQ1ABDZT } (xchess-core-v1:388)
{ bootstrap: u250000, event: "sponsorship-funded", expiry: u17088, funded-by: 'ST1PXSHZJDK862PABE15F07WSECNNF5BGA66MTG52, game: u164, rebate: u2000, rebates: u45, reserved: u90000, who: 'ST83QXSNCG4JYJ83HK62MJQ4QK7XP0R5ZHXKW9TN } (xchess-core-v1:388)
{ event: "game-opened", fee: u1000000, game: u165, height: u12769, opened-by: 'ST5086KW72GKR8T8JKTH8NRGEP8HGCSQ0W3VKE87, ranked: false, rules-hash: (some 0xabababababababababababababababababababababababababababababababab) } (xchess-core-v1:318)
{ added: u90000, by: 'ST1PXSHZJDK862PABE15F07WSECNNF5BGA66MTG52, event: "sponsorship-topped-up", game: u76, rebates-added: u45, who: 'ST83QXSNCG4JYJ83HK62MJQ4QK7XP0R5ZHXKW9TN } (xchess-core-v1:474)
{ event: "game-opened", fee: u1000000, game: u166, height: u12771, opened-by: 'ST85J1T8QBRRF1E3X429R720WMMTGMTTBQ1ABDZT, ranked: false, rules-hash: (some 0xabababababababababababababababababababababababababababababababab) } (xchess-core-v1:318)
{ bootstrap: u250000, event: "sponsorship-funded", expiry: u17091, funded-by: 'ST85J1T8QBRRF1E3X429R720WMMTGMTTBQ1ABDZT, game: u166, rebate: u2000, rebates: u45, reserved: u90000, who: 'ST1PXSHZJDK862PABE15F07WSECNNF5BGA66MTG52 } (xchess-core-v1:388)
{ amount: u2855282, by: 'ST2PZAQ88V19XWNZAVEGHKJ9MXECC9D73FCCKNB4Z, event: "withdrawn", to: 'ST2PZAQ88V19XWNZAVEGHKJ9MXECC9D73FCCKNB4Z } (xchess-core-v1:669)
{ event: "game-opened", fee: u1000000, game: u167, height: u12774, opened-by: 'ST1PXSHZJDK862PABE15F07WSECNNF5BGA66MTG52, ranked: false, rules-hash: (some 0xabababababababababababababababababababababababababababababababab) } (xchess-core-v1:318)
{ bootstrap: u250000, event: "sponsorship-funded", expiry: u17094, funded-by: 'ST1PXSHZJDK862PABE15F07WSECNNF5BGA66MTG52, game: u167, rebate: u2000, rebates: u45, reserved: u90000, who: 'ST83QXSNCG4JYJ83HK62MJQ4QK7XP0R5ZHXKW9TN } (xchess-core-v1:388)
{ amount: u1952641, by: 'ST2PZAQ88V19XWNZAVEGHKJ9MXECC9D73FCCKNB4Z, event: "withdrawn", to: 'ST2PZAQ88V19XWNZAVEGHKJ9MXECC9D73FCCKNB4Z } (xchess-core-v1:669)
{ event: "game-opened", fee: u1000000, game: u168, height: u12777, opened-by: 'ST5086KW72GKR8T8JKTH8NRGEP8HGCSQ0W3VKE87, ranked: false, rules-hash: (some 0xabababababababababababababababababababababababababababababababab) } (xchess-core-v1:318)
{ bootstrap: u250000, event: "sponsorship-funded", expiry: u17097, funded-by: 'ST5086KW72GKR8T8JKTH8NRGEP8HGCSQ0W3VKE87, game: u168, rebate: u2000, rebates: u45, reserved: u90000, who: 'ST85J1T8QBRRF1E3X429R720WMMTGMTTBQ1ABDZT } (xchess-core-v1:388)
{ bootstrap: u250000, event: "sponsorship-funded", expiry: u17097, funded-by: 'ST5086KW72GKR8T8JKTH8NRGEP8HGCSQ0W3VKE87, game: u168, rebate: u2000, rebates: u45, reserved: u90000, who: 'ST1PXSHZJDK862PABE15F07WSECNNF5BGA66MTG52 } (xchess-core-v1:388)
{ event: "game-opened", fee: u1000000, game: u169, height: u12778, opened-by: 'ST1PXSHZJDK862PABE15F07WSECNNF5BGA66MTG52, ranked: false, rules-hash: (some 0xabababababababababababababababababababababababababababababababab) } (xchess-core-v1:318)
{ bootstrap: u250000, event: "sponsorship-funded", expiry: u17098, funded-by: 'ST1PXSHZJDK862PABE15F07WSECNNF5BGA66MTG52, game: u169, rebate: u2000, rebates: u45, reserved: u90000, who: 'ST5086KW72GKR8T8JKTH8NRGEP8HGCSQ0W3VKE87 } (xchess-core-v1:388)
{ event: "entry-submitted", game: u166, height: u12779, sender: 'ST1PXSHZJDK862PABE15F07WSECNNF5BGA66MTG52, seq: u0, value: "resgn" } (xchess-core-v1:565)
{ amount: u2000, event: "rebate-paid", game: u166, rebates-left: u44, who: 'ST1PXSHZJDK862PABE15F07WSECNNF5BGA66MTG52 } (xchess-core-v1:525)
{ event: "entry-submitted", game: u165, height: u12780, sender: 'ST83QXSNCG4JYJ83HK62MJQ4QK7XP0R5ZHXKW9TN, seq: u0, value: "e2e4" } (xchess-core-v1:565)
{ event: "game-opened", fee: u1000000, game: u170, height: u12781, opened-by: 'ST85J1T8QBRRF1E3X429R720WMMTGMTTBQ1ABDZT, ranked: true, rules-hash: (some 0xabababababababababababababababababababababababababababababababab) } (xchess-core-v1:318)
{ event: "game-opened", fee: u1000000, game: u171, height: u12782, opened-by: 'ST85J1T8QBRRF1E3X429R720WMMTGMTTBQ1ABDZT, ranked: false, rules-hash: (some 0xabababababababababababababababababababababababababababababababab) } (xchess-core-v1:318)
{ event: "entry-submitted", game: u167, height: u12783, sender: 'ST5086KW72GKR8T8JKTH8NRGEP8HGCSQ0W3VKE87, seq: u0, value: "draw?" } (xchess-core-v1:565)
{ event: "game-opened", fee: u1000000, game: u172, height: u12784, opened-by: 'ST1PXSHZJDK862PABE15F07WSECNNF5BGA66MTG52, ranked: true, rules-hash: (some 0xabababababababababababababababababababababababababababababababab) } (xchess-core-v1:318)
{ bootstrap: u250000, event: "sponsorship-funded", expiry: u17104, funded-by: 'ST1PXSHZJDK862PABE15F07WSECNNF5BGA66MTG52, game: u172, rebate: u2000, rebates: u45, reserved: u90000, who: 'ST3TRY6QNMZ18FD96BJHEG4KTWVF7AN5PAKDMRRFP } (xchess-core-v1:388)
{ added: u90000, by: 'ST85J1T8QBRRF1E3X429R720WMMTGMTTBQ1ABDZT, event: "sponsorship-topped-up", game: u116, rebates-added: u45, who: 'ST83QXSNCG4JYJ83HK62MJQ4QK7XP0R5ZHXKW9TN } (xchess-core-v1:474)
{ event: "entry-submitted", game: u172, height: u12786, sender: 'ST83QXSNCG4JYJ83HK62MJQ4QK7XP0R5ZHXKW9TN, seq: u0, value: "e2e4" } (xchess-core-v1:565)
{ event: "entry-submitted", game: u170, height: u12787, sender: 'ST5086KW72GKR8T8JKTH8NRGEP8HGCSQ0W3VKE87, seq: u0, value: "draw?" } (xchess-core-v1:565)
{ event: "entry-submitted", game: u168, height: u12788, sender: 'ST1PXSHZJDK862PABE15F07WSECNNF5BGA66MTG52, seq: u0, value: "draw?" } (xchess-core-v1:565)
{ amount: u2000, event: "rebate-paid", game: u168, rebates-left: u44, who: 'ST1PXSHZJDK862PABE15F07WSECNNF5BGA66MTG52 } (xchess-core-v1:525)
{ event: "game-opened", fee: u1000000, game: u173, height: u12789, opened-by: 'ST1PXSHZJDK862PABE15F07WSECNNF5BGA66MTG52, ranked: true, rules-hash: (some 0xabababababababababababababababababababababababababababababababab) } (xchess-core-v1:318)
{ bootstrap: u250000, event: "sponsorship-funded", expiry: u17109, funded-by: 'ST1PXSHZJDK862PABE15F07WSECNNF5BGA66MTG52, game: u173, rebate: u2000, rebates: u45, reserved: u90000, who: 'ST85J1T8QBRRF1E3X429R720WMMTGMTTBQ1ABDZT } (xchess-core-v1:388)
{ by: 'ST1PXSHZJDK862PABE15F07WSECNNF5BGA66MTG52, event: "sponsorship-settled", game: u77, released: u90000, who: 'ST3TRY6QNMZ18FD96BJHEG4KTWVF7AN5PAKDMRRFP } (xchess-core-v1:606)
{ event: "game-opened", fee: u1000000, game: u174, height: u12791, opened-by: 'ST5086KW72GKR8T8JKTH8NRGEP8HGCSQ0W3VKE87, ranked: false, rules-hash: (some 0xabababababababababababababababababababababababababababababababab) } (xchess-core-v1:318)
{ bootstrap: u250000, event: "sponsorship-funded", expiry: u17111, funded-by: 'ST5086KW72GKR8T8JKTH8NRGEP8HGCSQ0W3VKE87, game: u174, rebate: u2000, rebates: u45, reserved: u90000, who: 'ST1PXSHZJDK862PABE15F07WSECNNF5BGA66MTG52 } (xchess-core-v1:388)
{ amount: u4696320, by: 'ST2PZAQ88V19XWNZAVEGHKJ9MXECC9D73FCCKNB4Z, event: "withdrawn", to: 'ST2PZAQ88V19XWNZAVEGHKJ9MXECC9D73FCCKNB4Z } (xchess-core-v1:669)
{ event: "game-opened", fee: u1000000, game: u175, height: u12794, opened-by: 'ST85J1T8QBRRF1E3X429R720WMMTGMTTBQ1ABDZT, ranked: false, rules-hash: (some 0xabababababababababababababababababababababababababababababababab) } (xchess-core-v1:318)
{ event: "entry-submitted", game: u165, height: u14704, sender: 'ST1PXSHZJDK862PABE15F07WSECNNF5BGA66MTG52, seq: u1, value: "resgn" } (xchess-core-v1:565)
{ event: "entry-submitted", game: u174, height: u14705, sender: 'ST3TRY6QNMZ18FD96BJHEG4KTWVF7AN5PAKDMRRFP, seq: u0, value: "draw?" } (xchess-core-v1:565)
{ event: "game-opened", fee: u1000000, game: u176, height: u14706, opened-by: 'ST85J1T8QBRRF1E3X429R720WMMTGMTTBQ1ABDZT, ranked: true, rules-hash: (some 0xabababababababababababababababababababababababababababababababab) } (xchess-core-v1:318)
{ bootstrap: u250000, event: "sponsorship-funded", expiry: u19026, funded-by: 'ST85J1T8QBRRF1E3X429R720WMMTGMTTBQ1ABDZT, game: u176, rebate: u2000, rebates: u45, reserved: u90000, who: 'ST1PXSHZJDK862PABE15F07WSECNNF5BGA66MTG52 } (xchess-core-v1:388)
{ bootstrap: u250000, event: "sponsorship-funded", expiry: u19026, funded-by: 'ST85J1T8QBRRF1E3X429R720WMMTGMTTBQ1ABDZT, game: u176, rebate: u2000, rebates: u45, reserved: u90000, who: 'ST83QXSNCG4JYJ83HK62MJQ4QK7XP0R5ZHXKW9TN } (xchess-core-v1:388)
{ event: "entry-submitted", game: u174, height: u16513, sender: 'ST83QXSNCG4JYJ83HK62MJQ4QK7XP0R5ZHXKW9TN, seq: u1, value: "resgn" } (xchess-core-v1:565)
{ event: "game-opened", fee: u1000000, game: u177, height: u16514, opened-by: 'ST1PXSHZJDK862PABE15F07WSECNNF5BGA66MTG52, ranked: false, rules-hash: (some 0xabababababababababababababababababababababababababababababababab) } (xchess-core-v1:318)
{ bootstrap: u250000, event: "sponsorship-funded", expiry: u20834, funded-by: 'ST1PXSHZJDK862PABE15F07WSECNNF5BGA66MTG52, game: u177, rebate: u2000, rebates: u45, reserved: u90000, who: 'ST5086KW72GKR8T8JKTH8NRGEP8HGCSQ0W3VKE87 } (xchess-core-v1:388)
{ added: u90000, by: 'ST83QXSNCG4JYJ83HK62MJQ4QK7XP0R5ZHXKW9TN, event: "sponsorship-topped-up", game: u4, rebates-added: u45, who: 'ST83QXSNCG4JYJ83HK62MJQ4QK7XP0R5ZHXKW9TN } (xchess-core-v1:474)
{ by: 'ST83QXSNCG4JYJ83HK62MJQ4QK7XP0R5ZHXKW9TN, event: "sponsorship-settled", game: u144, released: u90000, who: 'ST85J1T8QBRRF1E3X429R720WMMTGMTTBQ1ABDZT } (xchess-core-v1:606)
{ event: "entry-submitted", game: u175, height: u16517, sender: 'ST3TRY6QNMZ18FD96BJHEG4KTWVF7AN5PAKDMRRFP, seq: u0, value: "resgn" } (xchess-core-v1:565)
{ event: "game-opened", fee: u1000000, game: u178, height: u16518, opened-by: 'ST1PXSHZJDK862PABE15F07WSECNNF5BGA66MTG52, ranked: false, rules-hash: (some 0xabababababababababababababababababababababababababababababababab) } (xchess-core-v1:318)
{ bootstrap: u250000, event: "sponsorship-funded", expiry: u20838, funded-by: 'ST1PXSHZJDK862PABE15F07WSECNNF5BGA66MTG52, game: u178, rebate: u2000, rebates: u45, reserved: u90000, who: 'ST85J1T8QBRRF1E3X429R720WMMTGMTTBQ1ABDZT } (xchess-core-v1:388)
{ event: "game-opened", fee: u1000000, game: u179, height: u16519, opened-by: 'ST83QXSNCG4JYJ83HK62MJQ4QK7XP0R5ZHXKW9TN, ranked: false, rules-hash: (some 0xabababababababababababababababababababababababababababababababab) } (xchess-core-v1:318)
{ bootstrap: u250000, event: "sponsorship-funded", expiry: u20839, funded-by: 'ST83QXSNCG4JYJ83HK62MJQ4QK7XP0R5ZHXKW9TN, game: u179, rebate: u2000, rebates: u45, reserved: u90000, who: 'ST85J1T8QBRRF1E3X429R720WMMTGMTTBQ1ABDZT } (xchess-core-v1:388)
{ bootstrap: u250000, event: "sponsorship-funded", expiry: u20839, funded-by: 'ST83QXSNCG4JYJ83HK62MJQ4QK7XP0R5ZHXKW9TN, game: u179, rebate: u2000, rebates: u45, reserved: u90000, who: 'ST1PXSHZJDK862PABE15F07WSECNNF5BGA66MTG52 } (xchess-core-v1:388)
{ event: "entry-submitted", game: u169, height: u16520, sender: 'ST1PXSHZJDK862PABE15F07WSECNNF5BGA66MTG52, seq: u0, value: "resgn" } (xchess-core-v1:565)
{ event: "entry-submitted", game: u171, height: u16521, sender: 'ST5086KW72GKR8T8JKTH8NRGEP8HGCSQ0W3VKE87, seq: u0, value: "resgn" } (xchess-core-v1:565)
{ event: "entry-submitted", game: u179, height: u16522, sender: 'ST83QXSNCG4JYJ83HK62MJQ4QK7XP0R5ZHXKW9TN, seq: u0, value: "e2e4" } (xchess-core-v1:565)
{ event: "game-opened", fee: u1000000, game: u180, height: u16523, opened-by: 'ST85J1T8QBRRF1E3X429R720WMMTGMTTBQ1ABDZT, ranked: false, rules-hash: (some 0xabababababababababababababababababababababababababababababababab) } (xchess-core-v1:318)
{ event: "entry-submitted", game: u175, height: u16524, sender: 'ST5086KW72GKR8T8JKTH8NRGEP8HGCSQ0W3VKE87, seq: u1, value: "draw?" } (xchess-core-v1:565)
{ event: "game-opened", fee: u1000000, game: u181, height: u16525, opened-by: 'ST83QXSNCG4JYJ83HK62MJQ4QK7XP0R5ZHXKW9TN, ranked: true, rules-hash: (some 0xabababababababababababababababababababababababababababababababab) } (xchess-core-v1:318)
{ event: "entry-submitted", game: u166, height: u16526, sender: 'ST1PXSHZJDK862PABE15F07WSECNNF5BGA66MTG52, seq: u1, value: "e2e4" } (xchess-core-v1:565)
{ amount: u2000, event: "rebate-paid", game: u166, rebates-left: u43, who: 'ST1PXSHZJDK862PABE15F07WSECNNF5BGA66MTG52 } (xchess-core-v1:525)
{ by: 'ST5086KW72GKR8T8JKTH8NRGEP8HGCSQ0W3VKE87, event: "sponsorship-settled", game: u136, released: u88000, who: 'ST83QXSNCG4JYJ83HK62MJQ4QK7XP0R5ZHXKW9TN } (xchess-core-v1:606)
{ event: "entry-submitted", game: u168, height: u16528, sender: 'ST1PXSHZJDK862PABE15F07WSECNNF5BGA66MTG52, seq: u1, value: "draw?" } (xchess-core-v1:565)
{ amount: u2000, event: "rebate-paid", game: u168, rebates-left: u43, who: 'ST1PXSHZJDK862PABE15F07WSECNNF5BGA66MTG52 } (xchess-core-v1:525)
{ amount: u6112160, by: 'ST2PZAQ88V19XWNZAVEGHKJ9MXECC9D73FCCKNB4Z, event: "withdrawn", to: 'ST2PZAQ88V19XWNZAVEGHKJ9MXECC9D73FCCKNB4Z } (xchess-core-v1:669)
{ event: "game-opened", fee: u1000000, game: u182, height: u16531, opened-by: 'ST83QXSNCG4JYJ83HK62MJQ4QK7XP0R5ZHXKW9TN, ranked: false, rules-hash: (some 0xabababababababababababababababababababababababababababababababab) } (xchess-core-v1:318)
{ event: "entry-submitted", game: u182, height: u16532, sender: 'ST83QXSNCG4JYJ83HK62MJQ4QK7XP0R5ZHXKW9TN, seq: u0, value: "e2e4" } (xchess-core-v1:565)
{ event: "entry-submitted", game: u182, height: u16533, sender: 'ST83QXSNCG4JYJ83HK62MJQ4QK7XP0R5ZHXKW9TN, seq: u1, value: "resgn" } (xchess-core-v1:565)
{ event: "entry-submitted", game: u182, height: u16535, sender: 'ST85J1T8QBRRF1E3X429R720WMMTGMTTBQ1ABDZT, seq: u2, value: "resgn" } (xchess-core-v1:565)
{ event: "entry-submitted", game: u182, height: u16536, sender: 'ST83QXSNCG4JYJ83HK62MJQ4QK7XP0R5ZHXKW9TN, seq: u3, value: "e2e4" } (xchess-core-v1:565)
{ event: "entry-submitted", game: u182, height: u16537, sender: 'ST83QXSNCG4JYJ83HK62MJQ4QK7XP0R5ZHXKW9TN, seq: u4, value: "draw?" } (xchess-core-v1:565)
{ added: u90000, by: 'ST1PXSHZJDK862PABE15F07WSECNNF5BGA66MTG52, event: "sponsorship-topped-up", game: u138, rebates-added: u45, who: 'ST83QXSNCG4JYJ83HK62MJQ4QK7XP0R5ZHXKW9TN } (xchess-core-v1:474)
{ event: "entry-submitted", game: u182, height: u16539, sender: 'ST85J1T8QBRRF1E3X429R720WMMTGMTTBQ1ABDZT, seq: u5, value: "zzzz" } (xchess-core-v1:565)
{ event: "game-opened", fee: u1000000, game: u183, height: u17134, opened-by: 'ST83QXSNCG4JYJ83HK62MJQ4QK7XP0R5ZHXKW9TN, ranked: false, rules-hash: (some 0xabababababababababababababababababababababababababababababababab) } (xchess-core-v1:318)
{ bootstrap: u250000, event: "sponsorship-funded", expiry: u21454, funded-by: 'ST83QXSNCG4JYJ83HK62MJQ4QK7XP0R5ZHXKW9TN, game: u183, rebate: u2000, rebates: u45, reserved: u90000, who: 'ST1PXSHZJDK862PABE15F07WSECNNF5BGA66MTG52 } (xchess-core-v1:388)
{ event: "entry-submitted", game: u183, height: u17135, sender: 'ST85J1T8QBRRF1E3X429R720WMMTGMTTBQ1ABDZT, seq: u0, value: "draw?" } (xchess-core-v1:565)
{ event: "game-opened", fee: u1000000, game: u184, height: u17137, opened-by: 'ST5086KW72GKR8T8JKTH8NRGEP8HGCSQ0W3VKE87, ranked: false, rules-hash: (some 0xabababababababababababababababababababababababababababababababab) } (xchess-core-v1:318)
{ event: "entry-submitted", game: u182, height: u17138, sender: 'ST83QXSNCG4JYJ83HK62MJQ4QK7XP0R5ZHXKW9TN, seq: u6, value: "zzzz" } (xchess-core-v1:565)
{ event: "game-opened", fee: u1000000, game: u185, height: u17139, opened-by: 'ST83QXSNCG4JYJ83HK62MJQ4QK7XP0R5ZHXKW9TN, ranked: true, rules-hash: (some 0xabababababababababababababababababababababababababababababababab) } (xchess-core-v1:318)
{ event: "entry-submitted", game: u184, height: u17140, sender: 'ST3TRY6QNMZ18FD96BJHEG4KTWVF7AN5PAKDMRRFP, seq: u0, value: "resgn" } (xchess-core-v1:565)
{ event: "entry-submitted", game: u183, height: u17141, sender: 'ST85J1T8QBRRF1E3X429R720WMMTGMTTBQ1ABDZT, seq: u1, value: "zzzz" } (xchess-core-v1:565)
{ event: "entry-submitted", game: u185, height: u17142, sender: 'ST1PXSHZJDK862PABE15F07WSECNNF5BGA66MTG52, seq: u0, value: "zzzz" } (xchess-core-v1:565)
{ event: "game-opened", fee: u1000000, game: u186, height: u17143, opened-by: 'ST5086KW72GKR8T8JKTH8NRGEP8HGCSQ0W3VKE87, ranked: true, rules-hash: (some 0xabababababababababababababababababababababababababababababababab) } (xchess-core-v1:318)
{ bootstrap: u250000, event: "sponsorship-funded", expiry: u21463, funded-by: 'ST5086KW72GKR8T8JKTH8NRGEP8HGCSQ0W3VKE87, game: u186, rebate: u2000, rebates: u45, reserved: u90000, who: 'ST85J1T8QBRRF1E3X429R720WMMTGMTTBQ1ABDZT } (xchess-core-v1:388)
{ bootstrap: u250000, event: "sponsorship-funded", expiry: u21463, funded-by: 'ST5086KW72GKR8T8JKTH8NRGEP8HGCSQ0W3VKE87, game: u186, rebate: u2000, rebates: u45, reserved: u90000, who: 'ST1PXSHZJDK862PABE15F07WSECNNF5BGA66MTG52 } (xchess-core-v1:388)
{ event: "game-opened", fee: u1000000, game: u187, height: u17144, opened-by: 'ST83QXSNCG4JYJ83HK62MJQ4QK7XP0R5ZHXKW9TN, ranked: false, rules-hash: (some 0xabababababababababababababababababababababababababababababababab) } (xchess-core-v1:318)
{ event: "game-opened", fee: u1000000, game: u188, height: u17145, opened-by: 'ST1PXSHZJDK862PABE15F07WSECNNF5BGA66MTG52, ranked: false, rules-hash: (some 0xabababababababababababababababababababababababababababababababab) } (xchess-core-v1:318)
{ bootstrap: u250000, event: "sponsorship-funded", expiry: u21465, funded-by: 'ST1PXSHZJDK862PABE15F07WSECNNF5BGA66MTG52, game: u188, rebate: u2000, rebates: u45, reserved: u90000, who: 'ST83QXSNCG4JYJ83HK62MJQ4QK7XP0R5ZHXKW9TN } (xchess-core-v1:388)
{ by: 'ST1PXSHZJDK862PABE15F07WSECNNF5BGA66MTG52, event: "sponsorship-settled", game: u116, released: u90000, who: 'ST85J1T8QBRRF1E3X429R720WMMTGMTTBQ1ABDZT } (xchess-core-v1:606)
{ amount: u6726080, by: 'ST2PZAQ88V19XWNZAVEGHKJ9MXECC9D73FCCKNB4Z, event: "withdrawn", to: 'ST2PZAQ88V19XWNZAVEGHKJ9MXECC9D73FCCKNB4Z } (xchess-core-v1:669)
{ event: "entry-submitted", game: u185, height: u17149, sender: 'ST1PXSHZJDK862PABE15F07WSECNNF5BGA66MTG52, seq: u1, value: "zzzz" } (xchess-core-v1:565)
{ event: "game-opened", fee: u1000000, game: u189, height: u17150, opened-by: 'ST5086KW72GKR8T8JKTH8NRGEP8HGCSQ0W3VKE87, ranked: false, rules-hash: (some 0xabababababababababababababababababababababababababababababababab) } (xchess-core-v1:318)
{ event: "entry-submitted", game: u182, height: u17151, sender: 'ST85J1T8QBRRF1E3X429R720WMMTGMTTBQ1ABDZT, seq: u7, value: "zzzz" } (xchess-core-v1:565)
{ event: "entry-submitted", game: u186, height: u17152, sender: 'ST85J1T8QBRRF1E3X429R720WMMTGMTTBQ1ABDZT, seq: u0, value: "zzzz" } (xchess-core-v1:565)
{ amount: u2000, event: "rebate-paid", game: u186, rebates-left: u44, who: 'ST85J1T8QBRRF1E3X429R720WMMTGMTTBQ1ABDZT } (xchess-core-v1:525)
{ event: "entry-submitted", game: u189, height: u17153, sender: 'ST3TRY6QNMZ18FD96BJHEG4KTWVF7AN5PAKDMRRFP, seq: u0, value: "zzzz" } (xchess-core-v1:565)
{ event: "entry-submitted", game: u186, height: u17154, sender: 'ST83QXSNCG4JYJ83HK62MJQ4QK7XP0R5ZHXKW9TN, seq: u1, value: "e2e4" } (xchess-core-v1:565)
{ event: "entry-submitted", game: u187, height: u17155, sender: 'ST3TRY6QNMZ18FD96BJHEG4KTWVF7AN5PAKDMRRFP, seq: u0, value: "zzzz" } (xchess-core-v1:565)
{ event: "game-opened", fee: u1000000, game: u190, height: u17156, opened-by: 'ST85J1T8QBRRF1E3X429R720WMMTGMTTBQ1ABDZT, ranked: false, rules-hash: (some 0xabababababababababababababababababababababababababababababababab) } (xchess-core-v1:318)
{ bootstrap: u250000, event: "sponsorship-funded", expiry: u21476, funded-by: 'ST85J1T8QBRRF1E3X429R720WMMTGMTTBQ1ABDZT, game: u190, rebate: u2000, rebates: u45, reserved: u90000, who: 'ST5086KW72GKR8T8JKTH8NRGEP8HGCSQ0W3VKE87 } (xchess-core-v1:388)
{ event: "game-opened", fee: u1000000, game: u191, height: u17157, opened-by: 'ST5086KW72GKR8T8JKTH8NRGEP8HGCSQ0W3VKE87, ranked: false, rules-hash: (some 0xabababababababababababababababababababababababababababababababab) } (xchess-core-v1:318)
{ bootstrap: u250000, event: "sponsorship-funded", expiry: u21477, funded-by: 'ST5086KW72GKR8T8JKTH8NRGEP8HGCSQ0W3VKE87, game: u191, rebate: u2000, rebates: u45, reserved: u90000, who: 'ST85J1T8QBRRF1E3X429R720WMMTGMTTBQ1ABDZT } (xchess-core-v1:388)
{ bootstrap: u250000, event: "sponsorship-funded", expiry: u21477, funded-by: 'ST5086KW72GKR8T8JKTH8NRGEP8HGCSQ0W3VKE87, game: u191, rebate: u2000, rebates: u45, reserved: u90000, who: 'ST1PXSHZJDK862PABE15F07WSECNNF5BGA66MTG52 } (xchess-core-v1:388)
{ added: u90000, by: 'ST85J1T8QBRRF1E3X429R720WMMTGMTTBQ1ABDZT, event: "sponsorship-topped-up", game: u121, rebates-added: u45, who: 'ST5086KW72GKR8T8JKTH8NRGEP8HGCSQ0W3VKE87 } (xchess-core-v1:474)
{ event: "game-opened", fee: u1000000, game: u192, height: u17159, opened-by: 'ST83QXSNCG4JYJ83HK62MJQ4QK7XP0R5ZHXKW9TN, ranked: false, rules-hash: (some 0xabababababababababababababababababababababababababababababababab) } (xchess-core-v1:318)
{ bootstrap: u250000, event: "sponsorship-funded", expiry: u21479, funded-by: 'ST83QXSNCG4JYJ83HK62MJQ4QK7XP0R5ZHXKW9TN, game: u192, rebate: u2000, rebates: u45, reserved: u90000, who: 'ST85J1T8QBRRF1E3X429R720WMMTGMTTBQ1ABDZT } (xchess-core-v1:388)
{ bootstrap: u250000, event: "sponsorship-funded", expiry: u21479, funded-by: 'ST83QXSNCG4JYJ83HK62MJQ4QK7XP0R5ZHXKW9TN, game: u192, rebate: u2000, rebates: u45, reserved: u90000, who: 'ST1PXSHZJDK862PABE15F07WSECNNF5BGA66MTG52 } (xchess-core-v1:388)
{ event: "entry-submitted", game: u184, height: u17160, sender: 'ST5086KW72GKR8T8JKTH8NRGEP8HGCSQ0W3VKE87, seq: u1, value: "resgn" } (xchess-core-v1:565)
{ event: "game-opened", fee: u1000000, game: u193, height: u17161, opened-by: 'ST83QXSNCG4JYJ83HK62MJQ4QK7XP0R5ZHXKW9TN, ranked: false, rules-hash: (some 0xabababababababababababababababababababababababababababababababab) } (xchess-core-v1:318)
{ event: "game-opened", fee: u1000000, game: u194, height: u17162, opened-by: 'ST5086KW72GKR8T8JKTH8NRGEP8HGCSQ0W3VKE87, ranked: false, rules-hash: (some 0xabababababababababababababababababababababababababababababababab) } (xchess-core-v1:318)
{ bootstrap: u250000, event: "sponsorship-funded", expiry: u21482, funded-by: 'ST5086KW72GKR8T8JKTH8NRGEP8HGCSQ0W3VKE87, game: u194, rebate: u2000, rebates: u45, reserved: u90000, who: 'ST3TRY6QNMZ18FD96BJHEG4KTWVF7AN5PAKDMRRFP } (xchess-core-v1:388)
{ event: "game-opened", fee: u1000000, game: u195, height: u17163, opened-by: 'ST1PXSHZJDK862PABE15F07WSECNNF5BGA66MTG52, ranked: false, rules-hash: (some 0xabababababababababababababababababababababababababababababababab) } (xchess-core-v1:318)
{ event: "entry-submitted", game: u191, height: u17164, sender: 'ST5086KW72GKR8T8JKTH8NRGEP8HGCSQ0W3VKE87, seq: u0, value: "e2e4" } (xchess-core-v1:565)
{ event: "entry-submitted", game: u188, height: u17165, sender: 'ST85J1T8QBRRF1E3X429R720WMMTGMTTBQ1ABDZT, seq: u0, value: "draw?" } (xchess-core-v1:565)
{ event: "game-opened", fee: u1000000, game: u196, height: u17166, opened-by: 'ST85J1T8QBRRF1E3X429R720WMMTGMTTBQ1ABDZT, ranked: false, rules-hash: (some 0xabababababababababababababababababababababababababababababababab) } (xchess-core-v1:318)
{ event: "entry-submitted", game: u192, height: u17167, sender: 'ST3TRY6QNMZ18FD96BJHEG4KTWVF7AN5PAKDMRRFP, seq: u0, value: "draw?" } (xchess-core-v1:565)
{ event: "game-opened", fee: u1000000, game: u197, height: u17270, opened-by: 'ST83QXSNCG4JYJ83HK62MJQ4QK7XP0R5ZHXKW9TN, ranked: false, rules-hash: (some 0xabababababababababababababababababababababababababababababababab) } (xchess-core-v1:318)
{ bootstrap: u250000, event: "sponsorship-funded", expiry: u21590, funded-by: 'ST83QXSNCG4JYJ83HK62MJQ4QK7XP0R5ZHXKW9TN, game: u197, rebate: u2000, rebates: u45, reserved: u90000, who: 'ST1PXSHZJDK862PABE15F07WSECNNF5BGA66MTG52 } (xchess-core-v1:388)
{ event: "game-opened", fee: u1000000, game: u198, height: u17271, opened-by: 'ST85J1T8QBRRF1E3X429R720WMMTGMTTBQ1ABDZT, ranked: false, rules-hash: (some 0xabababababababababababababababababababababababababababababababab) } (xchess-core-v1:318)
{ amount: u8563040, by: 'ST2PZAQ88V19XWNZAVEGHKJ9MXECC9D73FCCKNB4Z, event: "withdrawn", to: 'ST2PZAQ88V19XWNZAVEGHKJ9MXECC9D73FCCKNB4Z } (xchess-core-v1:669)
{ event: "game-opened", fee: u1000000, game: u199, height: u17274, opened-by: 'ST85J1T8QBRRF1E3X429R720WMMTGMTTBQ1ABDZT, ranked: false, rules-hash: (some 0xabababababababababababababababababababababababababababababababab) } (xchess-core-v1:318)
{ bootstrap: u250000, event: "sponsorship-funded", expiry: u21594, funded-by: 'ST85J1T8QBRRF1E3X429R720WMMTGMTTBQ1ABDZT, game: u199, rebate: u2000, rebates: u45, reserved: u90000, who: 'ST5086KW72GKR8T8JKTH8NRGEP8HGCSQ0W3VKE87 } (xchess-core-v1:388)
{ event: "entry-submitted", game: u199, height: u17275, sender: 'ST85J1T8QBRRF1E3X429R720WMMTGMTTBQ1ABDZT, seq: u0, value: "draw?" } (xchess-core-v1:565)
{ event: "game-opened", fee: u1000000, game: u200, height: u17276, opened-by: 'ST83QXSNCG4JYJ83HK62MJQ4QK7XP0R5ZHXKW9TN, ranked: false, rules-hash: (some 0xabababababababababababababababababababababababababababababababab) } (xchess-core-v1:318)
{ bootstrap: u250000, event: "sponsorship-funded", expiry: u21596, funded-by: 'ST83QXSNCG4JYJ83HK62MJQ4QK7XP0R5ZHXKW9TN, game: u200, rebate: u2000, rebates: u45, reserved: u90000, who: 'ST85J1T8QBRRF1E3X429R720WMMTGMTTBQ1ABDZT } (xchess-core-v1:388)
{ bootstrap: u250000, event: "sponsorship-funded", expiry: u21596, funded-by: 'ST83QXSNCG4JYJ83HK62MJQ4QK7XP0R5ZHXKW9TN, game: u200, rebate: u2000, rebates: u45, reserved: u90000, who: 'ST1PXSHZJDK862PABE15F07WSECNNF5BGA66MTG52 } (xchess-core-v1:388)
{ event: "entry-submitted", game: u199, height: u17277, sender: 'ST5086KW72GKR8T8JKTH8NRGEP8HGCSQ0W3VKE87, seq: u1, value: "draw?" } (xchess-core-v1:565)
{ amount: u2000, event: "rebate-paid", game: u199, rebates-left: u44, who: 'ST5086KW72GKR8T8JKTH8NRGEP8HGCSQ0W3VKE87 } (xchess-core-v1:525)
{ event: "game-opened", fee: u1000000, game: u201, height: u17278, opened-by: 'ST1PXSHZJDK862PABE15F07WSECNNF5BGA66MTG52, ranked: false, rules-hash: (some 0xabababababababababababababababababababababababababababababababab) } (xchess-core-v1:318)
{ bootstrap: u250000, event: "sponsorship-funded", expiry: u21598, funded-by: 'ST1PXSHZJDK862PABE15F07WSECNNF5BGA66MTG52, game: u201, rebate: u2000, rebates: u45, reserved: u90000, who: 'ST3TRY6QNMZ18FD96BJHEG4KTWVF7AN5PAKDMRRFP } (xchess-core-v1:388)
{ event: "entry-submitted", game: u198, height: u17279, sender: 'ST85J1T8QBRRF1E3X429R720WMMTGMTTBQ1ABDZT, seq: u0, value: "resgn" } (xchess-core-v1:565)
{ event: "game-opened", fee: u1000000, game: u202, height: u17280, opened-by: 'ST1PXSHZJDK862PABE15F07WSECNNF5BGA66MTG52, ranked: true, rules-hash: (some 0xabababababababababababababababababababababababababababababababab) } (xchess-core-v1:318)
{ event: "game-opened", fee: u1000000, game: u203, height: u17281, opened-by: 'ST85J1T8QBRRF1E3X429R720WMMTGMTTBQ1ABDZT, ranked: false, rules-hash: (some 0xabababababababababababababababababababababababababababababababab) } (xchess-core-v1:318)
{ bootstrap: u250000, event: "sponsorship-funded", expiry: u21601, funded-by: 'ST85J1T8QBRRF1E3X429R720WMMTGMTTBQ1ABDZT, game: u203, rebate: u2000, rebates: u45, reserved: u90000, who: 'ST1PXSHZJDK862PABE15F07WSECNNF5BGA66MTG52 } (xchess-core-v1:388)
{ bootstrap: u250000, event: "sponsorship-funded", expiry: u21601, funded-by: 'ST85J1T8QBRRF1E3X429R720WMMTGMTTBQ1ABDZT, game: u203, rebate: u2000, rebates: u45, reserved: u90000, who: 'ST83QXSNCG4JYJ83HK62MJQ4QK7XP0R5ZHXKW9TN } (xchess-core-v1:388)
{ event: "entry-submitted", game: u199, height: u17282, sender: 'ST83QXSNCG4JYJ83HK62MJQ4QK7XP0R5ZHXKW9TN, seq: u2, value: "resgn" } (xchess-core-v1:565)
{ event: "game-opened", fee: u1000000, game: u204, height: u17283, opened-by: 'ST1PXSHZJDK862PABE15F07WSECNNF5BGA66MTG52, ranked: true, rules-hash: (some 0xabababababababababababababababababababababababababababababababab) } (xchess-core-v1:318)
{ bootstrap: u250000, event: "sponsorship-funded", expiry: u21603, funded-by: 'ST1PXSHZJDK862PABE15F07WSECNNF5BGA66MTG52, game: u204, rebate: u2000, rebates: u45, reserved: u90000, who: 'ST3TRY6QNMZ18FD96BJHEG4KTWVF7AN5PAKDMRRFP } (xchess-core-v1:388)
{ event: "game-opened", fee: u1000000, game: u205, height: u17284, opened-by: 'ST83QXSNCG4JYJ83HK62MJQ4QK7XP0R5ZHXKW9TN, ranked: false, rules-hash: (some 0xabababababababababababababababababababababababababababababababab) } (xchess-core-v1:318)
{ event: "game-opened", fee: u1000000, game: u206, height: u17285, opened-by: 'ST85J1T8QBRRF1E3X429R720WMMTGMTTBQ1ABDZT, ranked: false, rules-hash: (some 0xabababababababababababababababababababababababababababababababab) } (xchess-core-v1:318)
{ bootstrap: u250000, event: "sponsorship-funded", expiry: u21605, funded-by: 'ST85J1T8QBRRF1E3X429R720WMMTGMTTBQ1ABDZT, game: u206, rebate: u2000, rebates: u45, reserved: u90000, who: 'ST5086KW72GKR8T8JKTH8NRGEP8HGCSQ0W3VKE87 } (xchess-core-v1:388)
{ event: "game-opened", fee: u1000000, game: u207, height: u17286, opened-by: 'ST1PXSHZJDK862PABE15F07WSECNNF5BGA66MTG52, ranked: false, rules-hash: (some 0xabababababababababababababababababababababababababababababababab) } (xchess-core-v1:318)
{ bootstrap: u250000, event: "sponsorship-funded", expiry: u21606, funded-by: 'ST1PXSHZJDK862PABE15F07WSECNNF5BGA66MTG52, game: u207, rebate: u2000, rebates: u45, reserved: u90000, who: 'ST83QXSNCG4JYJ83HK62MJQ4QK7XP0R5ZHXKW9TN } (xchess-core-v1:388)
{ event: "game-opened", fee: u1000000, game: u208, height: u17287, opened-by: 'ST83QXSNCG4JYJ83HK62MJQ4QK7XP0R5ZHXKW9TN, ranked: false, rules-hash: (some 0xabababababababababababababababababababababababababababababababab) } (xchess-core-v1:318)
{ event: "game-opened", fee: u1000000, game: u209, height: u17288, opened-by: 'ST1PXSHZJDK862PABE15F07WSECNNF5BGA66MTG52, ranked: false, rules-hash: (some 0xabababababababababababababababababababababababababababababababab) } (xchess-core-v1:318)
{ bootstrap: u250000, event: "sponsorship-funded", expiry: u21608, funded-by: 'ST1PXSHZJDK862PABE15F07WSECNNF5BGA66MTG52, game: u209, rebate: u2000, rebates: u45, reserved: u90000, who: 'ST85J1T8QBRRF1E3X429R720WMMTGMTTBQ1ABDZT } (xchess-core-v1:388)
{ event: "game-opened", fee: u1000000, game: u210, height: u17289, opened-by: 'ST85J1T8QBRRF1E3X429R720WMMTGMTTBQ1ABDZT, ranked: false, rules-hash: (some 0xabababababababababababababababababababababababababababababababab) } (xchess-core-v1:318)
{ event: "entry-submitted", game: u203, height: u17290, sender: 'ST83QXSNCG4JYJ83HK62MJQ4QK7XP0R5ZHXKW9TN, seq: u0, value: "e2e4" } (xchess-core-v1:565)
{ amount: u2000, event: "rebate-paid", game: u203, rebates-left: u44, who: 'ST83QXSNCG4JYJ83HK62MJQ4QK7XP0R5ZHXKW9TN } (xchess-core-v1:525)
{ event: "game-opened", fee: u1000000, game: u211, height: u17291, opened-by: 'ST83QXSNCG4JYJ83HK62MJQ4QK7XP0R5ZHXKW9TN, ranked: false, rules-hash: (some 0xabababababababababababababababababababababababababababababababab) } (xchess-core-v1:318)
{ amount: u11031520, by: 'ST2PZAQ88V19XWNZAVEGHKJ9MXECC9D73FCCKNB4Z, event: "withdrawn", to: 'ST2PZAQ88V19XWNZAVEGHKJ9MXECC9D73FCCKNB4Z } (xchess-core-v1:669)
{ added: u90000, by: 'ST83QXSNCG4JYJ83HK62MJQ4QK7XP0R5ZHXKW9TN, event: "sponsorship-topped-up", game: u55, rebates-added: u45, who: 'ST83QXSNCG4JYJ83HK62MJQ4QK7XP0R5ZHXKW9TN } (xchess-core-v1:474)
{ added: u90000, by: 'ST5086KW72GKR8T8JKTH8NRGEP8HGCSQ0W3VKE87, event: "sponsorship-topped-up", game: u62, rebates-added: u45, who: 'ST85J1T8QBRRF1E3X429R720WMMTGMTTBQ1ABDZT } (xchess-core-v1:474)
{ event: "game-opened", fee: u1000000, game: u212, height: u17296, opened-by: 'ST5086KW72GKR8T8JKTH8NRGEP8HGCSQ0W3VKE87, ranked: false, rules-hash: (some 0xabababababababababababababababababababababababababababababababab) } (xchess-core-v1:318)
{ bootstrap: u250000, event: "sponsorship-funded", expiry: u21616, funded-by: 'ST5086KW72GKR8T8JKTH8NRGEP8HGCSQ0W3VKE87, game: u212, rebate: u2000, rebates: u45, reserved: u90000, who: 'ST85J1T8QBRRF1E3X429R720WMMTGMTTBQ1ABDZT } (xchess-core-v1:388)
{ event: "game-opened", fee: u1000000, game: u213, height: u17297, opened-by: 'ST1PXSHZJDK862PABE15F07WSECNNF5BGA66MTG52, ranked: false, rules-hash: (some 0xabababababababababababababababababababababababababababababababab) } (xchess-core-v1:318)
{ event: "game-opened", fee: u1000000, game: u214, height: u17298, opened-by: 'ST1PXSHZJDK862PABE15F07WSECNNF5BGA66MTG52, ranked: false, rules-hash: (some 0xabababababababababababababababababababababababababababababababab) } (xchess-core-v1:318)
{ bootstrap: u250000, event: "sponsorship-funded", expiry: u21618, funded-by: 'ST1PXSHZJDK862PABE15F07WSECNNF5BGA66MTG52, game: u214, rebate: u2000, rebates: u45, reserved: u90000, who: 'ST83QXSNCG4JYJ83HK62MJQ4QK7XP0R5ZHXKW9TN } (xchess-core-v1:388)
{ event: "entry-submitted", game: u210, height: u17299, sender: 'ST85J1T8QBRRF1E3X429R720WMMTGMTTBQ1ABDZT, seq: u0, value: "draw?" } (xchess-core-v1:565)
{ event: "entry-submitted", game: u213, height: u17300, sender: 'ST3TRY6QNMZ18FD96BJHEG4KTWVF7AN5PAKDMRRFP, seq: u0, value: "e2e4" } (xchess-core-v1:565)
{ event: "entry-submitted", game: u206, height: u17301, sender: 'ST1PXSHZJDK862PABE15F07WSECNNF5BGA66MTG52, seq: u0, value: "draw?" } (xchess-core-v1:565)
{ event: "game-opened", fee: u1000000, game: u215, height: u17302, opened-by: 'ST85J1T8QBRRF1E3X429R720WMMTGMTTBQ1ABDZT, ranked: false, rules-hash: (some 0xabababababababababababababababababababababababababababababababab) } (xchess-core-v1:318)
{ bootstrap: u250000, event: "sponsorship-funded", expiry: u21622, funded-by: 'ST85J1T8QBRRF1E3X429R720WMMTGMTTBQ1ABDZT, game: u215, rebate: u2000, rebates: u45, reserved: u90000, who: 'ST83QXSNCG4JYJ83HK62MJQ4QK7XP0R5ZHXKW9TN } (xchess-core-v1:388)
{ by: 'ST85J1T8QBRRF1E3X429R720WMMTGMTTBQ1ABDZT, event: "sponsorship-settled", game: u106, released: u176000, who: 'ST85J1T8QBRRF1E3X429R720WMMTGMTTBQ1ABDZT } (xchess-core-v1:606)
{ event: "game-opened", fee: u1000000, game: u216, height: u17304, opened-by: 'ST85J1T8QBRRF1E3X429R720WMMTGMTTBQ1ABDZT, ranked: true, rules-hash: (some 0xabababababababababababababababababababababababababababababababab) } (xchess-core-v1:318)
{ bootstrap: u250000, event: "sponsorship-funded", expiry: u21624, funded-by: 'ST85J1T8QBRRF1E3X429R720WMMTGMTTBQ1ABDZT, game: u216, rebate: u2000, rebates: u45, reserved: u90000, who: 'ST3TRY6QNMZ18FD96BJHEG4KTWVF7AN5PAKDMRRFP } (xchess-core-v1:388)
{ event: "entry-submitted", game: u205, height: u17305, sender: 'ST85J1T8QBRRF1E3X429R720WMMTGMTTBQ1ABDZT, seq: u0, value: "zzzz" } (xchess-core-v1:565)
{ event: "game-opened", fee: u1000000, game: u217, height: u17306, opened-by: 'ST1PXSHZJDK862PABE15F07WSECNNF5BGA66MTG52, ranked: false, rules-hash: (some 0xabababababababababababababababababababababababababababababababab) } (xchess-core-v1:318)
{ bootstrap: u250000, event: "sponsorship-funded", expiry: u21626, funded-by: 'ST1PXSHZJDK862PABE15F07WSECNNF5BGA66MTG52, game: u217, rebate: u2000, rebates: u45, reserved: u90000, who: 'ST5086KW72GKR8T8JKTH8NRGEP8HGCSQ0W3VKE87 } (xchess-core-v1:388)
{ event: "entry-submitted", game: u199, height: u17308, sender: 'ST83QXSNCG4JYJ83HK62MJQ4QK7XP0R5ZHXKW9TN, seq: u3, value: "zzzz" } (xchess-core-v1:565)
{ event: "game-opened", fee: u1000000, game: u218, height: u17309, opened-by: 'ST1PXSHZJDK862PABE15F07WSECNNF5BGA66MTG52, ranked: false, rules-hash: (some 0xabababababababababababababababababababababababababababababababab) } (xchess-core-v1:318)
{ event: "game-opened", fee: u1000000, game: u219, height: u17310, opened-by: 'ST85J1T8QBRRF1E3X429R720WMMTGMTTBQ1ABDZT, ranked: false, rules-hash: (some 0xabababababababababababababababababababababababababababababababab) } (xchess-core-v1:318)
{ bootstrap: u250000, event: "sponsorship-funded", expiry: u21630, funded-by: 'ST85J1T8QBRRF1E3X429R720WMMTGMTTBQ1ABDZT, game: u219, rebate: u2000, rebates: u45, reserved: u90000, who: 'ST5086KW72GKR8T8JKTH8NRGEP8HGCSQ0W3VKE87 } (xchess-core-v1:388)
{ event: "entry-submitted", game: u217, height: u17311, sender: 'ST85J1T8QBRRF1E3X429R720WMMTGMTTBQ1ABDZT, seq: u0, value: "e2e4" } (xchess-core-v1:565)
{ event: "game-opened", fee: u1000000, game: u220, height: u17312, opened-by: 'ST85J1T8QBRRF1E3X429R720WMMTGMTTBQ1ABDZT, ranked: false, rules-hash: (some 0xabababababababababababababababababababababababababababababababab) } (xchess-core-v1:318)
{ event: "game-opened", fee: u1000000, game: u221, height: u17313, opened-by: 'ST83QXSNCG4JYJ83HK62MJQ4QK7XP0R5ZHXKW9TN, ranked: false, rules-hash: (some 0xabababababababababababababababababababababababababababababababab) } (xchess-core-v1:318)
{ bootstrap: u250000, event: "sponsorship-funded", expiry: u21633, funded-by: 'ST83QXSNCG4JYJ83HK62MJQ4QK7XP0R5ZHXKW9TN, game: u221, rebate: u2000, rebates: u45, reserved: u90000, who: 'ST5086KW72GKR8T8JKTH8NRGEP8HGCSQ0W3VKE87 } (xchess-core-v1:388)
{ event: "entry-submitted", game: u199, height: u17314, sender: 'ST85J1T8QBRRF1E3X429R720WMMTGMTTBQ1ABDZT, seq: u4, value: "zzzz" } (xchess-core-v1:565)
{ event: "entry-submitted", game: u206, height: u17315, sender: 'ST5086KW72GKR8T8JKTH8NRGEP8HGCSQ0W3VKE87, seq: u1, value: "e2e4" } (xchess-core-v1:565)
{ amount: u2000, event: "rebate-paid", game: u206, rebates-left: u44, who: 'ST5086KW72GKR8T8JKTH8NRGEP8HGCSQ0W3VKE87 } (xchess-core-v1:525)
{ event: "game-opened", fee: u1000000, game: u222, height: u17316, opened-by: 'ST1PXSHZJDK862PABE15F07WSECNNF5BGA66MTG52, ranked: false, rules-hash: (some 0xabababababababababababababababababababababababababababababababab) } (xchess-core-v1:318)
{ event: "entry-submitted", game: u200, height: u17317, sender: 'ST85J1T8QBRRF1E3X429R720WMMTGMTTBQ1ABDZT, seq: u0, value: "resgn" } (xchess-core-v1:565)
{ amount: u2000, event: "rebate-paid", game: u200, rebates-left: u44, who: 'ST85J1T8QBRRF1E3X429R720WMMTGMTTBQ1ABDZT } (xchess-core-v1:525)
{ event: "game-opened", fee: u1000000, game: u223, height: u17318, opened-by: 'ST1PXSHZJDK862PABE15F07WSECNNF5BGA66MTG52, ranked: true, rules-hash: (some 0xabababababababababababababababababababababababababababababababab) } (xchess-core-v1:318)
{ event: "game-opened", fee: u1000000, game: u224, height: u17319, opened-by: 'ST85J1T8QBRRF1E3X429R720WMMTGMTTBQ1ABDZT, ranked: true, rules-hash: (some 0xabababababababababababababababababababababababababababababababab) } (xchess-core-v1:318)
{ event: "game-opened", fee: u1000000, game: u225, height: u17320, opened-by: 'ST1PXSHZJDK862PABE15F07WSECNNF5BGA66MTG52, ranked: false, rules-hash: (some 0xabababababababababababababababababababababababababababababababab) } (xchess-core-v1:318)
{ by: 'ST5086KW72GKR8T8JKTH8NRGEP8HGCSQ0W3VKE87, event: "sponsorship-settled", game: u140, released: u90000, who: 'ST3TRY6QNMZ18FD96BJHEG4KTWVF7AN5PAKDMRRFP } (xchess-core-v1:606)
{ event: "game-opened", fee: u1000000, game: u226, height: u17322, opened-by: 'ST85J1T8QBRRF1E3X429R720WMMTGMTTBQ1ABDZT, ranked: false, rules-hash: (some 0xabababababababababababababababababababababababababababababababab) } (xchess-core-v1:318)
{ bootstrap: u250000, event: "sponsorship-funded", expiry: u21642, funded-by: 'ST85J1T8QBRRF1E3X429R720WMMTGMTTBQ1ABDZT, game: u226, rebate: u2000, rebates: u45, reserved: u90000, who: 'ST1PXSHZJDK862PABE15F07WSECNNF5BGA66MTG52 } (xchess-core-v1:388)
{ bootstrap: u250000, event: "sponsorship-funded", expiry: u21642, funded-by: 'ST85J1T8QBRRF1E3X429R720WMMTGMTTBQ1ABDZT, game: u226, rebate: u2000, rebates: u45, reserved: u90000, who: 'ST83QXSNCG4JYJ83HK62MJQ4QK7XP0R5ZHXKW9TN } (xchess-core-v1:388)
{ event: "entry-submitted", game: u225, height: u17323, sender: 'ST5086KW72GKR8T8JKTH8NRGEP8HGCSQ0W3VKE87, seq: u0, value: "e2e4" } (xchess-core-v1:565)
{ event: "entry-submitted", game: u224, height: u17324, sender: 'ST5086KW72GKR8T8JKTH8NRGEP8HGCSQ0W3VKE87, seq: u0, value: "resgn" } (xchess-core-v1:565)
{ event: "game-opened", fee: u1000000, game: u227, height: u17325, opened-by: 'ST83QXSNCG4JYJ83HK62MJQ4QK7XP0R5ZHXKW9TN, ranked: false, rules-hash: (some 0xabababababababababababababababababababababababababababababababab) } (xchess-core-v1:318)
{ event: "game-opened", fee: u1000000, game: u228, height: u17326, opened-by: 'ST1PXSHZJDK862PABE15F07WSECNNF5BGA66MTG52, ranked: true, rules-hash: (some 0xabababababababababababababababababababababababababababababababab) } (xchess-core-v1:318)
{ event: "game-opened", fee: u1000000, game: u229, height: u17327, opened-by: 'ST1PXSHZJDK862PABE15F07WSECNNF5BGA66MTG52, ranked: false, rules-hash: (some 0xabababababababababababababababababababababababababababababababab) } (xchess-core-v1:318)
{ event: "entry-submitted", game: u228, height: u17328, sender: 'ST1PXSHZJDK862PABE15F07WSECNNF5BGA66MTG52, seq: u0, value: "resgn" } (xchess-core-v1:565)
{ event: "game-opened", fee: u1000000, game: u230, height: u17329, opened-by: 'ST83QXSNCG4JYJ83HK62MJQ4QK7XP0R5ZHXKW9TN, ranked: true, rules-hash: (some 0xabababababababababababababababababababababababababababababababab) } (xchess-core-v1:318)
{ bootstrap: u250000, event: "sponsorship-funded", expiry: u21649, funded-by: 'ST83QXSNCG4JYJ83HK62MJQ4QK7XP0R5ZHXKW9TN, game: u230, rebate: u2000, rebates: u45, reserved: u90000, who: 'ST85J1T8QBRRF1E3X429R720WMMTGMTTBQ1ABDZT } (xchess-core-v1:388)
{ bootstrap: u250000, event: "sponsorship-funded", expiry: u21649, funded-by: 'ST83QXSNCG4JYJ83HK62MJQ4QK7XP0R5ZHXKW9TN, game: u230, rebate: u2000, rebates: u45, reserved: u90000, who: 'ST1PXSHZJDK862PABE15F07WSECNNF5BGA66MTG52 } (xchess-core-v1:388)
{ event: "entry-submitted", game: u223, height: u17330, sender: 'ST85J1T8QBRRF1E3X429R720WMMTGMTTBQ1ABDZT, seq: u0, value: "resgn" } (xchess-core-v1:565)
{ event: "game-opened", fee: u1000000, game: u231, height: u17331, opened-by: 'ST85J1T8QBRRF1E3X429R720WMMTGMTTBQ1ABDZT, ranked: true, rules-hash: (some 0xabababababababababababababababababababababababababababababababab) } (xchess-core-v1:318)
{ amount: u15973760, by: 'ST2PZAQ88V19XWNZAVEGHKJ9MXECC9D73FCCKNB4Z, event: "withdrawn", to: 'ST2PZAQ88V19XWNZAVEGHKJ9MXECC9D73FCCKNB4Z } (xchess-core-v1:669)
{ event: "game-opened", fee: u1000000, game: u232, height: u17334, opened-by: 'ST85J1T8QBRRF1E3X429R720WMMTGMTTBQ1ABDZT, ranked: false, rules-hash: (some 0xabababababababababababababababababababababababababababababababab) } (xchess-core-v1:318)
{ event: "game-opened", fee: u1000000, game: u233, height: u17335, opened-by: 'ST85J1T8QBRRF1E3X429R720WMMTGMTTBQ1ABDZT, ranked: false, rules-hash: (some 0xabababababababababababababababababababababababababababababababab) } (xchess-core-v1:318)
{ bootstrap: u250000, event: "sponsorship-funded", expiry: u21655, funded-by: 'ST85J1T8QBRRF1E3X429R720WMMTGMTTBQ1ABDZT, game: u233, rebate: u2000, rebates: u45, reserved: u90000, who: 'ST83QXSNCG4JYJ83HK62MJQ4QK7XP0R5ZHXKW9TN } (xchess-core-v1:388)
{ event: "game-opened", fee: u1000000, game: u234, height: u18869, opened-by: 'ST1PXSHZJDK862PABE15F07WSECNNF5BGA66MTG52, ranked: false, rules-hash: (some 0xabababababababababababababababababababababababababababababababab) } (xchess-core-v1:318)
{ bootstrap: u250000, event: "sponsorship-funded", expiry: u23189, funded-by: 'ST1PXSHZJDK862PABE15F07WSECNNF5BGA66MTG52, game: u234, rebate: u2000, rebates: u45, reserved: u90000, who: 'ST85J1T8QBRRF1E3X429R720WMMTGMTTBQ1ABDZT } (xchess-core-v1:388)
{ event: "game-opened", fee: u1000000, game: u235, height: u18870, opened-by: 'ST85J1T8QBRRF1E3X429R720WMMTGMTTBQ1ABDZT, ranked: false, rules-hash: (some 0xabababababababababababababababababababababababababababababababab) } (xchess-core-v1:318)
{ bootstrap: u250000, event: "sponsorship-funded", expiry: u23190, funded-by: 'ST85J1T8QBRRF1E3X429R720WMMTGMTTBQ1ABDZT, game: u235, rebate: u2000, rebates: u45, reserved: u90000, who: 'ST1PXSHZJDK862PABE15F07WSECNNF5BGA66MTG52 } (xchess-core-v1:388)
{ event: "entry-submitted", game: u232, height: u18872, sender: 'ST3TRY6QNMZ18FD96BJHEG4KTWVF7AN5PAKDMRRFP, seq: u0, value: "zzzz" } (xchess-core-v1:565)
{ event: "entry-submitted", game: u232, height: u18873, sender: 'ST3TRY6QNMZ18FD96BJHEG4KTWVF7AN5PAKDMRRFP, seq: u1, value: "zzzz" } (xchess-core-v1:565)
{ added: u90000, by: 'ST5086KW72GKR8T8JKTH8NRGEP8HGCSQ0W3VKE87, event: "sponsorship-topped-up", game: u117, rebates-added: u45, who: 'ST1PXSHZJDK862PABE15F07WSECNNF5BGA66MTG52 } (xchess-core-v1:474)
{ event: "game-opened", fee: u1000000, game: u236, height: u18875, opened-by: 'ST83QXSNCG4JYJ83HK62MJQ4QK7XP0R5ZHXKW9TN, ranked: false, rules-hash: (some 0xabababababababababababababababababababababababababababababababab) } (xchess-core-v1:318)
{ bootstrap: u250000, event: "sponsorship-funded", expiry: u23195, funded-by: 'ST83QXSNCG4JYJ83HK62MJQ4QK7XP0R5ZHXKW9TN, game: u236, rebate: u2000, rebates: u45, reserved: u90000, who: 'ST85J1T8QBRRF1E3X429R720WMMTGMTTBQ1ABDZT } (xchess-core-v1:388)
{ event: "entry-submitted", game: u228, height: u18876, sender: 'ST85J1T8QBRRF1E3X429R720WMMTGMTTBQ1ABDZT, seq: u1, value: "e2e4" } (xchess-core-v1:565)
{ added: u90000, by: 'ST5086KW72GKR8T8JKTH8NRGEP8HGCSQ0W3VKE87, event: "sponsorship-topped-up", game: u29, rebates-added: u45, who: 'ST85J1T8QBRRF1E3X429R720WMMTGMTTBQ1ABDZT } (xchess-core-v1:474)
{ added: u90000, by: 'ST5086KW72GKR8T8JKTH8NRGEP8HGCSQ0W3VKE87, event: "sponsorship-topped-up", game: u79, rebates-added: u45, who: 'ST1PXSHZJDK862PABE15F07WSECNNF5BGA66MTG52 } (xchess-core-v1:474)
{ by: 'ST1PXSHZJDK862PABE15F07WSECNNF5BGA66MTG52, event: "sponsorship-settled", game: u34, released: u90000, who: 'ST5086KW72GKR8T8JKTH8NRGEP8HGCSQ0W3VKE87 } (xchess-core-v1:606)
{ event: "game-opened", fee: u1000000, game: u237, height: u18880, opened-by: 'ST1PXSHZJDK862PABE15F07WSECNNF5BGA66MTG52, ranked: false, rules-hash: (some 0xabababababababababababababababababababababababababababababababab) } (xchess-core-v1:318)
{ bootstrap: u250000, event: "sponsorship-funded", expiry: u23200, funded-by: 'ST1PXSHZJDK862PABE15F07WSECNNF5BGA66MTG52, game: u237, rebate: u2000, rebates: u45, reserved: u90000, who: 'ST83QXSNCG4JYJ83HK62MJQ4QK7XP0R5ZHXKW9TN } (xchess-core-v1:388)
{ event: "game-opened", fee: u1000000, game: u238, height: u18881, opened-by: 'ST83QXSNCG4JYJ83HK62MJQ4QK7XP0R5ZHXKW9TN, ranked: false, rules-hash: (some 0xabababababababababababababababababababababababababababababababab) } (xchess-core-v1:318)
{ bootstrap: u250000, event: "sponsorship-funded", expiry: u23201, funded-by: 'ST83QXSNCG4JYJ83HK62MJQ4QK7XP0R5ZHXKW9TN, game: u238, rebate: u2000, rebates: u45, reserved: u90000, who: 'ST3TRY6QNMZ18FD96BJHEG4KTWVF7AN5PAKDMRRFP } (xchess-core-v1:388)
{ event: "game-opened", fee: u1000000, game: u239, height: u18883, opened-by: 'ST85J1T8QBRRF1E3X429R720WMMTGMTTBQ1ABDZT, ranked: false, rules-hash: (some 0xabababababababababababababababababababababababababababababababab) } (xchess-core-v1:318)
{ event: "game-opened", fee: u1000000, game: u240, height: u18884, opened-by: 'ST5086KW72GKR8T8JKTH8NRGEP8HGCSQ0W3VKE87, ranked: false, rules-hash: (some 0xabababababababababababababababababababababababababababababababab) } (xchess-core-v1:318)
{ bootstrap: u250000, event: "sponsorship-funded", expiry: u23204, funded-by: 'ST5086KW72GKR8T8JKTH8NRGEP8HGCSQ0W3VKE87, game: u240, rebate: u2000, rebates: u45, reserved: u90000, who: 'ST83QXSNCG4JYJ83HK62MJQ4QK7XP0R5ZHXKW9TN } (xchess-core-v1:388)
{ added: u90000, by: 'ST5086KW72GKR8T8JKTH8NRGEP8HGCSQ0W3VKE87, event: "sponsorship-topped-up", game: u203, rebates-added: u45, who: 'ST1PXSHZJDK862PABE15F07WSECNNF5BGA66MTG52 } (xchess-core-v1:474)
{ event: "game-opened", fee: u1000000, game: u241, height: u18886, opened-by: 'ST5086KW72GKR8T8JKTH8NRGEP8HGCSQ0W3VKE87, ranked: false, rules-hash: (some 0xabababababababababababababababababababababababababababababababab) } (xchess-core-v1:318)
{ event: "game-opened", fee: u1000000, game: u242, height: u18887, opened-by: 'ST85J1T8QBRRF1E3X429R720WMMTGMTTBQ1ABDZT, ranked: true, rules-hash: (some 0xabababababababababababababababababababababababababababababababab) } (xchess-core-v1:318)
{ added: u90000, by: 'ST1PXSHZJDK862PABE15F07WSECNNF5BGA66MTG52, event: "sponsorship-topped-up", game: u35, rebates-added: u45, who: 'ST85J1T8QBRRF1E3X429R720WMMTGMTTBQ1ABDZT } (xchess-core-v1:474)
{ event: "game-opened", fee: u1000000, game: u243, height: u18889, opened-by: 'ST1PXSHZJDK862PABE15F07WSECNNF5BGA66MTG52, ranked: false, rules-hash: (some 0xabababababababababababababababababababababababababababababababab) } (xchess-core-v1:318)
{ bootstrap: u250000, event: "sponsorship-funded", expiry: u23209, funded-by: 'ST1PXSHZJDK862PABE15F07WSECNNF5BGA66MTG52, game: u243, rebate: u2000, rebates: u45, reserved: u90000, who: 'ST85J1T8QBRRF1E3X429R720WMMTGMTTBQ1ABDZT } (xchess-core-v1:388)
{ amount: u14356880, by: 'ST2PZAQ88V19XWNZAVEGHKJ9MXECC9D73FCCKNB4Z, event: "withdrawn", to: 'ST2PZAQ88V19XWNZAVEGHKJ9MXECC9D73FCCKNB4Z } (xchess-core-v1:669)
{ event: "entry-submitted", game: u240, height: u20841, sender: 'ST85J1T8QBRRF1E3X429R720WMMTGMTTBQ1ABDZT, seq: u0, value: "e2e4" } (xchess-core-v1:565)
{ event: "entry-submitted", game: u239, height: u20842, sender: 'ST85J1T8QBRRF1E3X429R720WMMTGMTTBQ1ABDZT, seq: u0, value: "zzzz" } (xchess-core-v1:565)
{ event: "entry-submitted", game: u238, height: u20843, sender: 'ST85J1T8QBRRF1E3X429R720WMMTGMTTBQ1ABDZT, seq: u0, value: "draw?" } (xchess-core-v1:565)
{ added: u90000, by: 'ST5086KW72GKR8T8JKTH8NRGEP8HGCSQ0W3VKE87, event: "sponsorship-topped-up", game: u93, rebates-added: u45, who: 'ST1PXSHZJDK862PABE15F07WSECNNF5BGA66MTG52 } (xchess-core-v1:474)
{ event: "game-opened", fee: u1000000, game: u244, height: u20845, opened-by: 'ST1PXSHZJDK862PABE15F07WSECNNF5BGA66MTG52, ranked: false, rules-hash: (some 0xabababababababababababababababababababababababababababababababab) } (xchess-core-v1:318)
{ event: "game-opened", fee: u1000000, game: u245, height: u20846, opened-by: 'ST85J1T8QBRRF1E3X429R720WMMTGMTTBQ1ABDZT, ranked: false, rules-hash: (some 0xabababababababababababababababababababababababababababababababab) } (xchess-core-v1:318)
{ bootstrap: u250000, event: "sponsorship-funded", expiry: u25166, funded-by: 'ST85J1T8QBRRF1E3X429R720WMMTGMTTBQ1ABDZT, game: u245, rebate: u2000, rebates: u45, reserved: u90000, who: 'ST1PXSHZJDK862PABE15F07WSECNNF5BGA66MTG52 } (xchess-core-v1:388)
{ bootstrap: u250000, event: "sponsorship-funded", expiry: u25166, funded-by: 'ST85J1T8QBRRF1E3X429R720WMMTGMTTBQ1ABDZT, game: u245, rebate: u2000, rebates: u45, reserved: u90000, who: 'ST83QXSNCG4JYJ83HK62MJQ4QK7XP0R5ZHXKW9TN } (xchess-core-v1:388)
{ event: "entry-submitted", game: u244, height: u20847, sender: 'ST3TRY6QNMZ18FD96BJHEG4KTWVF7AN5PAKDMRRFP, seq: u0, value: "draw?" } (xchess-core-v1:565)
{ event: "entry-submitted", game: u244, height: u20848, sender: 'ST5086KW72GKR8T8JKTH8NRGEP8HGCSQ0W3VKE87, seq: u1, value: "e2e4" } (xchess-core-v1:565)
{ event: "game-opened", fee: u1000000, game: u246, height: u20849, opened-by: 'ST1PXSHZJDK862PABE15F07WSECNNF5BGA66MTG52, ranked: false, rules-hash: (some 0xabababababababababababababababababababababababababababababababab) } (xchess-core-v1:318)
{ bootstrap: u250000, event: "sponsorship-funded", expiry: u25169, funded-by: 'ST1PXSHZJDK862PABE15F07WSECNNF5BGA66MTG52, game: u246, rebate: u2000, rebates: u45, reserved: u90000, who: 'ST83QXSNCG4JYJ83HK62MJQ4QK7XP0R5ZHXKW9TN } (xchess-core-v1:388)
{ event: "game-opened", fee: u1000000, game: u247, height: u20850, opened-by: 'ST83QXSNCG4JYJ83HK62MJQ4QK7XP0R5ZHXKW9TN, ranked: true, rules-hash: (some 0xabababababababababababababababababababababababababababababababab) } (xchess-core-v1:318)
{ added: u90000, by: 'ST5086KW72GKR8T8JKTH8NRGEP8HGCSQ0W3VKE87, event: "sponsorship-topped-up", game: u87, rebates-added: u45, who: 'ST1PXSHZJDK862PABE15F07WSECNNF5BGA66MTG52 } (xchess-core-v1:474)
{ event: "entry-submitted", game: u247, height: u20852, sender: 'ST1PXSHZJDK862PABE15F07WSECNNF5BGA66MTG52, seq: u0, value: "e2e4" } (xchess-core-v1:565)
{ event: "game-opened", fee: u1000000, game: u248, height: u20853, opened-by: 'ST83QXSNCG4JYJ83HK62MJQ4QK7XP0R5ZHXKW9TN, ranked: true, rules-hash: (some 0xabababababababababababababababababababababababababababababababab) } (xchess-core-v1:318)
{ event: "game-opened", fee: u1000000, game: u249, height: u20854, opened-by: 'ST83QXSNCG4JYJ83HK62MJQ4QK7XP0R5ZHXKW9TN, ranked: true, rules-hash: (some 0xabababababababababababababababababababababababababababababababab) } (xchess-core-v1:318)
{ bootstrap: u250000, event: "sponsorship-funded", expiry: u25174, funded-by: 'ST83QXSNCG4JYJ83HK62MJQ4QK7XP0R5ZHXKW9TN, game: u249, rebate: u2000, rebates: u45, reserved: u90000, who: 'ST1PXSHZJDK862PABE15F07WSECNNF5BGA66MTG52 } (xchess-core-v1:388)
{ amount: u10328440, by: 'ST2PZAQ88V19XWNZAVEGHKJ9MXECC9D73FCCKNB4Z, event: "withdrawn", to: 'ST2PZAQ88V19XWNZAVEGHKJ9MXECC9D73FCCKNB4Z } (xchess-core-v1:669)
{ event: "entry-submitted", game: u248, height: u20857, sender: 'ST5086KW72GKR8T8JKTH8NRGEP8HGCSQ0W3VKE87, seq: u0, value: "zzzz" } (xchess-core-v1:565)
{ event: "game-opened", fee: u1000000, game: u250, height: u20858, opened-by: 'ST1PXSHZJDK862PABE15F07WSECNNF5BGA66MTG52, ranked: false, rules-hash: (some 0xabababababababababababababababababababababababababababababababab) } (xchess-core-v1:318)
{ bootstrap: u250000, event: "sponsorship-funded", expiry: u25178, funded-by: 'ST1PXSHZJDK862PABE15F07WSECNNF5BGA66MTG52, game: u250, rebate: u2000, rebates: u45, reserved: u90000, who: 'ST85J1T8QBRRF1E3X429R720WMMTGMTTBQ1ABDZT } (xchess-core-v1:388)
{ bootstrap: u250000, event: "sponsorship-funded", expiry: u25178, funded-by: 'ST1PXSHZJDK862PABE15F07WSECNNF5BGA66MTG52, game: u250, rebate: u2000, rebates: u45, reserved: u90000, who: 'ST83QXSNCG4JYJ83HK62MJQ4QK7XP0R5ZHXKW9TN } (xchess-core-v1:388)
{ event: "game-opened", fee: u1000000, game: u251, height: u20859, opened-by: 'ST1PXSHZJDK862PABE15F07WSECNNF5BGA66MTG52, ranked: false, rules-hash: (some 0xabababababababababababababababababababababababababababababababab) } (xchess-core-v1:318)
{ added: u90000, by: 'ST1PXSHZJDK862PABE15F07WSECNNF5BGA66MTG52, event: "sponsorship-topped-up", game: u55, rebates-added: u45, who: 'ST85J1T8QBRRF1E3X429R720WMMTGMTTBQ1ABDZT } (xchess-core-v1:474)
{ event: "game-opened", fee: u1000000, game: u252, height: u20861, opened-by: 'ST83QXSNCG4JYJ83HK62MJQ4QK7XP0R5ZHXKW9TN, ranked: true, rules-hash: (some 0xabababababababababababababababababababababababababababababababab) } (xchess-core-v1:318)
{ event: "entry-submitted", game: u248, height: u20862, sender: 'ST85J1T8QBRRF1E3X429R720WMMTGMTTBQ1ABDZT, seq: u1, value: "resgn" } (xchess-core-v1:565)
{ event: "entry-submitted", game: u247, height: u20863, sender: 'ST3TRY6QNMZ18FD96BJHEG4KTWVF7AN5PAKDMRRFP, seq: u1, value: "draw?" } (xchess-core-v1:565)
{ event: "entry-submitted", game: u248, height: u20864, sender: 'ST5086KW72GKR8T8JKTH8NRGEP8HGCSQ0W3VKE87, seq: u2, value: "zzzz" } (xchess-core-v1:565)
{ event: "entry-submitted", game: u246, height: u20865, sender: 'ST83QXSNCG4JYJ83HK62MJQ4QK7XP0R5ZHXKW9TN, seq: u0, value: "resgn" } (xchess-core-v1:565)
{ amount: u2000, event: "rebate-paid", game: u246, rebates-left: u44, who: 'ST83QXSNCG4JYJ83HK62MJQ4QK7XP0R5ZHXKW9TN } (xchess-core-v1:525)
{ added: u90000, by: 'ST83QXSNCG4JYJ83HK62MJQ4QK7XP0R5ZHXKW9TN, event: "sponsorship-topped-up", game: u250, rebates-added: u45, who: 'ST83QXSNCG4JYJ83HK62MJQ4QK7XP0R5ZHXKW9TN } (xchess-core-v1:474)
{ event: "game-opened", fee: u1000000, game: u253, height: u20867, opened-by: 'ST85J1T8QBRRF1E3X429R720WMMTGMTTBQ1ABDZT, ranked: false, rules-hash: (some 0xabababababababababababababababababababababababababababababababab) } (xchess-core-v1:318)
{ event: "entry-submitted", game: u253, height: u20868, sender: 'ST83QXSNCG4JYJ83HK62MJQ4QK7XP0R5ZHXKW9TN, seq: u0, value: "e2e4" } (xchess-core-v1:565)
{ amount: u7264220, by: 'ST2PZAQ88V19XWNZAVEGHKJ9MXECC9D73FCCKNB4Z, event: "withdrawn", to: 'ST2PZAQ88V19XWNZAVEGHKJ9MXECC9D73FCCKNB4Z } (xchess-core-v1:669)
{ event: "entry-submitted", game: u248, height: u20871, sender: 'ST3TRY6QNMZ18FD96BJHEG4KTWVF7AN5PAKDMRRFP, seq: u3, value: "resgn" } (xchess-core-v1:565)
{ event: "entry-submitted", game: u253, height: u20872, sender: 'ST3TRY6QNMZ18FD96BJHEG4KTWVF7AN5PAKDMRRFP, seq: u1, value: "zzzz" } (xchess-core-v1:565)
{ event: "game-opened", fee: u1000000, game: u254, height: u20873, opened-by: 'ST1PXSHZJDK862PABE15F07WSECNNF5BGA66MTG52, ranked: false, rules-hash: (some 0xabababababababababababababababababababababababababababababababab) } (xchess-core-v1:318)
{ bootstrap: u250000, event: "sponsorship-funded", expiry: u25193, funded-by: 'ST1PXSHZJDK862PABE15F07WSECNNF5BGA66MTG52, game: u254, rebate: u2000, rebates: u45, reserved: u90000, who: 'ST5086KW72GKR8T8JKTH8NRGEP8HGCSQ0W3VKE87 } (xchess-core-v1:388)
{ event: "entry-submitted", game: u248, height: u20874, sender: 'ST83QXSNCG4JYJ83HK62MJQ4QK7XP0R5ZHXKW9TN, seq: u4, value: "resgn" } (xchess-core-v1:565)
{ event: "game-opened", fee: u1000000, game: u255, height: u20875, opened-by: 'ST1PXSHZJDK862PABE15F07WSECNNF5BGA66MTG52, ranked: false, rules-hash: (some 0xabababababababababababababababababababababababababababababababab) } (xchess-core-v1:318)
{ added: u90000, by: 'ST85J1T8QBRRF1E3X429R720WMMTGMTTBQ1ABDZT, event: "sponsorship-topped-up", game: u177, rebates-added: u45, who: 'ST5086KW72GKR8T8JKTH8NRGEP8HGCSQ0W3VKE87 } (xchess-core-v1:474)
{ event: "game-opened", fee: u1000000, game: u256, height: u20877, opened-by: 'ST83QXSNCG4JYJ83HK62MJQ4QK7XP0R5ZHXKW9TN, ranked: false, rules-hash: (some 0xabababababababababababababababababababababababababababababababab) } (xchess-core-v1:318)
{ added: u90000, by: 'ST5086KW72GKR8T8JKTH8NRGEP8HGCSQ0W3VKE87, event: "sponsorship-topped-up", game: u79, rebates-added: u45, who: 'ST1PXSHZJDK862PABE15F07WSECNNF5BGA66MTG52 } (xchess-core-v1:474)
{ event: "entry-submitted", game: u251, height: u20879, sender: 'ST3TRY6QNMZ18FD96BJHEG4KTWVF7AN5PAKDMRRFP, seq: u0, value: "e2e4" } (xchess-core-v1:565)
{ event: "game-opened", fee: u1000000, game: u257, height: u20880, opened-by: 'ST5086KW72GKR8T8JKTH8NRGEP8HGCSQ0W3VKE87, ranked: false, rules-hash: (some 0xabababababababababababababababababababababababababababababababab) } (xchess-core-v1:318)
{ bootstrap: u250000, event: "sponsorship-funded", expiry: u25200, funded-by: 'ST5086KW72GKR8T8JKTH8NRGEP8HGCSQ0W3VKE87, game: u257, rebate: u2000, rebates: u45, reserved: u90000, who: 'ST1PXSHZJDK862PABE15F07WSECNNF5BGA66MTG52 } (xchess-core-v1:388)
{ event: "entry-submitted", game: u244, height: u20881, sender: 'ST85J1T8QBRRF1E3X429R720WMMTGMTTBQ1ABDZT, seq: u2, value: "zzzz" } (xchess-core-v1:565)
{ event: "game-opened", fee: u1000000, game: u258, height: u20883, opened-by: 'ST1PXSHZJDK862PABE15F07WSECNNF5BGA66MTG52, ranked: false, rules-hash: (some 0xabababababababababababababababababababababababababababababababab) } (xchess-core-v1:318)
{ event: "entry-submitted", game: u244, height: u20884, sender: 'ST3TRY6QNMZ18FD96BJHEG4KTWVF7AN5PAKDMRRFP, seq: u3, value: "resgn" } (xchess-core-v1:565)
{ event: "entry-submitted", game: u257, height: u20885, sender: 'ST3TRY6QNMZ18FD96BJHEG4KTWVF7AN5PAKDMRRFP, seq: u0, value: "e2e4" } (xchess-core-v1:565)
{ event: "game-opened", fee: u1000000, game: u259, height: u20886, opened-by: 'ST1PXSHZJDK862PABE15F07WSECNNF5BGA66MTG52, ranked: false, rules-hash: (some 0xabababababababababababababababababababababababababababababababab) } (xchess-core-v1:318)
{ bootstrap: u250000, event: "sponsorship-funded", expiry: u25206, funded-by: 'ST1PXSHZJDK862PABE15F07WSECNNF5BGA66MTG52, game: u259, rebate: u2000, rebates: u45, reserved: u90000, who: 'ST5086KW72GKR8T8JKTH8NRGEP8HGCSQ0W3VKE87 } (xchess-core-v1:388)
{ amount: u6757110, by: 'ST2PZAQ88V19XWNZAVEGHKJ9MXECC9D73FCCKNB4Z, event: "withdrawn", to: 'ST2PZAQ88V19XWNZAVEGHKJ9MXECC9D73FCCKNB4Z } (xchess-core-v1:669)
{ event: "game-opened", fee: u1000000, game: u260, height: u20889, opened-by: 'ST83QXSNCG4JYJ83HK62MJQ4QK7XP0R5ZHXKW9TN, ranked: false, rules-hash: (some 0xabababababababababababababababababababababababababababababababab) } (xchess-core-v1:318)
{ bootstrap: u250000, event: "sponsorship-funded", expiry: u25209, funded-by: 'ST83QXSNCG4JYJ83HK62MJQ4QK7XP0R5ZHXKW9TN, game: u260, rebate: u2000, rebates: u45, reserved: u90000, who: 'ST3TRY6QNMZ18FD96BJHEG4KTWVF7AN5PAKDMRRFP } (xchess-core-v1:388)
{ event: "game-opened", fee: u1000000, game: u261, height: u20890, opened-by: 'ST85J1T8QBRRF1E3X429R720WMMTGMTTBQ1ABDZT, ranked: false, rules-hash: (some 0xabababababababababababababababababababababababababababababababab) } (xchess-core-v1:318)
{ event: "game-opened", fee: u1000000, game: u262, height: u20891, opened-by: 'ST83QXSNCG4JYJ83HK62MJQ4QK7XP0R5ZHXKW9TN, ranked: false, rules-hash: (some 0xabababababababababababababababababababababababababababababababab) } (xchess-core-v1:318)
{ bootstrap: u250000, event: "sponsorship-funded", expiry: u25211, funded-by: 'ST83QXSNCG4JYJ83HK62MJQ4QK7XP0R5ZHXKW9TN, game: u262, rebate: u2000, rebates: u45, reserved: u90000, who: 'ST3TRY6QNMZ18FD96BJHEG4KTWVF7AN5PAKDMRRFP } (xchess-core-v1:388)
{ event: "entry-submitted", game: u253, height: u20892, sender: 'ST83QXSNCG4JYJ83HK62MJQ4QK7XP0R5ZHXKW9TN, seq: u2, value: "zzzz" } (xchess-core-v1:565)
{ event: "game-opened", fee: u1000000, game: u263, height: u20893, opened-by: 'ST1PXSHZJDK862PABE15F07WSECNNF5BGA66MTG52, ranked: false, rules-hash: (some 0xabababababababababababababababababababababababababababababababab) } (xchess-core-v1:318)
{ event: "entry-submitted", game: u263, height: u20894, sender: 'ST5086KW72GKR8T8JKTH8NRGEP8HGCSQ0W3VKE87, seq: u0, value: "draw?" } (xchess-core-v1:565)
{ event: "game-opened", fee: u1000000, game: u264, height: u20895, opened-by: 'ST85J1T8QBRRF1E3X429R720WMMTGMTTBQ1ABDZT, ranked: false, rules-hash: (some 0xabababababababababababababababababababababababababababababababab) } (xchess-core-v1:318)
{ bootstrap: u250000, event: "sponsorship-funded", expiry: u25215, funded-by: 'ST85J1T8QBRRF1E3X429R720WMMTGMTTBQ1ABDZT, game: u264, rebate: u2000, rebates: u45, reserved: u90000, who: 'ST1PXSHZJDK862PABE15F07WSECNNF5BGA66MTG52 } (xchess-core-v1:388)
{ bootstrap: u250000, event: "sponsorship-funded", expiry: u25215, funded-by: 'ST85J1T8QBRRF1E3X429R720WMMTGMTTBQ1ABDZT, game: u264, rebate: u2000, rebates: u45, reserved: u90000, who: 'ST83QXSNCG4JYJ83HK62MJQ4QK7XP0R5ZHXKW9TN } (xchess-core-v1:388)
{ event: "entry-submitted", game: u263, height: u20896, sender: 'ST85J1T8QBRRF1E3X429R720WMMTGMTTBQ1ABDZT, seq: u1, value: "zzzz" } (xchess-core-v1:565)
{ event: "game-opened", fee: u1000000, game: u265, height: u20897, opened-by: 'ST1PXSHZJDK862PABE15F07WSECNNF5BGA66MTG52, ranked: false, rules-hash: (some 0xabababababababababababababababababababababababababababababababab) } (xchess-core-v1:318)
{ bootstrap: u250000, event: "sponsorship-funded", expiry: u25217, funded-by: 'ST1PXSHZJDK862PABE15F07WSECNNF5BGA66MTG52, game: u265, rebate: u2000, rebates: u45, reserved: u90000, who: 'ST85J1T8QBRRF1E3X429R720WMMTGMTTBQ1ABDZT } (xchess-core-v1:388)
{ amount: u6503555, by: 'ST2PZAQ88V19XWNZAVEGHKJ9MXECC9D73FCCKNB4Z, event: "withdrawn", to: 'ST2PZAQ88V19XWNZAVEGHKJ9MXECC9D73FCCKNB4Z } (xchess-core-v1:669)
{ by: 'ST85J1T8QBRRF1E3X429R720WMMTGMTTBQ1ABDZT, event: "sponsorship-settled", game: u85, released: u90000, who: 'ST1PXSHZJDK862PABE15F07WSECNNF5BGA66MTG52 } (xchess-core-v1:606)
{ event: "entry-submitted", game: u263, height: u20901, sender: 'ST83QXSNCG4JYJ83HK62MJQ4QK7XP0R5ZHXKW9TN, seq: u2, value: "e2e4" } (xchess-core-v1:565)
{ added: u90000, by: 'ST83QXSNCG4JYJ83HK62MJQ4QK7XP0R5ZHXKW9TN, event: "sponsorship-topped-up", game: u29, rebates-added: u45, who: 'ST85J1T8QBRRF1E3X429R720WMMTGMTTBQ1ABDZT } (xchess-core-v1:474)
{ event: "entry-submitted", game: u264, height: u20903, sender: 'ST83QXSNCG4JYJ83HK62MJQ4QK7XP0R5ZHXKW9TN, seq: u0, value: "e2e4" } (xchess-core-v1:565)
{ amount: u2000, event: "rebate-paid", game: u264, rebates-left: u44, who: 'ST83QXSNCG4JYJ83HK62MJQ4QK7XP0R5ZHXKW9TN } (xchess-core-v1:525)
{ event: "entry-submitted", game: u265, height: u20904, sender: 'ST85J1T8QBRRF1E3X429R720WMMTGMTTBQ1ABDZT, seq: u0, value: "e2e4" } (xchess-core-v1:565)
{ amount: u2000, event: "rebate-paid", game: u265, rebates-left: u44, who: 'ST85J1T8QBRRF1E3X429R720WMMTGMTTBQ1ABDZT } (xchess-core-v1:525)
{ event: "game-opened", fee: u1000000, game: u266, height: u20905, opened-by: 'ST5086KW72GKR8T8JKTH8NRGEP8HGCSQ0W3VKE87, ranked: false, rules-hash: (some 0xabababababababababababababababababababababababababababababababab) } (xchess-core-v1:318)
{ event: "entry-submitted", game: u265, height: u20906, sender: 'ST3TRY6QNMZ18FD96BJHEG4KTWVF7AN5PAKDMRRFP, seq: u1, value: "e2e4" } (xchess-core-v1:565)
{ added: u90000, by: 'ST85J1T8QBRRF1E3X429R720WMMTGMTTBQ1ABDZT, event: "sponsorship-topped-up", game: u55, rebates-added: u45, who: 'ST83QXSNCG4JYJ83HK62MJQ4QK7XP0R5ZHXKW9TN } (xchess-core-v1:474)
{ event: "entry-submitted", game: u265, height: u20908, sender: 'ST1PXSHZJDK862PABE15F07WSECNNF5BGA66MTG52, seq: u2, value: "draw?" } (xchess-core-v1:565)
{ added: u90000, by: 'ST1PXSHZJDK862PABE15F07WSECNNF5BGA66MTG52, event: "sponsorship-topped-up", game: u85, rebates-added: u45, who: 'ST85J1T8QBRRF1E3X429R720WMMTGMTTBQ1ABDZT } (xchess-core-v1:474)
{ event: "entry-submitted", game: u266, height: u20910, sender: 'ST1PXSHZJDK862PABE15F07WSECNNF5BGA66MTG52, seq: u0, value: "e2e4" } (xchess-core-v1:565)
{ amount: u3871778, by: 'ST2PZAQ88V19XWNZAVEGHKJ9MXECC9D73FCCKNB4Z, event: "withdrawn", to: 'ST2PZAQ88V19XWNZAVEGHKJ9MXECC9D73FCCKNB4Z } (xchess-core-v1:669)
{ event: "entry-submitted", game: u263, height: u20913, sender: 'ST1PXSHZJDK862PABE15F07WSECNNF5BGA66MTG52, seq: u3, value: "draw?" } (xchess-core-v1:565)
{ event: "game-opened", fee: u1000000, game: u267, height: u22024, opened-by: 'ST83QXSNCG4JYJ83HK62MJQ4QK7XP0R5ZHXKW9TN, ranked: false, rules-hash: (some 0xabababababababababababababababababababababababababababababababab) } (xchess-core-v1:318)
{ bootstrap: u250000, event: "sponsorship-funded", expiry: u26344, funded-by: 'ST83QXSNCG4JYJ83HK62MJQ4QK7XP0R5ZHXKW9TN, game: u267, rebate: u2000, rebates: u45, reserved: u90000, who: 'ST1PXSHZJDK862PABE15F07WSECNNF5BGA66MTG52 } (xchess-core-v1:388)
{ added: u90000, by: 'ST83QXSNCG4JYJ83HK62MJQ4QK7XP0R5ZHXKW9TN, event: "sponsorship-topped-up", game: u169, rebates-added: u45, who: 'ST5086KW72GKR8T8JKTH8NRGEP8HGCSQ0W3VKE87 } (xchess-core-v1:474)
{ event: "entry-submitted", game: u267, height: u22026, sender: 'ST83QXSNCG4JYJ83HK62MJQ4QK7XP0R5ZHXKW9TN, seq: u0, value: "zzzz" } (xchess-core-v1:565)
{ added: u90000, by: 'ST1PXSHZJDK862PABE15F07WSECNNF5BGA66MTG52, event: "sponsorship-topped-up", game: u162, rebates-added: u45, who: 'ST83QXSNCG4JYJ83HK62MJQ4QK7XP0R5ZHXKW9TN } (xchess-core-v1:474)
{ added: u90000, by: 'ST1PXSHZJDK862PABE15F07WSECNNF5BGA66MTG52, event: "sponsorship-topped-up", game: u249, rebates-added: u45, who: 'ST1PXSHZJDK862PABE15F07WSECNNF5BGA66MTG52 } (xchess-core-v1:474)
{ event: "game-opened", fee: u1000000, game: u268, height: u22029, opened-by: 'ST83QXSNCG4JYJ83HK62MJQ4QK7XP0R5ZHXKW9TN, ranked: false, rules-hash: (some 0xabababababababababababababababababababababababababababababababab) } (xchess-core-v1:318)
{ bootstrap: u250000, event: "sponsorship-funded", expiry: u26349, funded-by: 'ST83QXSNCG4JYJ83HK62MJQ4QK7XP0R5ZHXKW9TN, game: u268, rebate: u2000, rebates: u45, reserved: u90000, who: 'ST85J1T8QBRRF1E3X429R720WMMTGMTTBQ1ABDZT } (xchess-core-v1:388)
{ event: "entry-submitted", game: u266, height: u22265, sender: 'ST5086KW72GKR8T8JKTH8NRGEP8HGCSQ0W3VKE87, seq: u1, value: "e2e4" } (xchess-core-v1:565)
{ event: "game-opened", fee: u1000000, game: u269, height: u22266, opened-by: 'ST85J1T8QBRRF1E3X429R720WMMTGMTTBQ1ABDZT, ranked: true, rules-hash: (some 0xabababababababababababababababababababababababababababababababab) } (xchess-core-v1:318)
{ event: "game-opened", fee: u1000000, game: u270, height: u22267, opened-by: 'ST85J1T8QBRRF1E3X429R720WMMTGMTTBQ1ABDZT, ranked: false, rules-hash: (some 0xabababababababababababababababababababababababababababababababab) } (xchess-core-v1:318)
{ amount: u4060889, by: 'ST2PZAQ88V19XWNZAVEGHKJ9MXECC9D73FCCKNB4Z, event: "withdrawn", to: 'ST2PZAQ88V19XWNZAVEGHKJ9MXECC9D73FCCKNB4Z } (xchess-core-v1:669)
{ event: "entry-submitted", game: u265, height: u22270, sender: 'ST85J1T8QBRRF1E3X429R720WMMTGMTTBQ1ABDZT, seq: u3, value: "zzzz" } (xchess-core-v1:565)
{ amount: u2000, event: "rebate-paid", game: u265, rebates-left: u43, who: 'ST85J1T8QBRRF1E3X429R720WMMTGMTTBQ1ABDZT } (xchess-core-v1:525)
{ event: "game-opened", fee: u1000000, game: u271, height: u22271, opened-by: 'ST5086KW72GKR8T8JKTH8NRGEP8HGCSQ0W3VKE87, ranked: false, rules-hash: (some 0xabababababababababababababababababababababababababababababababab) } (xchess-core-v1:318)
{ event: "game-opened", fee: u1000000, game: u272, height: u22272, opened-by: 'ST1PXSHZJDK862PABE15F07WSECNNF5BGA66MTG52, ranked: false, rules-hash: (some 0xabababababababababababababababababababababababababababababababab) } (xchess-core-v1:318)
{ bootstrap: u250000, event: "sponsorship-funded", expiry: u26592, funded-by: 'ST1PXSHZJDK862PABE15F07WSECNNF5BGA66MTG52, game: u272, rebate: u2000, rebates: u45, reserved: u90000, who: 'ST5086KW72GKR8T8JKTH8NRGEP8HGCSQ0W3VKE87 } (xchess-core-v1:388)
{ event: "game-opened", fee: u1000000, game: u273, height: u22273, opened-by: 'ST83QXSNCG4JYJ83HK62MJQ4QK7XP0R5ZHXKW9TN, ranked: false, rules-hash: (some 0xabababababababababababababababababababababababababababababababab) } (xchess-core-v1:318)
{ bootstrap: u250000, event: "sponsorship-funded", expiry: u26593, funded-by: 'ST83QXSNCG4JYJ83HK62MJQ4QK7XP0R5ZHXKW9TN, game: u273, rebate: u2000, rebates: u45, reserved: u90000, who: 'ST1PXSHZJDK862PABE15F07WSECNNF5BGA66MTG52 } (xchess-core-v1:388)
{ event: "game-opened", fee: u1000000, game: u274, height: u22274, opened-by: 'ST83QXSNCG4JYJ83HK62MJQ4QK7XP0R5ZHXKW9TN, ranked: false, rules-hash: (some 0xabababababababababababababababababababababababababababababababab) } (xchess-core-v1:318)
{ bootstrap: u250000, event: "sponsorship-funded", expiry: u26594, funded-by: 'ST83QXSNCG4JYJ83HK62MJQ4QK7XP0R5ZHXKW9TN, game: u274, rebate: u2000, rebates: u45, reserved: u90000, who: 'ST85J1T8QBRRF1E3X429R720WMMTGMTTBQ1ABDZT } (xchess-core-v1:388)
{ bootstrap: u250000, event: "sponsorship-funded", expiry: u26594, funded-by: 'ST83QXSNCG4JYJ83HK62MJQ4QK7XP0R5ZHXKW9TN, game: u274, rebate: u2000, rebates: u45, reserved: u90000, who: 'ST1PXSHZJDK862PABE15F07WSECNNF5BGA66MTG52 } (xchess-core-v1:388)
{ by: 'ST85J1T8QBRRF1E3X429R720WMMTGMTTBQ1ABDZT, event: "sponsorship-settled", game: u204, released: u90000, who: 'ST3TRY6QNMZ18FD96BJHEG4KTWVF7AN5PAKDMRRFP } (xchess-core-v1:606)
{ event: "entry-submitted", game: u270, height: u22276, sender: 'ST83QXSNCG4JYJ83HK62MJQ4QK7XP0R5ZHXKW9TN, seq: u0, value: "e2e4" } (xchess-core-v1:565)
{ event: "entry-submitted", game: u263, height: u22277, sender: 'ST1PXSHZJDK862PABE15F07WSECNNF5BGA66MTG52, seq: u4, value: "resgn" } (xchess-core-v1:565)
{ event: "game-opened", fee: u1000000, game: u275, height: u22278, opened-by: 'ST1PXSHZJDK862PABE15F07WSECNNF5BGA66MTG52, ranked: false, rules-hash: (some 0xabababababababababababababababababababababababababababababababab) } (xchess-core-v1:318)
{ bootstrap: u250000, event: "sponsorship-funded", expiry: u26598, funded-by: 'ST1PXSHZJDK862PABE15F07WSECNNF5BGA66MTG52, game: u275, rebate: u2000, rebates: u45, reserved: u90000, who: 'ST5086KW72GKR8T8JKTH8NRGEP8HGCSQ0W3VKE87 } (xchess-core-v1:388)
{ event: "entry-submitted", game: u267, height: u22280, sender: 'ST5086KW72GKR8T8JKTH8NRGEP8HGCSQ0W3VKE87, seq: u1, value: "zzzz" } (xchess-core-v1:565)
{ event: "game-opened", fee: u1000000, game: u276, height: u22281, opened-by: 'ST1PXSHZJDK862PABE15F07WSECNNF5BGA66MTG52, ranked: true, rules-hash: (some 0xabababababababababababababababababababababababababababababababab) } (xchess-core-v1:318)
{ amount: u5200444, by: 'ST2PZAQ88V19XWNZAVEGHKJ9MXECC9D73FCCKNB4Z, event: "withdrawn", to: 'ST2PZAQ88V19XWNZAVEGHKJ9MXECC9D73FCCKNB4Z } (xchess-core-v1:669)
{ event: "game-opened", fee: u1000000, game: u277, height: u22284, opened-by: 'ST1PXSHZJDK862PABE15F07WSECNNF5BGA66MTG52, ranked: true, rules-hash: (some 0xabababababababababababababababababababababababababababababababab) } (xchess-core-v1:318)
{ event: "game-opened", fee: u1000000, game: u278, height: u22285, opened-by: 'ST85J1T8QBRRF1E3X429R720WMMTGMTTBQ1ABDZT, ranked: false, rules-hash: (some 0xabababababababababababababababababababababababababababababababab) } (xchess-core-v1:318)
{ event: "entry-submitted", game: u278, height: u22286, sender: 'ST85J1T8QBRRF1E3X429R720WMMTGMTTBQ1ABDZT, seq: u0, value: "draw?" } (xchess-core-v1:565)
{ event: "entry-submitted", game: u278, height: u22287, sender: 'ST3TRY6QNMZ18FD96BJHEG4KTWVF7AN5PAKDMRRFP, seq: u1, value: "resgn" } (xchess-core-v1:565)
{ event: "game-opened", fee: u1000000, game: u279, height: u22288, opened-by: 'ST1PXSHZJDK862PABE15F07WSECNNF5BGA66MTG52, ranked: false, rules-hash: (some 0xabababababababababababababababababababababababababababababababab) } (xchess-core-v1:318)
{ event: "entry-submitted", game: u279, height: u22289, sender: 'ST1PXSHZJDK862PABE15F07WSECNNF5BGA66MTG52, seq: u0, value: "resgn" } (xchess-core-v1:565)
{ by: 'ST83QXSNCG4JYJ83HK62MJQ4QK7XP0R5ZHXKW9TN, event: "sponsorship-settled", game: u45, released: u88000, who: 'ST5086KW72GKR8T8JKTH8NRGEP8HGCSQ0W3VKE87 } (xchess-core-v1:606)
{ event: "game-opened", fee: u1000000, game: u280, height: u22291, opened-by: 'ST83QXSNCG4JYJ83HK62MJQ4QK7XP0R5ZHXKW9TN, ranked: false, rules-hash: (some 0xabababababababababababababababababababababababababababababababab) } (xchess-core-v1:318)
{ bootstrap: u250000, event: "sponsorship-funded", expiry: u26611, funded-by: 'ST83QXSNCG4JYJ83HK62MJQ4QK7XP0R5ZHXKW9TN, game: u280, rebate: u2000, rebates: u45, reserved: u90000, who: 'ST85J1T8QBRRF1E3X429R720WMMTGMTTBQ1ABDZT } (xchess-core-v1:388)
{ bootstrap: u250000, event: "sponsorship-funded", expiry: u26611, funded-by: 'ST83QXSNCG4JYJ83HK62MJQ4QK7XP0R5ZHXKW9TN, game: u280, rebate: u2000, rebates: u45, reserved: u90000, who: 'ST1PXSHZJDK862PABE15F07WSECNNF5BGA66MTG52 } (xchess-core-v1:388)
{ event: "entry-submitted", game: u279, height: u22292, sender: 'ST3TRY6QNMZ18FD96BJHEG4KTWVF7AN5PAKDMRRFP, seq: u1, value: "draw?" } (xchess-core-v1:565)
{ event: "game-opened", fee: u1000000, game: u281, height: u22293, opened-by: 'ST85J1T8QBRRF1E3X429R720WMMTGMTTBQ1ABDZT, ranked: true, rules-hash: (some 0xabababababababababababababababababababababababababababababababab) } (xchess-core-v1:318)
{ bootstrap: u250000, event: "sponsorship-funded", expiry: u26613, funded-by: 'ST85J1T8QBRRF1E3X429R720WMMTGMTTBQ1ABDZT, game: u281, rebate: u2000, rebates: u45, reserved: u90000, who: 'ST3TRY6QNMZ18FD96BJHEG4KTWVF7AN5PAKDMRRFP } (xchess-core-v1:388)
{ amount: u5219222, by: 'ST2PZAQ88V19XWNZAVEGHKJ9MXECC9D73FCCKNB4Z, event: "withdrawn", to: 'ST2PZAQ88V19XWNZAVEGHKJ9MXECC9D73FCCKNB4Z } (xchess-core-v1:669)
{ event: "entry-submitted", game: u280, height: u22296, sender: 'ST83QXSNCG4JYJ83HK62MJQ4QK7XP0R5ZHXKW9TN, seq: u0, value: "zzzz" } (xchess-core-v1:565)
{ event: "entry-submitted", game: u281, height: u22297, sender: 'ST1PXSHZJDK862PABE15F07WSECNNF5BGA66MTG52, seq: u0, value: "draw?" } (xchess-core-v1:565)
{ added: u90000, by: 'ST83QXSNCG4JYJ83HK62MJQ4QK7XP0R5ZHXKW9TN, event: "sponsorship-topped-up", game: u186, rebates-added: u45, who: 'ST85J1T8QBRRF1E3X429R720WMMTGMTTBQ1ABDZT } (xchess-core-v1:474)
{ event: "game-opened", fee: u1000000, game: u282, height: u22299, opened-by: 'ST85J1T8QBRRF1E3X429R720WMMTGMTTBQ1ABDZT, ranked: false, rules-hash: (some 0xabababababababababababababababababababababababababababababababab) } (xchess-core-v1:318)
{ bootstrap: u250000, event: "sponsorship-funded", expiry: u26619, funded-by: 'ST85J1T8QBRRF1E3X429R720WMMTGMTTBQ1ABDZT, game: u282, rebate: u2000, rebates: u45, reserved: u90000, who: 'ST3TRY6QNMZ18FD96BJHEG4KTWVF7AN5PAKDMRRFP } (xchess-core-v1:388)
{ event: "game-opened", fee: u1000000, game: u283, height: u22300, opened-by: 'ST1PXSHZJDK862PABE15F07WSECNNF5BGA66MTG52, ranked: true, rules-hash: (some 0xabababababababababababababababababababababababababababababababab) } (xchess-core-v1:318)
{ event: "game-opened", fee: u1000000, game: u284, height: u22301, opened-by: 'ST83QXSNCG4JYJ83HK62MJQ4QK7XP0R5ZHXKW9TN, ranked: true, rules-hash: (some 0xabababababababababababababababababababababababababababababababab) } (xchess-core-v1:318)
{ bootstrap: u250000, event: "sponsorship-funded", expiry: u26621, funded-by: 'ST83QXSNCG4JYJ83HK62MJQ4QK7XP0R5ZHXKW9TN, game: u284, rebate: u2000, rebates: u45, reserved: u90000, who: 'ST85J1T8QBRRF1E3X429R720WMMTGMTTBQ1ABDZT } (xchess-core-v1:388)
{ bootstrap: u250000, event: "sponsorship-funded", expiry: u26621, funded-by: 'ST83QXSNCG4JYJ83HK62MJQ4QK7XP0R5ZHXKW9TN, game: u284, rebate: u2000, rebates: u45, reserved: u90000, who: 'ST1PXSHZJDK862PABE15F07WSECNNF5BGA66MTG52 } (xchess-core-v1:388)
{ event: "entry-submitted", game: u278, height: u22302, sender: 'ST1PXSHZJDK862PABE15F07WSECNNF5BGA66MTG52, seq: u2, value: "resgn" } (xchess-core-v1:565)
{ event: "game-opened", fee: u1000000, game: u285, height: u22303, opened-by: 'ST83QXSNCG4JYJ83HK62MJQ4QK7XP0R5ZHXKW9TN, ranked: false, rules-hash: (some 0xabababababababababababababababababababababababababababababababab) } (xchess-core-v1:318)
{ bootstrap: u250000, event: "sponsorship-funded", expiry: u26623, funded-by: 'ST83QXSNCG4JYJ83HK62MJQ4QK7XP0R5ZHXKW9TN, game: u285, rebate: u2000, rebates: u45, reserved: u90000, who: 'ST85J1T8QBRRF1E3X429R720WMMTGMTTBQ1ABDZT } (xchess-core-v1:388)
{ bootstrap: u250000, event: "sponsorship-funded", expiry: u26623, funded-by: 'ST83QXSNCG4JYJ83HK62MJQ4QK7XP0R5ZHXKW9TN, game: u285, rebate: u2000, rebates: u45, reserved: u90000, who: 'ST1PXSHZJDK862PABE15F07WSECNNF5BGA66MTG52 } (xchess-core-v1:388)
{ event: "game-opened", fee: u1000000, game: u286, height: u22304, opened-by: 'ST85J1T8QBRRF1E3X429R720WMMTGMTTBQ1ABDZT, ranked: true, rules-hash: (some 0xabababababababababababababababababababababababababababababababab) } (xchess-core-v1:318)
{ bootstrap: u250000, event: "sponsorship-funded", expiry: u26624, funded-by: 'ST85J1T8QBRRF1E3X429R720WMMTGMTTBQ1ABDZT, game: u286, rebate: u2000, rebates: u45, reserved: u90000, who: 'ST83QXSNCG4JYJ83HK62MJQ4QK7XP0R5ZHXKW9TN } (xchess-core-v1:388)
{ event: "entry-submitted", game: u281, height: u22305, sender: 'ST83QXSNCG4JYJ83HK62MJQ4QK7XP0R5ZHXKW9TN, seq: u1, value: "draw?" } (xchess-core-v1:565)
{ event: "entry-submitted", game: u279, height: u22306, sender: 'ST83QXSNCG4JYJ83HK62MJQ4QK7XP0R5ZHXKW9TN, seq: u2, value: "draw?" } (xchess-core-v1:565)
{ event: "game-opened", fee: u1000000, game: u287, height: u22307, opened-by: 'ST83QXSNCG4JYJ83HK62MJQ4QK7XP0R5ZHXKW9TN, ranked: false, rules-hash: (some 0xabababababababababababababababababababababababababababababababab) } (xchess-core-v1:318)
{ bootstrap: u250000, event: "sponsorship-funded", expiry: u26627, funded-by: 'ST83QXSNCG4JYJ83HK62MJQ4QK7XP0R5ZHXKW9TN, game: u287, rebate: u2000, rebates: u45, reserved: u90000, who: 'ST85J1T8QBRRF1E3X429R720WMMTGMTTBQ1ABDZT } (xchess-core-v1:388)
{ bootstrap: u250000, event: "sponsorship-funded", expiry: u26627, funded-by: 'ST83QXSNCG4JYJ83HK62MJQ4QK7XP0R5ZHXKW9TN, game: u287, rebate: u2000, rebates: u45, reserved: u90000, who: 'ST1PXSHZJDK862PABE15F07WSECNNF5BGA66MTG52 } (xchess-core-v1:388)
{ event: "game-opened", fee: u1000000, game: u288, height: u22308, opened-by: 'ST1PXSHZJDK862PABE15F07WSECNNF5BGA66MTG52, ranked: false, rules-hash: (some 0xabababababababababababababababababababababababababababababababab) } (xchess-core-v1:318)
{ bootstrap: u250000, event: "sponsorship-funded", expiry: u26628, funded-by: 'ST1PXSHZJDK862PABE15F07WSECNNF5BGA66MTG52, game: u288, rebate: u2000, rebates: u45, reserved: u90000, who: 'ST83QXSNCG4JYJ83HK62MJQ4QK7XP0R5ZHXKW9TN } (xchess-core-v1:388)
{ event: "game-opened", fee: u1000000, game: u289, height: u22309, opened-by: 'ST5086KW72GKR8T8JKTH8NRGEP8HGCSQ0W3VKE87, ranked: false, rules-hash: (some 0xabababababababababababababababababababababababababababababababab) } (xchess-core-v1:318)
{ bootstrap: u250000, event: "sponsorship-funded", expiry: u26629, funded-by: 'ST5086KW72GKR8T8JKTH8NRGEP8HGCSQ0W3VKE87, game: u289, rebate: u2000, rebates: u45, reserved: u90000, who: 'ST85J1T8QBRRF1E3X429R720WMMTGMTTBQ1ABDZT } (xchess-core-v1:388)
{ bootstrap: u250000, event: "sponsorship-funded", expiry: u26629, funded-by: 'ST5086KW72GKR8T8JKTH8NRGEP8HGCSQ0W3VKE87, game: u289, rebate: u2000, rebates: u45, reserved: u90000, who: 'ST1PXSHZJDK862PABE15F07WSECNNF5BGA66MTG52 } (xchess-core-v1:388)
{ event: "game-opened", fee: u1000000, game: u290, height: u22917, opened-by: 'ST83QXSNCG4JYJ83HK62MJQ4QK7XP0R5ZHXKW9TN, ranked: false, rules-hash: (some 0xabababababababababababababababababababababababababababababababab) } (xchess-core-v1:318)
{ bootstrap: u250000, event: "sponsorship-funded", expiry: u27237, funded-by: 'ST83QXSNCG4JYJ83HK62MJQ4QK7XP0R5ZHXKW9TN, game: u290, rebate: u2000, rebates: u45, reserved: u90000, who: 'ST5086KW72GKR8T8JKTH8NRGEP8HGCSQ0W3VKE87 } (xchess-core-v1:388)
{ event: "game-opened", fee: u1000000, game: u291, height: u22918, opened-by: 'ST83QXSNCG4JYJ83HK62MJQ4QK7XP0R5ZHXKW9TN, ranked: false, rules-hash: (some 0xabababababababababababababababababababababababababababababababab) } (xchess-core-v1:318)
{ bootstrap: u250000, event: "sponsorship-funded", expiry: u27238, funded-by: 'ST83QXSNCG4JYJ83HK62MJQ4QK7XP0R5ZHXKW9TN, game: u291, rebate: u2000, rebates: u45, reserved: u90000, who: 'ST3TRY6QNMZ18FD96BJHEG4KTWVF7AN5PAKDMRRFP } (xchess-core-v1:388)
{ event: "game-opened", fee: u1000000, game: u292, height: u22919, opened-by: 'ST85J1T8QBRRF1E3X429R720WMMTGMTTBQ1ABDZT, ranked: false, rules-hash: (some 0xabababababababababababababababababababababababababababababababab) } (xchess-core-v1:318)
{ event: "game-opened", fee: u1000000, game: u293, height: u22920, opened-by: 'ST1PXSHZJDK862PABE15F07WSECNNF5BGA66MTG52, ranked: false, rules-hash: (some 0xabababababababababababababababababababababababababababababababab) } (xchess-core-v1:318)
{ event: "entry-submitted", game: u279, height: u22921, sender: 'ST5086KW72GKR8T8JKTH8NRGEP8HGCSQ0W3VKE87, seq: u3, value: "e2e4" } (xchess-core-v1:565)
{ event: "entry-submitted", game: u286, height: u23088, sender: 'ST5086KW72GKR8T8JKTH8NRGEP8HGCSQ0W3VKE87, seq: u0, value: "draw?" } (xchess-core-v1:565)
{ event: "game-opened", fee: u1000000, game: u294, height: u23089, opened-by: 'ST83QXSNCG4JYJ83HK62MJQ4QK7XP0R5ZHXKW9TN, ranked: false, rules-hash: (some 0xabababababababababababababababababababababababababababababababab) } (xchess-core-v1:318)
{ bootstrap: u250000, event: "sponsorship-funded", expiry: u27409, funded-by: 'ST83QXSNCG4JYJ83HK62MJQ4QK7XP0R5ZHXKW9TN, game: u294, rebate: u2000, rebates: u45, reserved: u90000, who: 'ST85J1T8QBRRF1E3X429R720WMMTGMTTBQ1ABDZT } (xchess-core-v1:388)
{ bootstrap: u250000, event: "sponsorship-funded", expiry: u27409, funded-by: 'ST83QXSNCG4JYJ83HK62MJQ4QK7XP0R5ZHXKW9TN, game: u294, rebate: u2000, rebates: u45, reserved: u90000, who: 'ST1PXSHZJDK862PABE15F07WSECNNF5BGA66MTG52 } (xchess-core-v1:388)
{ event: "entry-submitted", game: u288, height: u23090, sender: 'ST85J1T8QBRRF1E3X429R720WMMTGMTTBQ1ABDZT, seq: u0, value: "e2e4" } (xchess-core-v1:565)
{ event: "game-opened", fee: u1000000, game: u295, height: u23091, opened-by: 'ST85J1T8QBRRF1E3X429R720WMMTGMTTBQ1ABDZT, ranked: false, rules-hash: (some 0xabababababababababababababababababababababababababababababababab) } (xchess-core-v1:318)
{ bootstrap: u250000, event: "sponsorship-funded", expiry: u27411, funded-by: 'ST85J1T8QBRRF1E3X429R720WMMTGMTTBQ1ABDZT, game: u295, rebate: u2000, rebates: u45, reserved: u90000, who: 'ST1PXSHZJDK862PABE15F07WSECNNF5BGA66MTG52 } (xchess-core-v1:388)
{ bootstrap: u250000, event: "sponsorship-funded", expiry: u27411, funded-by: 'ST85J1T8QBRRF1E3X429R720WMMTGMTTBQ1ABDZT, game: u295, rebate: u2000, rebates: u45, reserved: u90000, who: 'ST83QXSNCG4JYJ83HK62MJQ4QK7XP0R5ZHXKW9TN } (xchess-core-v1:388)
{ event: "game-opened", fee: u1000000, game: u296, height: u23092, opened-by: 'ST83QXSNCG4JYJ83HK62MJQ4QK7XP0R5ZHXKW9TN, ranked: false, rules-hash: (some 0xabababababababababababababababababababababababababababababababab) } (xchess-core-v1:318)
{ bootstrap: u250000, event: "sponsorship-funded", expiry: u27412, funded-by: 'ST83QXSNCG4JYJ83HK62MJQ4QK7XP0R5ZHXKW9TN, game: u296, rebate: u2000, rebates: u45, reserved: u90000, who: 'ST1PXSHZJDK862PABE15F07WSECNNF5BGA66MTG52 } (xchess-core-v1:388)
{ added: u90000, by: 'ST85J1T8QBRRF1E3X429R720WMMTGMTTBQ1ABDZT, event: "sponsorship-topped-up", game: u249, rebates-added: u45, who: 'ST1PXSHZJDK862PABE15F07WSECNNF5BGA66MTG52 } (xchess-core-v1:474)
{ event: "entry-submitted", game: u280, height: u23094, sender: 'ST85J1T8QBRRF1E3X429R720WMMTGMTTBQ1ABDZT, seq: u1, value: "draw?" } (xchess-core-v1:565)
{ amount: u2000, event: "rebate-paid", game: u280, rebates-left: u44, who: 'ST85J1T8QBRRF1E3X429R720WMMTGMTTBQ1ABDZT } (xchess-core-v1:525)
{ event: "entry-submitted", game: u284, height: u23095, sender: 'ST83QXSNCG4JYJ83HK62MJQ4QK7XP0R5ZHXKW9TN, seq: u0, value: "e2e4" } (xchess-core-v1:565)
{ amount: u10609611, by: 'ST2PZAQ88V19XWNZAVEGHKJ9MXECC9D73FCCKNB4Z, event: "withdrawn", to: 'ST2PZAQ88V19XWNZAVEGHKJ9MXECC9D73FCCKNB4Z } (xchess-core-v1:669)
{ event: "entry-submitted", game: u293, height: u23100, sender: 'ST1PXSHZJDK862PABE15F07WSECNNF5BGA66MTG52, seq: u0, value: "resgn" } (xchess-core-v1:565)
{ added: u90000, by: 'ST5086KW72GKR8T8JKTH8NRGEP8HGCSQ0W3VKE87, event: "sponsorship-topped-up", game: u107, rebates-added: u45, who: 'ST5086KW72GKR8T8JKTH8NRGEP8HGCSQ0W3VKE87 } (xchess-core-v1:474)
{ event: "game-opened", fee: u1000000, game: u297, height: u23102, opened-by: 'ST5086KW72GKR8T8JKTH8NRGEP8HGCSQ0W3VKE87, ranked: true, rules-hash: (some 0xabababababababababababababababababababababababababababababababab) } (xchess-core-v1:318)
{ event: "game-opened", fee: u1000000, game: u298, height: u23103, opened-by: 'ST85J1T8QBRRF1E3X429R720WMMTGMTTBQ1ABDZT, ranked: false, rules-hash: (some 0xabababababababababababababababababababababababababababababababab) } (xchess-core-v1:318)
{ event: "game-opened", fee: u1000000, game: u299, height: u23104, opened-by: 'ST85J1T8QBRRF1E3X429R720WMMTGMTTBQ1ABDZT, ranked: true, rules-hash: (some 0xabababababababababababababababababababababababababababababababab) } (xchess-core-v1:318)
{ bootstrap: u250000, event: "sponsorship-funded", expiry: u27424, funded-by: 'ST85J1T8QBRRF1E3X429R720WMMTGMTTBQ1ABDZT, game: u299, rebate: u2000, rebates: u45, reserved: u90000, who: 'ST3TRY6QNMZ18FD96BJHEG4KTWVF7AN5PAKDMRRFP } (xchess-core-v1:388)
{ event: "entry-submitted", game: u298, height: u23105, sender: 'ST5086KW72GKR8T8JKTH8NRGEP8HGCSQ0W3VKE87, seq: u0, value: "draw?" } (xchess-core-v1:565)
{ event: "game-opened", fee: u1000000, game: u300, height: u23106, opened-by: 'ST85J1T8QBRRF1E3X429R720WMMTGMTTBQ1ABDZT, ranked: true, rules-hash: (some 0xabababababababababababababababababababababababababababababababab) } (xchess-core-v1:318)
{ bootstrap: u250000, event: "sponsorship-funded", expiry: u27426, funded-by: 'ST85J1T8QBRRF1E3X429R720WMMTGMTTBQ1ABDZT, game: u300, rebate: u2000, rebates: u45, reserved: u90000, who: 'ST1PXSHZJDK862PABE15F07WSECNNF5BGA66MTG52 } (xchess-core-v1:388)
{ bootstrap: u250000, event: "sponsorship-funded", expiry: u27426, funded-by: 'ST85J1T8QBRRF1E3X429R720WMMTGMTTBQ1ABDZT, game: u300, rebate: u2000, rebates: u45, reserved: u90000, who: 'ST83QXSNCG4JYJ83HK62MJQ4QK7XP0R5ZHXKW9TN } (xchess-core-v1:388)
{ event: "entry-submitted", game: u300, height: u23107, sender: 'ST1PXSHZJDK862PABE15F07WSECNNF5BGA66MTG52, seq: u0, value: "resgn" } (xchess-core-v1:565)
{ amount: u2000, event: "rebate-paid", game: u300, rebates-left: u44, who: 'ST1PXSHZJDK862PABE15F07WSECNNF5BGA66MTG52 } (xchess-core-v1:525)
{ event: "entry-submitted", game: u300, height: u23108, sender: 'ST83QXSNCG4JYJ83HK62MJQ4QK7XP0R5ZHXKW9TN, seq: u1, value: "zzzz" } (xchess-core-v1:565)
{ amount: u2000, event: "rebate-paid", game: u300, rebates-left: u44, who: 'ST83QXSNCG4JYJ83HK62MJQ4QK7XP0R5ZHXKW9TN } (xchess-core-v1:525)
{ event: "entry-submitted", game: u299, height: u23109, sender: 'ST85J1T8QBRRF1E3X429R720WMMTGMTTBQ1ABDZT, seq: u0, value: "e2e4" } (xchess-core-v1:565)
{ event: "entry-submitted", game: u299, height: u23111, sender: 'ST85J1T8QBRRF1E3X429R720WMMTGMTTBQ1ABDZT, seq: u1, value: "e2e4" } (xchess-core-v1:565)
{ added: u90000, by: 'ST5086KW72GKR8T8JKTH8NRGEP8HGCSQ0W3VKE87, event: "sponsorship-topped-up", game: u31, rebates-added: u45, who: 'ST83QXSNCG4JYJ83HK62MJQ4QK7XP0R5ZHXKW9TN } (xchess-core-v1:474)
{ event: "game-opened", fee: u1000000, game: u301, height: u23113, opened-by: 'ST85J1T8QBRRF1E3X429R720WMMTGMTTBQ1ABDZT, ranked: false, rules-hash: (some 0xabababababababababababababababababababababababababababababababab) } (xchess-core-v1:318)
{ bootstrap: u250000, event: "sponsorship-funded", expiry: u27433, funded-by: 'ST85J1T8QBRRF1E3X429R720WMMTGMTTBQ1ABDZT, game: u301, rebate: u2000, rebates: u45, reserved: u90000, who: 'ST1PXSHZJDK862PABE15F07WSECNNF5BGA66MTG52 } (xchess-core-v1:388)
{ bootstrap: u250000, event: "sponsorship-funded", expiry: u27433, funded-by: 'ST85J1T8QBRRF1E3X429R720WMMTGMTTBQ1ABDZT, game: u301, rebate: u2000, rebates: u45, reserved: u90000, who: 'ST83QXSNCG4JYJ83HK62MJQ4QK7XP0R5ZHXKW9TN } (xchess-core-v1:388)
{ event: "game-opened", fee: u1000000, game: u302, height: u23114, opened-by: 'ST1PXSHZJDK862PABE15F07WSECNNF5BGA66MTG52, ranked: true, rules-hash: (some 0xabababababababababababababababababababababababababababababababab) } (xchess-core-v1:318)
{ bootstrap: u250000, event: "sponsorship-funded", expiry: u27434, funded-by: 'ST1PXSHZJDK862PABE15F07WSECNNF5BGA66MTG52, game: u302, rebate: u2000, rebates: u45, reserved: u90000, who: 'ST5086KW72GKR8T8JKTH8NRGEP8HGCSQ0W3VKE87 } (xchess-core-v1:388)
{ amount: u8504806, by: 'ST2PZAQ88V19XWNZAVEGHKJ9MXECC9D73FCCKNB4Z, event: "withdrawn", to: 'ST2PZAQ88V19XWNZAVEGHKJ9MXECC9D73FCCKNB4Z } (xchess-core-v1:669)
{ event: "game-opened", fee: u1000000, game: u303, height: u23118, opened-by: 'ST85J1T8QBRRF1E3X429R720WMMTGMTTBQ1ABDZT, ranked: true, rules-hash: (some 0xabababababababababababababababababababababababababababababababab) } (xchess-core-v1:318)
{ bootstrap: u250000, event: "sponsorship-funded", expiry: u27438, funded-by: 'ST85J1T8QBRRF1E3X429R720WMMTGMTTBQ1ABDZT, game: u303, rebate: u2000, rebates: u45, reserved: u90000, who: 'ST1PXSHZJDK862PABE15F07WSECNNF5BGA66MTG52 } (xchess-core-v1:388)
{ bootstrap: u250000, event: "sponsorship-funded", expiry: u27438, funded-by: 'ST85J1T8QBRRF1E3X429R720WMMTGMTTBQ1ABDZT, game: u303, rebate: u2000, rebates: u45, reserved: u90000, who: 'ST83QXSNCG4JYJ83HK62MJQ4QK7XP0R5ZHXKW9TN } (xchess-core-v1:388)
{ added: u90000, by: 'ST83QXSNCG4JYJ83HK62MJQ4QK7XP0R5ZHXKW9TN, event: "sponsorship-topped-up", game: u162, rebates-added: u45, who: 'ST83QXSNCG4JYJ83HK62MJQ4QK7XP0R5ZHXKW9TN } (xchess-core-v1:474)
{ event: "game-opened", fee: u1000000, game: u304, height: u23120, opened-by: 'ST1PXSHZJDK862PABE15F07WSECNNF5BGA66MTG52, ranked: false, rules-hash: (some 0xabababababababababababababababababababababababababababababababab) } (xchess-core-v1:318)
{ bootstrap: u250000, event: "sponsorship-funded", expiry: u27440, funded-by: 'ST1PXSHZJDK862PABE15F07WSECNNF5BGA66MTG52, game: u304, rebate: u2000, rebates: u45, reserved: u90000, who: 'ST3TRY6QNMZ18FD96BJHEG4KTWVF7AN5PAKDMRRFP } (xchess-core-v1:388)
{ amount: u5352403, by: 'ST2PZAQ88V19XWNZAVEGHKJ9MXECC9D73FCCKNB4Z, event: "withdrawn", to: 'ST2PZAQ88V19XWNZAVEGHKJ9MXECC9D73FCCKNB4Z } (xchess-core-v1:669)
{ event: "game-opened", fee: u1000000, game: u305, height: u23124, opened-by: 'ST85J1T8QBRRF1E3X429R720WMMTGMTTBQ1ABDZT, ranked: true, rules-hash: (some 0xabababababababababababababababababababababababababababababababab) } (xchess-core-v1:318)
{ bootstrap: u250000, event: "sponsorship-funded", expiry: u27444, funded-by: 'ST85J1T8QBRRF1E3X429R720WMMTGMTTBQ1ABDZT, game: u305, rebate: u2000, rebates: u45, reserved: u90000, who: 'ST5086KW72GKR8T8JKTH8NRGEP8HGCSQ0W3VKE87 } (xchess-core-v1:388)
{ event: "game-opened", fee: u1000000, game: u306, height: u23125, opened-by: 'ST5086KW72GKR8T8JKTH8NRGEP8HGCSQ0W3VKE87, ranked: false, rules-hash: (some 0xabababababababababababababababababababababababababababababababab) } (xchess-core-v1:318)
{ bootstrap: u250000, event: "sponsorship-funded", expiry: u27445, funded-by: 'ST5086KW72GKR8T8JKTH8NRGEP8HGCSQ0W3VKE87, game: u306, rebate: u2000, rebates: u45, reserved: u90000, who: 'ST85J1T8QBRRF1E3X429R720WMMTGMTTBQ1ABDZT } (xchess-core-v1:388)
{ bootstrap: u250000, event: "sponsorship-funded", expiry: u27445, funded-by: 'ST5086KW72GKR8T8JKTH8NRGEP8HGCSQ0W3VKE87, game: u306, rebate: u2000, rebates: u45, reserved: u90000, who: 'ST1PXSHZJDK862PABE15F07WSECNNF5BGA66MTG52 } (xchess-core-v1:388)
{ event: "entry-submitted", game: u304, height: u23126, sender: 'ST3TRY6QNMZ18FD96BJHEG4KTWVF7AN5PAKDMRRFP, seq: u0, value: "zzzz" } (xchess-core-v1:565)
{ amount: u2000, event: "rebate-paid", game: u304, rebates-left: u44, who: 'ST3TRY6QNMZ18FD96BJHEG4KTWVF7AN5PAKDMRRFP } (xchess-core-v1:525)
{ event: "entry-submitted", game: u298, height: u23127, sender: 'ST5086KW72GKR8T8JKTH8NRGEP8HGCSQ0W3VKE87, seq: u1, value: "zzzz" } (xchess-core-v1:565)
{ event: "entry-submitted", game: u298, height: u23128, sender: 'ST3TRY6QNMZ18FD96BJHEG4KTWVF7AN5PAKDMRRFP, seq: u2, value: "e2e4" } (xchess-core-v1:565)
{ event: "entry-submitted", game: u299, height: u23129, sender: 'ST1PXSHZJDK862PABE15F07WSECNNF5BGA66MTG52, seq: u2, value: "resgn" } (xchess-core-v1:565)
{ event: "entry-submitted", game: u299, height: u23130, sender: 'ST83QXSNCG4JYJ83HK62MJQ4QK7XP0R5ZHXKW9TN, seq: u3, value: "draw?" } (xchess-core-v1:565)
{ event: "game-opened", fee: u1000000, game: u307, height: u23131, opened-by: 'ST5086KW72GKR8T8JKTH8NRGEP8HGCSQ0W3VKE87, ranked: false, rules-hash: (some 0xabababababababababababababababababababababababababababababababab) } (xchess-core-v1:318)
{ event: "entry-submitted", game: u307, height: u23132, sender: 'ST1PXSHZJDK862PABE15F07WSECNNF5BGA66MTG52, seq: u0, value: "resgn" } (xchess-core-v1:565)
{ event: "entry-submitted", game: u301, height: u23133, sender: 'ST85J1T8QBRRF1E3X429R720WMMTGMTTBQ1ABDZT, seq: u0, value: "zzzz" } (xchess-core-v1:565)
{ added: u90000, by: 'ST83QXSNCG4JYJ83HK62MJQ4QK7XP0R5ZHXKW9TN, event: "sponsorship-topped-up", game: u107, rebates-added: u45, who: 'ST5086KW72GKR8T8JKTH8NRGEP8HGCSQ0W3VKE87 } (xchess-core-v1:474)
{ event: "entry-submitted", game: u304, height: u23135, sender: 'ST1PXSHZJDK862PABE15F07WSECNNF5BGA66MTG52, seq: u1, value: "draw?" } (xchess-core-v1:565)
{ event: "entry-submitted", game: u307, height: u23136, sender: 'ST83QXSNCG4JYJ83HK62MJQ4QK7XP0R5ZHXKW9TN, seq: u1, value: "zzzz" } (xchess-core-v1:565)
{ event: "entry-submitted", game: u300, height: u23137, sender: 'ST3TRY6QNMZ18FD96BJHEG4KTWVF7AN5PAKDMRRFP, seq: u2, value: "resgn" } (xchess-core-v1:565)
{ event: "entry-submitted", game: u301, height: u23138, sender: 'ST85J1T8QBRRF1E3X429R720WMMTGMTTBQ1ABDZT, seq: u1, value: "e2e4" } (xchess-core-v1:565)
{ event: "game-opened", fee: u1000000, game: u308, height: u23139, opened-by: 'ST83QXSNCG4JYJ83HK62MJQ4QK7XP0R5ZHXKW9TN, ranked: true, rules-hash: (some 0xabababababababababababababababababababababababababababababababab) } (xchess-core-v1:318)
{ bootstrap: u250000, event: "sponsorship-funded", expiry: u27459, funded-by: 'ST83QXSNCG4JYJ83HK62MJQ4QK7XP0R5ZHXKW9TN, game: u308, rebate: u2000, rebates: u45, reserved: u90000, who: 'ST85J1T8QBRRF1E3X429R720WMMTGMTTBQ1ABDZT } (xchess-core-v1:388)
{ bootstrap: u250000, event: "sponsorship-funded", expiry: u27459, funded-by: 'ST83QXSNCG4JYJ83HK62MJQ4QK7XP0R5ZHXKW9TN, game: u308, rebate: u2000, rebates: u45, reserved: u90000, who: 'ST1PXSHZJDK862PABE15F07WSECNNF5BGA66MTG52 } (xchess-core-v1:388)
{ event: "entry-submitted", game: u298, height: u23140, sender: 'ST1PXSHZJDK862PABE15F07WSECNNF5BGA66MTG52, seq: u3, value: "e2e4" } (xchess-core-v1:565)
{ event: "entry-submitted", game: u304, height: u23141, sender: 'ST5086KW72GKR8T8JKTH8NRGEP8HGCSQ0W3VKE87, seq: u2, value: "e2e4" } (xchess-core-v1:565)
{ event: "game-opened", fee: u1000000, game: u309, height: u23142, opened-by: 'ST83QXSNCG4JYJ83HK62MJQ4QK7XP0R5ZHXKW9TN, ranked: false, rules-hash: (some 0xabababababababababababababababababababababababababababababababab) } (xchess-core-v1:318)
{ event: "game-opened", fee: u1000000, game: u310, height: u23143, opened-by: 'ST5086KW72GKR8T8JKTH8NRGEP8HGCSQ0W3VKE87, ranked: false, rules-hash: (some 0xabababababababababababababababababababababababababababababababab) } (xchess-core-v1:318)
{ event: "entry-submitted", game: u298, height: u23144, sender: 'ST3TRY6QNMZ18FD96BJHEG4KTWVF7AN5PAKDMRRFP, seq: u4, value: "e2e4" } (xchess-core-v1:565)
{ event: "entry-submitted", game: u305, height: u23145, sender: 'ST83QXSNCG4JYJ83HK62MJQ4QK7XP0R5ZHXKW9TN, seq: u0, value: "zzzz" } (xchess-core-v1:565)
{ event: "game-opened", fee: u1000000, game: u311, height: u23146, opened-by: 'ST5086KW72GKR8T8JKTH8NRGEP8HGCSQ0W3VKE87, ranked: false, rules-hash: (some 0xabababababababababababababababababababababababababababababababab) } (xchess-core-v1:318)
{ event: "entry-submitted", game: u303, height: u23147, sender: 'ST1PXSHZJDK862PABE15F07WSECNNF5BGA66MTG52, seq: u0, value: "resgn" } (xchess-core-v1:565)
{ amount: u2000, event: "rebate-paid", game: u303, rebates-left: u44, who: 'ST1PXSHZJDK862PABE15F07WSECNNF5BGA66MTG52 } (xchess-core-v1:525)
{ event: "entry-submitted", game: u298, height: u23148, sender: 'ST83QXSNCG4JYJ83HK62MJQ4QK7XP0R5ZHXKW9TN, seq: u5, value: "e2e4" } (xchess-core-v1:565)
{ event: "game-opened", fee: u1000000, game: u312, height: u23149, opened-by: 'ST85J1T8QBRRF1E3X429R720WMMTGMTTBQ1ABDZT, ranked: false, rules-hash: (some 0xabababababababababababababababababababababababababababababababab) } (xchess-core-v1:318)
{ bootstrap: u250000, event: "sponsorship-funded", expiry: u27469, funded-by: 'ST85J1T8QBRRF1E3X429R720WMMTGMTTBQ1ABDZT, game: u312, rebate: u2000, rebates: u45, reserved: u90000, who: 'ST5086KW72GKR8T8JKTH8NRGEP8HGCSQ0W3VKE87 } (xchess-core-v1:388)
{ event: "game-opened", fee: u1000000, game: u313, height: u23150, opened-by: 'ST83QXSNCG4JYJ83HK62MJQ4QK7XP0R5ZHXKW9TN, ranked: false, rules-hash: (some 0xabababababababababababababababababababababababababababababababab) } (xchess-core-v1:318)
{ event: "game-opened", fee: u1000000, game: u314, height: u23151, opened-by: 'ST5086KW72GKR8T8JKTH8NRGEP8HGCSQ0W3VKE87, ranked: false, rules-hash: (some 0xabababababababababababababababababababababababababababababababab) } (xchess-core-v1:318)
{ bootstrap: u250000, event: "sponsorship-funded", expiry: u27471, funded-by: 'ST5086KW72GKR8T8JKTH8NRGEP8HGCSQ0W3VKE87, game: u314, rebate: u2000, rebates: u45, reserved: u90000, who: 'ST83QXSNCG4JYJ83HK62MJQ4QK7XP0R5ZHXKW9TN } (xchess-core-v1:388)
{ event: "game-opened", fee: u1000000, game: u315, height: u23152, opened-by: 'ST85J1T8QBRRF1E3X429R720WMMTGMTTBQ1ABDZT, ranked: false, rules-hash: (some 0xabababababababababababababababababababababababababababababababab) } (xchess-core-v1:318)
{ bootstrap: u250000, event: "sponsorship-funded", expiry: u27472, funded-by: 'ST85J1T8QBRRF1E3X429R720WMMTGMTTBQ1ABDZT, game: u315, rebate: u2000, rebates: u45, reserved: u90000, who: 'ST5086KW72GKR8T8JKTH8NRGEP8HGCSQ0W3VKE87 } (xchess-core-v1:388)
{ event: "entry-submitted", game: u313, height: u23153, sender: 'ST83QXSNCG4JYJ83HK62MJQ4QK7XP0R5ZHXKW9TN, seq: u0, value: "zzzz" } (xchess-core-v1:565)
{ event: "game-opened", fee: u1000000, game: u316, height: u23154, opened-by: 'ST5086KW72GKR8T8JKTH8NRGEP8HGCSQ0W3VKE87, ranked: false, rules-hash: (some 0xabababababababababababababababababababababababababababababababab) } (xchess-core-v1:318)
{ by: 'ST85J1T8QBRRF1E3X429R720WMMTGMTTBQ1ABDZT, event: "sponsorship-settled", game: u147, released: u90000, who: 'ST1PXSHZJDK862PABE15F07WSECNNF5BGA66MTG52 } (xchess-core-v1:606)
{ added: u90000, by: 'ST5086KW72GKR8T8JKTH8NRGEP8HGCSQ0W3VKE87, event: "sponsorship-topped-up", game: u74, rebates-added: u45, who: 'ST1PXSHZJDK862PABE15F07WSECNNF5BGA66MTG52 } (xchess-core-v1:474)
{ event: "game-opened", fee: u1000000, game: u317, height: u23157, opened-by: 'ST83QXSNCG4JYJ83HK62MJQ4QK7XP0R5ZHXKW9TN, ranked: true, rules-hash: (some 0xabababababababababababababababababababababababababababababababab) } (xchess-core-v1:318)
{ bootstrap: u250000, event: "sponsorship-funded", expiry: u27477, funded-by: 'ST83QXSNCG4JYJ83HK62MJQ4QK7XP0R5ZHXKW9TN, game: u317, rebate: u2000, rebates: u45, reserved: u90000, who: 'ST85J1T8QBRRF1E3X429R720WMMTGMTTBQ1ABDZT } (xchess-core-v1:388)
{ added: u90000, by: 'ST1PXSHZJDK862PABE15F07WSECNNF5BGA66MTG52, event: "sponsorship-topped-up", game: u82, rebates-added: u45, who: 'ST1PXSHZJDK862PABE15F07WSECNNF5BGA66MTG52 } (xchess-core-v1:474)
{ event: "entry-submitted", game: u317, height: u23159, sender: 'ST1PXSHZJDK862PABE15F07WSECNNF5BGA66MTG52, seq: u0, value: "draw?" } (xchess-core-v1:565)
{ by: 'ST5086KW72GKR8T8JKTH8NRGEP8HGCSQ0W3VKE87, event: "sponsorship-settled", game: u179, released: u90000, who: 'ST1PXSHZJDK862PABE15F07WSECNNF5BGA66MTG52 } (xchess-core-v1:606)
{ event: "entry-submitted", game: u317, height: u23161, sender: 'ST83QXSNCG4JYJ83HK62MJQ4QK7XP0R5ZHXKW9TN, seq: u1, value: "e2e4" } (xchess-core-v1:565)
{ event: "entry-submitted", game: u316, height: u23162, sender: 'ST83QXSNCG4JYJ83HK62MJQ4QK7XP0R5ZHXKW9TN, seq: u0, value: "resgn" } (xchess-core-v1:565)
{ event: "game-opened", fee: u1000000, game: u318, height: u23163, opened-by: 'ST5086KW72GKR8T8JKTH8NRGEP8HGCSQ0W3VKE87, ranked: false, rules-hash: (some 0xabababababababababababababababababababababababababababababababab) } (xchess-core-v1:318)
{ bootstrap: u250000, event: "sponsorship-funded", expiry: u27483, funded-by: 'ST5086KW72GKR8T8JKTH8NRGEP8HGCSQ0W3VKE87, game: u318, rebate: u2000, rebates: u45, reserved: u90000, who: 'ST85J1T8QBRRF1E3X429R720WMMTGMTTBQ1ABDZT } (xchess-core-v1:388)
{ bootstrap: u250000, event: "sponsorship-funded", expiry: u27483, funded-by: 'ST5086KW72GKR8T8JKTH8NRGEP8HGCSQ0W3VKE87, game: u318, rebate: u2000, rebates: u45, reserved: u90000, who: 'ST1PXSHZJDK862PABE15F07WSECNNF5BGA66MTG52 } (xchess-core-v1:388)
{ event: "game-opened", fee: u1000000, game: u319, height: u23164, opened-by: 'ST5086KW72GKR8T8JKTH8NRGEP8HGCSQ0W3VKE87, ranked: false, rules-hash: (some 0xabababababababababababababababababababababababababababababababab) } (xchess-core-v1:318)
{ event: "entry-submitted", game: u314, height: u23165, sender: 'ST1PXSHZJDK862PABE15F07WSECNNF5BGA66MTG52, seq: u0, value: "e2e4" } (xchess-core-v1:565)
{ event: "entry-submitted", game: u315, height: u23166, sender: 'ST85J1T8QBRRF1E3X429R720WMMTGMTTBQ1ABDZT, seq: u0, value: "zzzz" } (xchess-core-v1:565)
{ event: "entry-submitted", game: u314, height: u23167, sender: 'ST3TRY6QNMZ18FD96BJHEG4KTWVF7AN5PAKDMRRFP, seq: u1, value: "resgn" } (xchess-core-v1:565)
{ event: "entry-submitted", game: u319, height: u23168, sender: 'ST5086KW72GKR8T8JKTH8NRGEP8HGCSQ0W3VKE87, seq: u0, value: "resgn" } (xchess-core-v1:565)
{ event: "entry-submitted", game: u319, height: u23170, sender: 'ST3TRY6QNMZ18FD96BJHEG4KTWVF7AN5PAKDMRRFP, seq: u1, value: "resgn" } (xchess-core-v1:565)
{ event: "game-opened", fee: u1000000, game: u320, height: u23171, opened-by: 'ST85J1T8QBRRF1E3X429R720WMMTGMTTBQ1ABDZT, ranked: false, rules-hash: (some 0xabababababababababababababababababababababababababababababababab) } (xchess-core-v1:318)
{ event: "entry-submitted", game: u320, height: u23172, sender: 'ST3TRY6QNMZ18FD96BJHEG4KTWVF7AN5PAKDMRRFP, seq: u0, value: "draw?" } (xchess-core-v1:565)
{ event: "game-opened", fee: u1000000, game: u321, height: u23173, opened-by: 'ST5086KW72GKR8T8JKTH8NRGEP8HGCSQ0W3VKE87, ranked: false, rules-hash: (some 0xabababababababababababababababababababababababababababababababab) } (xchess-core-v1:318)
{ bootstrap: u250000, event: "sponsorship-funded", expiry: u27493, funded-by: 'ST5086KW72GKR8T8JKTH8NRGEP8HGCSQ0W3VKE87, game: u321, rebate: u2000, rebates: u45, reserved: u90000, who: 'ST83QXSNCG4JYJ83HK62MJQ4QK7XP0R5ZHXKW9TN } (xchess-core-v1:388)
{ event: "game-opened", fee: u1000000, game: u322, height: u23174, opened-by: 'ST85J1T8QBRRF1E3X429R720WMMTGMTTBQ1ABDZT, ranked: false, rules-hash: (some 0xabababababababababababababababababababababababababababababababab) } (xchess-core-v1:318)
{ bootstrap: u250000, event: "sponsorship-funded", expiry: u27494, funded-by: 'ST85J1T8QBRRF1E3X429R720WMMTGMTTBQ1ABDZT, game: u322, rebate: u2000, rebates: u45, reserved: u90000, who: 'ST83QXSNCG4JYJ83HK62MJQ4QK7XP0R5ZHXKW9TN } (xchess-core-v1:388)
{ event: "game-opened", fee: u1000000, game: u323, height: u23175, opened-by: 'ST1PXSHZJDK862PABE15F07WSECNNF5BGA66MTG52, ranked: true, rules-hash: (some 0xabababababababababababababababababababababababababababababababab) } (xchess-core-v1:318)
{ bootstrap: u250000, event: "sponsorship-funded", expiry: u27495, funded-by: 'ST1PXSHZJDK862PABE15F07WSECNNF5BGA66MTG52, game: u323, rebate: u2000, rebates: u45, reserved: u90000, who: 'ST5086KW72GKR8T8JKTH8NRGEP8HGCSQ0W3VKE87 } (xchess-core-v1:388)
{ event: "entry-submitted", game: u321, height: u23176, sender: 'ST5086KW72GKR8T8JKTH8NRGEP8HGCSQ0W3VKE87, seq: u0, value: "resgn" } (xchess-core-v1:565)
{ by: 'ST85J1T8QBRRF1E3X429R720WMMTGMTTBQ1ABDZT, event: "sponsorship-settled", game: u86, released: u90000, who: 'ST83QXSNCG4JYJ83HK62MJQ4QK7XP0R5ZHXKW9TN } (xchess-core-v1:606)
{ event: "game-opened", fee: u1000000, game: u324, height: u23178, opened-by: 'ST1PXSHZJDK862PABE15F07WSECNNF5BGA66MTG52, ranked: true, rules-hash: (some 0xabababababababababababababababababababababababababababababababab) } (xchess-core-v1:318)
{ event: "game-opened", fee: u1000000, game: u325, height: u23179, opened-by: 'ST85J1T8QBRRF1E3X429R720WMMTGMTTBQ1ABDZT, ranked: false, rules-hash: (some 0xabababababababababababababababababababababababababababababababab) } (xchess-core-v1:318)
{ bootstrap: u250000, event: "sponsorship-funded", expiry: u27499, funded-by: 'ST85J1T8QBRRF1E3X429R720WMMTGMTTBQ1ABDZT, game: u325, rebate: u2000, rebates: u45, reserved: u90000, who: 'ST5086KW72GKR8T8JKTH8NRGEP8HGCSQ0W3VKE87 } (xchess-core-v1:388)
{ event: "entry-submitted", game: u314, height: u23180, sender: 'ST83QXSNCG4JYJ83HK62MJQ4QK7XP0R5ZHXKW9TN, seq: u2, value: "e2e4" } (xchess-core-v1:565)
{ amount: u2000, event: "rebate-paid", game: u314, rebates-left: u44, who: 'ST83QXSNCG4JYJ83HK62MJQ4QK7XP0R5ZHXKW9TN } (xchess-core-v1:525)
{ event: "entry-submitted", game: u320, height: u23181, sender: 'ST5086KW72GKR8T8JKTH8NRGEP8HGCSQ0W3VKE87, seq: u1, value: "draw?" } (xchess-core-v1:565)
{ event: "entry-submitted", game: u320, height: u23182, sender: 'ST5086KW72GKR8T8JKTH8NRGEP8HGCSQ0W3VKE87, seq: u2, value: "zzzz" } (xchess-core-v1:565)
{ event: "game-opened", fee: u1000000, game: u326, height: u23453, opened-by: 'ST5086KW72GKR8T8JKTH8NRGEP8HGCSQ0W3VKE87, ranked: true, rules-hash: (some 0xabababababababababababababababababababababababababababababababab) } (xchess-core-v1:318)
{ bootstrap: u250000, event: "sponsorship-funded", expiry: u27773, funded-by: 'ST5086KW72GKR8T8JKTH8NRGEP8HGCSQ0W3VKE87, game: u326, rebate: u2000, rebates: u45, reserved: u90000, who: 'ST85J1T8QBRRF1E3X429R720WMMTGMTTBQ1ABDZT } (xchess-core-v1:388)
{ event: "game-opened", fee: u1000000, game: u327, height: u23454, opened-by: 'ST5086KW72GKR8T8JKTH8NRGEP8HGCSQ0W3VKE87, ranked: false, rules-hash: (some 0xabababababababababababababababababababababababababababababababab) } (xchess-core-v1:318)
{ bootstrap: u250000, event: "sponsorship-funded", expiry: u27774, funded-by: 'ST5086KW72GKR8T8JKTH8NRGEP8HGCSQ0W3VKE87, game: u327, rebate: u2000, rebates: u45, reserved: u90000, who: 'ST1PXSHZJDK862PABE15F07WSECNNF5BGA66MTG52 } (xchess-core-v1:388)
{ event: "entry-submitted", game: u317, height: u23455, sender: 'ST3TRY6QNMZ18FD96BJHEG4KTWVF7AN5PAKDMRRFP, seq: u2, value: "e2e4" } (xchess-core-v1:565)
{ event: "entry-submitted", game: u326, height: u23456, sender: 'ST83QXSNCG4JYJ83HK62MJQ4QK7XP0R5ZHXKW9TN, seq: u0, value: "e2e4" } (xchess-core-v1:565)
{ event: "entry-submitted", game: u322, height: u23457, sender: 'ST85J1T8QBRRF1E3X429R720WMMTGMTTBQ1ABDZT, seq: u0, value: "zzzz" } (xchess-core-v1:565)
{ event: "game-opened", fee: u1000000, game: u328, height: u23458, opened-by: 'ST5086KW72GKR8T8JKTH8NRGEP8HGCSQ0W3VKE87, ranked: false, rules-hash: (some 0xabababababababababababababababababababababababababababababababab) } (xchess-core-v1:318)
{ amount: u15311201, by: 'ST2PZAQ88V19XWNZAVEGHKJ9MXECC9D73FCCKNB4Z, event: "withdrawn", to: 'ST2PZAQ88V19XWNZAVEGHKJ9MXECC9D73FCCKNB4Z } (xchess-core-v1:669)
{ event: "entry-submitted", game: u323, height: u23461, sender: 'ST3TRY6QNMZ18FD96BJHEG4KTWVF7AN5PAKDMRRFP, seq: u0, value: "zzzz" } (xchess-core-v1:565)
{ event: "entry-submitted", game: u326, height: u23462, sender: 'ST85J1T8QBRRF1E3X429R720WMMTGMTTBQ1ABDZT, seq: u1, value: "draw?" } (xchess-core-v1:565)
{ amount: u2000, event: "rebate-paid", game: u326, rebates-left: u44, who: 'ST85J1T8QBRRF1E3X429R720WMMTGMTTBQ1ABDZT } (xchess-core-v1:525)
{ event: "entry-submitted", game: u324, height: u23463, sender: 'ST1PXSHZJDK862PABE15F07WSECNNF5BGA66MTG52, seq: u0, value: "zzzz" } (xchess-core-v1:565)
{ event: "entry-submitted", game: u319, height: u23464, sender: 'ST83QXSNCG4JYJ83HK62MJQ4QK7XP0R5ZHXKW9TN, seq: u2, value: "draw?" } (xchess-core-v1:565)
{ event: "game-opened", fee: u1000000, game: u329, height: u23465, opened-by: 'ST1PXSHZJDK862PABE15F07WSECNNF5BGA66MTG52, ranked: false, rules-hash: (some 0xabababababababababababababababababababababababababababababababab) } (xchess-core-v1:318)
{ added: u90000, by: 'ST1PXSHZJDK862PABE15F07WSECNNF5BGA66MTG52, event: "sponsorship-topped-up", game: u323, rebates-added: u45, who: 'ST5086KW72GKR8T8JKTH8NRGEP8HGCSQ0W3VKE87 } (xchess-core-v1:474)
{ event: "entry-submitted", game: u329, height: u23467, sender: 'ST83QXSNCG4JYJ83HK62MJQ4QK7XP0R5ZHXKW9TN, seq: u0, value: "draw?" } (xchess-core-v1:565)
{ event: "game-opened", fee: u1000000, game: u330, height: u23468, opened-by: 'ST1PXSHZJDK862PABE15F07WSECNNF5BGA66MTG52, ranked: false, rules-hash: (some 0xabababababababababababababababababababababababababababababababab) } (xchess-core-v1:318)
{ event: "entry-submitted", game: u330, height: u23469, sender: 'ST85J1T8QBRRF1E3X429R720WMMTGMTTBQ1ABDZT, seq: u0, value: "e2e4" } (xchess-core-v1:565)
{ event: "entry-submitted", game: u330, height: u23470, sender: 'ST3TRY6QNMZ18FD96BJHEG4KTWVF7AN5PAKDMRRFP, seq: u1, value: "resgn" } (xchess-core-v1:565)
{ event: "game-opened", fee: u1000000, game: u331, height: u23471, opened-by: 'ST85J1T8QBRRF1E3X429R720WMMTGMTTBQ1ABDZT, ranked: false, rules-hash: (some 0xabababababababababababababababababababababababababababababababab) } (xchess-core-v1:318)
{ bootstrap: u250000, event: "sponsorship-funded", expiry: u27791, funded-by: 'ST85J1T8QBRRF1E3X429R720WMMTGMTTBQ1ABDZT, game: u331, rebate: u2000, rebates: u45, reserved: u90000, who: 'ST1PXSHZJDK862PABE15F07WSECNNF5BGA66MTG52 } (xchess-core-v1:388)
{ event: "game-opened", fee: u1000000, game: u332, height: u23472, opened-by: 'ST85J1T8QBRRF1E3X429R720WMMTGMTTBQ1ABDZT, ranked: false, rules-hash: (some 0xabababababababababababababababababababababababababababababababab) } (xchess-core-v1:318)
{ bootstrap: u250000, event: "sponsorship-funded", expiry: u27792, funded-by: 'ST85J1T8QBRRF1E3X429R720WMMTGMTTBQ1ABDZT, game: u332, rebate: u2000, rebates: u45, reserved: u90000, who: 'ST1PXSHZJDK862PABE15F07WSECNNF5BGA66MTG52 } (xchess-core-v1:388)
{ bootstrap: u250000, event: "sponsorship-funded", expiry: u27792, funded-by: 'ST85J1T8QBRRF1E3X429R720WMMTGMTTBQ1ABDZT, game: u332, rebate: u2000, rebates: u45, reserved: u90000, who: 'ST83QXSNCG4JYJ83HK62MJQ4QK7XP0R5ZHXKW9TN } (xchess-core-v1:388)
{ event: "game-opened", fee: u1000000, game: u333, height: u23473, opened-by: 'ST5086KW72GKR8T8JKTH8NRGEP8HGCSQ0W3VKE87, ranked: false, rules-hash: (some 0xabababababababababababababababababababababababababababababababab) } (xchess-core-v1:318)
{ bootstrap: u250000, event: "sponsorship-funded", expiry: u27793, funded-by: 'ST5086KW72GKR8T8JKTH8NRGEP8HGCSQ0W3VKE87, game: u333, rebate: u2000, rebates: u45, reserved: u90000, who: 'ST3TRY6QNMZ18FD96BJHEG4KTWVF7AN5PAKDMRRFP } (xchess-core-v1:388)
{ event: "game-opened", fee: u1000000, game: u334, height: u23474, opened-by: 'ST1PXSHZJDK862PABE15F07WSECNNF5BGA66MTG52, ranked: false, rules-hash: (some 0xabababababababababababababababababababababababababababababababab) } (xchess-core-v1:318)
{ bootstrap: u250000, event: "sponsorship-funded", expiry: u27794, funded-by: 'ST1PXSHZJDK862PABE15F07WSECNNF5BGA66MTG52, game: u334, rebate: u2000, rebates: u45, reserved: u90000, who: 'ST3TRY6QNMZ18FD96BJHEG4KTWVF7AN5PAKDMRRFP } (xchess-core-v1:388)
{ event: "game-opened", fee: u1000000, game: u335, height: u23475, opened-by: 'ST1PXSHZJDK862PABE15F07WSECNNF5BGA66MTG52, ranked: false, rules-hash: (some 0xabababababababababababababababababababababababababababababababab) } (xchess-core-v1:318)
{ amount: u11305601, by: 'ST2PZAQ88V19XWNZAVEGHKJ9MXECC9D73FCCKNB4Z, event: "withdrawn", to: 'ST2PZAQ88V19XWNZAVEGHKJ9MXECC9D73FCCKNB4Z } (xchess-core-v1:669)
{ event: "entry-submitted", game: u331, height: u23478, sender: 'ST85J1T8QBRRF1E3X429R720WMMTGMTTBQ1ABDZT, seq: u0, value: "resgn" } (xchess-core-v1:565)
{ by: 'ST1PXSHZJDK862PABE15F07WSECNNF5BGA66MTG52, event: "sponsorship-settled", game: u20, released: u270000, who: 'ST85J1T8QBRRF1E3X429R720WMMTGMTTBQ1ABDZT } (xchess-core-v1:606)
{ event: "entry-submitted", game: u332, height: u23480, sender: 'ST3TRY6QNMZ18FD96BJHEG4KTWVF7AN5PAKDMRRFP, seq: u0, value: "zzzz" } (xchess-core-v1:565)
{ event: "game-opened", fee: u1000000, game: u336, height: u23481, opened-by: 'ST85J1T8QBRRF1E3X429R720WMMTGMTTBQ1ABDZT, ranked: false, rules-hash: (some 0xabababababababababababababababababababababababababababababababab) } (xchess-core-v1:318)
{ bootstrap: u250000, event: "sponsorship-funded", expiry: u27801, funded-by: 'ST85J1T8QBRRF1E3X429R720WMMTGMTTBQ1ABDZT, game: u336, rebate: u2000, rebates: u45, reserved: u90000, who: 'ST5086KW72GKR8T8JKTH8NRGEP8HGCSQ0W3VKE87 } (xchess-core-v1:388)
{ added: u90000, by: 'ST85J1T8QBRRF1E3X429R720WMMTGMTTBQ1ABDZT, event: "sponsorship-topped-up", game: u300, rebates-added: u45, who: 'ST83QXSNCG4JYJ83HK62MJQ4QK7XP0R5ZHXKW9TN } (xchess-core-v1:474)
{ event: "game-opened", fee: u1000000, game: u337, height: u23483, opened-by: 'ST1PXSHZJDK862PABE15F07WSECNNF5BGA66MTG52, ranked: true, rules-hash: (some 0xabababababababababababababababababababababababababababababababab) } (xchess-core-v1:318)
{ bootstrap: u250000, event: "sponsorship-funded", expiry: u27803, funded-by: 'ST1PXSHZJDK862PABE15F07WSECNNF5BGA66MTG52, game: u337, rebate: u2000, rebates: u45, reserved: u90000, who: 'ST85J1T8QBRRF1E3X429R720WMMTGMTTBQ1ABDZT } (xchess-core-v1:388)
{ bootstrap: u250000, event: "sponsorship-funded", expiry: u27803, funded-by: 'ST1PXSHZJDK862PABE15F07WSECNNF5BGA66MTG52, game: u337, rebate: u2000, rebates: u45, reserved: u90000, who: 'ST83QXSNCG4JYJ83HK62MJQ4QK7XP0R5ZHXKW9TN } (xchess-core-v1:388)
{ event: "game-opened", fee: u1000000, game: u338, height: u23484, opened-by: 'ST5086KW72GKR8T8JKTH8NRGEP8HGCSQ0W3VKE87, ranked: true, rules-hash: (some 0xabababababababababababababababababababababababababababababababab) } (xchess-core-v1:318)
{ bootstrap: u250000, event: "sponsorship-funded", expiry: u27804, funded-by: 'ST5086KW72GKR8T8JKTH8NRGEP8HGCSQ0W3VKE87, game: u338, rebate: u2000, rebates: u45, reserved: u90000, who: 'ST85J1T8QBRRF1E3X429R720WMMTGMTTBQ1ABDZT } (xchess-core-v1:388)
{ bootstrap: u250000, event: "sponsorship-funded", expiry: u27804, funded-by: 'ST5086KW72GKR8T8JKTH8NRGEP8HGCSQ0W3VKE87, game: u338, rebate: u2000, rebates: u45, reserved: u90000, who: 'ST1PXSHZJDK862PABE15F07WSECNNF5BGA66MTG52 } (xchess-core-v1:388)
{ event: "entry-submitted", game: u329, height: u23485, sender: 'ST85J1T8QBRRF1E3X429R720WMMTGMTTBQ1ABDZT, seq: u1, value: "resgn" } (xchess-core-v1:565)
{ event: "entry-submitted", game: u337, height: u23486, sender: 'ST85J1T8QBRRF1E3X429R720WMMTGMTTBQ1ABDZT, seq: u0, value: "zzzz" } (xchess-core-v1:565)
{ amount: u2000, event: "rebate-paid", game: u337, rebates-left: u44, who: 'ST85J1T8QBRRF1E3X429R720WMMTGMTTBQ1ABDZT } (xchess-core-v1:525)
{ event: "entry-submitted", game: u333, height: u23487, sender: 'ST83QXSNCG4JYJ83HK62MJQ4QK7XP0R5ZHXKW9TN, seq: u0, value: "resgn" } (xchess-core-v1:565)
{ event: "game-opened", fee: u1000000, game: u339, height: u23488, opened-by: 'ST85J1T8QBRRF1E3X429R720WMMTGMTTBQ1ABDZT, ranked: false, rules-hash: (some 0xabababababababababababababababababababababababababababababababab) } (xchess-core-v1:318)
{ amount: u7937800, by: 'ST2PZAQ88V19XWNZAVEGHKJ9MXECC9D73FCCKNB4Z, event: "withdrawn", to: 'ST2PZAQ88V19XWNZAVEGHKJ9MXECC9D73FCCKNB4Z } (xchess-core-v1:669)
{ event: "entry-submitted", game: u339, height: u23491, sender: 'ST85J1T8QBRRF1E3X429R720WMMTGMTTBQ1ABDZT, seq: u0, value: "resgn" } (xchess-core-v1:565)
{ event: "entry-submitted", game: u333, height: u23492, sender: 'ST85J1T8QBRRF1E3X429R720WMMTGMTTBQ1ABDZT, seq: u1, value: "e2e4" } (xchess-core-v1:565)
{ event: "entry-submitted", game: u335, height: u23494, sender: 'ST1PXSHZJDK862PABE15F07WSECNNF5BGA66MTG52, seq: u0, value: "draw?" } (xchess-core-v1:565)
{ event: "game-opened", fee: u1000000, game: u340, height: u23495, opened-by: 'ST83QXSNCG4JYJ83HK62MJQ4QK7XP0R5ZHXKW9TN, ranked: false, rules-hash: (some 0xabababababababababababababababababababababababababababababababab) } (xchess-core-v1:318)
{ event: "entry-submitted", game: u335, height: u23496, sender: 'ST5086KW72GKR8T8JKTH8NRGEP8HGCSQ0W3VKE87, seq: u1, value: "zzzz" } (xchess-core-v1:565)
{ added: u90000, by: 'ST83QXSNCG4JYJ83HK62MJQ4QK7XP0R5ZHXKW9TN, event: "sponsorship-topped-up", game: u280, rebates-added: u45, who: 'ST85J1T8QBRRF1E3X429R720WMMTGMTTBQ1ABDZT } (xchess-core-v1:474)
{ event: "game-opened", fee: u1000000, game: u341, height: u23499, opened-by: 'ST5086KW72GKR8T8JKTH8NRGEP8HGCSQ0W3VKE87, ranked: false, rules-hash: (some 0xabababababababababababababababababababababababababababababababab) } (xchess-core-v1:318)
{ by: 'ST1PXSHZJDK862PABE15F07WSECNNF5BGA66MTG52, event: "sponsorship-settled", game: u173, released: u90000, who: 'ST85J1T8QBRRF1E3X429R720WMMTGMTTBQ1ABDZT } (xchess-core-v1:606)
{ event: "game-opened", fee: u1000000, game: u342, height: u23501, opened-by: 'ST5086KW72GKR8T8JKTH8NRGEP8HGCSQ0W3VKE87, ranked: true, rules-hash: (some 0xabababababababababababababababababababababababababababababababab) } (xchess-core-v1:318)
{ bootstrap: u250000, event: "sponsorship-funded", expiry: u27821, funded-by: 'ST5086KW72GKR8T8JKTH8NRGEP8HGCSQ0W3VKE87, game: u342, rebate: u2000, rebates: u45, reserved: u90000, who: 'ST3TRY6QNMZ18FD96BJHEG4KTWVF7AN5PAKDMRRFP } (xchess-core-v1:388)
{ amount: u5563900, by: 'ST2PZAQ88V19XWNZAVEGHKJ9MXECC9D73FCCKNB4Z, event: "withdrawn", to: 'ST2PZAQ88V19XWNZAVEGHKJ9MXECC9D73FCCKNB4Z } (xchess-core-v1:669)
{ event: "game-opened", fee: u1000000, game: u343, height: u23504, opened-by: 'ST85J1T8QBRRF1E3X429R720WMMTGMTTBQ1ABDZT, ranked: false, rules-hash: (some 0xabababababababababababababababababababababababababababababababab) } (xchess-core-v1:318)
{ bootstrap: u250000, event: "sponsorship-funded", expiry: u27824, funded-by: 'ST85J1T8QBRRF1E3X429R720WMMTGMTTBQ1ABDZT, game: u343, rebate: u2000, rebates: u45, reserved: u90000, who: 'ST3TRY6QNMZ18FD96BJHEG4KTWVF7AN5PAKDMRRFP } (xchess-core-v1:388)
{ event: "entry-submitted", game: u339, height: u23505, sender: 'ST3TRY6QNMZ18FD96BJHEG4KTWVF7AN5PAKDMRRFP, seq: u1, value: "zzzz" } (xchess-core-v1:565)
{ event: "entry-submitted", game: u337, height: u23506, sender: 'ST83QXSNCG4JYJ83HK62MJQ4QK7XP0R5ZHXKW9TN, seq: u1, value: "e2e4" } (xchess-core-v1:565)
{ amount: u2000, event: "rebate-paid", game: u337, rebates-left: u44, who: 'ST83QXSNCG4JYJ83HK62MJQ4QK7XP0R5ZHXKW9TN } (xchess-core-v1:525)
{ event: "game-opened", fee: u1000000, game: u344, height: u23507, opened-by: 'ST85J1T8QBRRF1E3X429R720WMMTGMTTBQ1ABDZT, ranked: true, rules-hash: (some 0xabababababababababababababababababababababababababababababababab) } (xchess-core-v1:318)
{ bootstrap: u250000, event: "sponsorship-funded", expiry: u27827, funded-by: 'ST85J1T8QBRRF1E3X429R720WMMTGMTTBQ1ABDZT, game: u344, rebate: u2000, rebates: u45, reserved: u90000, who: 'ST3TRY6QNMZ18FD96BJHEG4KTWVF7AN5PAKDMRRFP } (xchess-core-v1:388)
{ event: "game-opened", fee: u1000000, game: u345, height: u23508, opened-by: 'ST85J1T8QBRRF1E3X429R720WMMTGMTTBQ1ABDZT, ranked: false, rules-hash: (some 0xabababababababababababababababababababababababababababababababab) } (xchess-core-v1:318)
{ bootstrap: u250000, event: "sponsorship-funded", expiry: u27828, funded-by: 'ST85J1T8QBRRF1E3X429R720WMMTGMTTBQ1ABDZT, game: u345, rebate: u2000, rebates: u45, reserved: u90000, who: 'ST1PXSHZJDK862PABE15F07WSECNNF5BGA66MTG52 } (xchess-core-v1:388)
{ bootstrap: u250000, event: "sponsorship-funded", expiry: u27828, funded-by: 'ST85J1T8QBRRF1E3X429R720WMMTGMTTBQ1ABDZT, game: u345, rebate: u2000, rebates: u45, reserved: u90000, who: 'ST83QXSNCG4JYJ83HK62MJQ4QK7XP0R5ZHXKW9TN } (xchess-core-v1:388)
{ event: "game-opened", fee: u1000000, game: u346, height: u23509, opened-by: 'ST1PXSHZJDK862PABE15F07WSECNNF5BGA66MTG52, ranked: true, rules-hash: (some 0xabababababababababababababababababababababababababababababababab) } (xchess-core-v1:318)
{ amount: u4881950, by: 'ST2PZAQ88V19XWNZAVEGHKJ9MXECC9D73FCCKNB4Z, event: "withdrawn", to: 'ST2PZAQ88V19XWNZAVEGHKJ9MXECC9D73FCCKNB4Z } (xchess-core-v1:669)
{ event: "entry-submitted", game: u343, height: u23512, sender: 'ST1PXSHZJDK862PABE15F07WSECNNF5BGA66MTG52, seq: u0, value: "resgn" } (xchess-core-v1:565)
{ event: "game-opened", fee: u1000000, game: u347, height: u24456, opened-by: 'ST1PXSHZJDK862PABE15F07WSECNNF5BGA66MTG52, ranked: false, rules-hash: (some 0xabababababababababababababababababababababababababababababababab) } (xchess-core-v1:318)
{ event: "game-opened", fee: u1000000, game: u348, height: u24457, opened-by: 'ST1PXSHZJDK862PABE15F07WSECNNF5BGA66MTG52, ranked: true, rules-hash: (some 0xabababababababababababababababababababababababababababababababab) } (xchess-core-v1:318)
{ bootstrap: u250000, event: "sponsorship-funded", expiry: u28777, funded-by: 'ST1PXSHZJDK862PABE15F07WSECNNF5BGA66MTG52, game: u348, rebate: u2000, rebates: u45, reserved: u90000, who: 'ST85J1T8QBRRF1E3X429R720WMMTGMTTBQ1ABDZT } (xchess-core-v1:388)
{ bootstrap: u250000, event: "sponsorship-funded", expiry: u28777, funded-by: 'ST1PXSHZJDK862PABE15F07WSECNNF5BGA66MTG52, game: u348, rebate: u2000, rebates: u45, reserved: u90000, who: 'ST83QXSNCG4JYJ83HK62MJQ4QK7XP0R5ZHXKW9TN } (xchess-core-v1:388)
{ event: "entry-submitted", game: u348, height: u24458, sender: 'ST83QXSNCG4JYJ83HK62MJQ4QK7XP0R5ZHXKW9TN, seq: u0, value: "draw?" } (xchess-core-v1:565)
{ amount: u2000, event: "rebate-paid", game: u348, rebates-left: u44, who: 'ST83QXSNCG4JYJ83HK62MJQ4QK7XP0R5ZHXKW9TN } (xchess-core-v1:525)
{ event: "game-opened", fee: u1000000, game: u349, height: u24459, opened-by: 'ST85J1T8QBRRF1E3X429R720WMMTGMTTBQ1ABDZT, ranked: false, rules-hash: (some 0xabababababababababababababababababababababababababababababababab) } (xchess-core-v1:318)
{ bootstrap: u250000, event: "sponsorship-funded", expiry: u28779, funded-by: 'ST85J1T8QBRRF1E3X429R720WMMTGMTTBQ1ABDZT, game: u349, rebate: u2000, rebates: u45, reserved: u90000, who: 'ST83QXSNCG4JYJ83HK62MJQ4QK7XP0R5ZHXKW9TN } (xchess-core-v1:388)
{ event: "game-opened", fee: u1000000, game: u350, height: u24460, opened-by: 'ST85J1T8QBRRF1E3X429R720WMMTGMTTBQ1ABDZT, ranked: false, rules-hash: (some 0xabababababababababababababababababababababababababababababababab) } (xchess-core-v1:318)
{ bootstrap: u250000, event: "sponsorship-funded", expiry: u28780, funded-by: 'ST85J1T8QBRRF1E3X429R720WMMTGMTTBQ1ABDZT, game: u350, rebate: u2000, rebates: u45, reserved: u90000, who: 'ST3TRY6QNMZ18FD96BJHEG4KTWVF7AN5PAKDMRRFP } (xchess-core-v1:388)
{ event: "game-opened", fee: u1000000, game: u351, height: u24461, opened-by: 'ST1PXSHZJDK862PABE15F07WSECNNF5BGA66MTG52, ranked: false, rules-hash: (some 0xabababababababababababababababababababababababababababababababab) } (xchess-core-v1:318)
{ bootstrap: u250000, event: "sponsorship-funded", expiry: u28781, funded-by: 'ST1PXSHZJDK862PABE15F07WSECNNF5BGA66MTG52, game: u351, rebate: u2000, rebates: u45, reserved: u90000, who: 'ST85J1T8QBRRF1E3X429R720WMMTGMTTBQ1ABDZT } (xchess-core-v1:388)
{ event: "entry-submitted", game: u351, height: u24462, sender: 'ST3TRY6QNMZ18FD96BJHEG4KTWVF7AN5PAKDMRRFP, seq: u0, value: "draw?" } (xchess-core-v1:565)
{ amount: u5065975, by: 'ST2PZAQ88V19XWNZAVEGHKJ9MXECC9D73FCCKNB4Z, event: "withdrawn", to: 'ST2PZAQ88V19XWNZAVEGHKJ9MXECC9D73FCCKNB4Z } (xchess-core-v1:669)
{ event: "game-opened", fee: u1000000, game: u352, height: u24465, opened-by: 'ST85J1T8QBRRF1E3X429R720WMMTGMTTBQ1ABDZT, ranked: false, rules-hash: (some 0xabababababababababababababababababababababababababababababababab) } (xchess-core-v1:318)
{ bootstrap: u250000, event: "sponsorship-funded", expiry: u28785, funded-by: 'ST85J1T8QBRRF1E3X429R720WMMTGMTTBQ1ABDZT, game: u352, rebate: u2000, rebates: u45, reserved: u90000, who: 'ST1PXSHZJDK862PABE15F07WSECNNF5BGA66MTG52 } (xchess-core-v1:388)
{ bootstrap: u250000, event: "sponsorship-funded", expiry: u28785, funded-by: 'ST85J1T8QBRRF1E3X429R720WMMTGMTTBQ1ABDZT, game: u352, rebate: u2000, rebates: u45, reserved: u90000, who: 'ST83QXSNCG4JYJ83HK62MJQ4QK7XP0R5ZHXKW9TN } (xchess-core-v1:388)
{ event: "game-opened", fee: u1000000, game: u353, height: u24466, opened-by: 'ST85J1T8QBRRF1E3X429R720WMMTGMTTBQ1ABDZT, ranked: true, rules-hash: (some 0xabababababababababababababababababababababababababababababababab) } (xchess-core-v1:318)
{ bootstrap: u250000, event: "sponsorship-funded", expiry: u28786, funded-by: 'ST85J1T8QBRRF1E3X429R720WMMTGMTTBQ1ABDZT, game: u353, rebate: u2000, rebates: u45, reserved: u90000, who: 'ST5086KW72GKR8T8JKTH8NRGEP8HGCSQ0W3VKE87 } (xchess-core-v1:388)
{ event: "game-opened", fee: u1000000, game: u354, height: u24467, opened-by: 'ST85J1T8QBRRF1E3X429R720WMMTGMTTBQ1ABDZT, ranked: false, rules-hash: (some 0xabababababababababababababababababababababababababababababababab) } (xchess-core-v1:318)
{ bootstrap: u250000, event: "sponsorship-funded", expiry: u28787, funded-by: 'ST85J1T8QBRRF1E3X429R720WMMTGMTTBQ1ABDZT, game: u354, rebate: u2000, rebates: u45, reserved: u90000, who: 'ST3TRY6QNMZ18FD96BJHEG4KTWVF7AN5PAKDMRRFP } (xchess-core-v1:388)
{ added: u90000, by: 'ST5086KW72GKR8T8JKTH8NRGEP8HGCSQ0W3VKE87, event: "sponsorship-topped-up", game: u287, rebates-added: u45, who: 'ST1PXSHZJDK862PABE15F07WSECNNF5BGA66MTG52 } (xchess-core-v1:474)
{ event: "entry-submitted", game: u351, height: u24469, sender: 'ST3TRY6QNMZ18FD96BJHEG4KTWVF7AN5PAKDMRRFP, seq: u1, value: "e2e4" } (xchess-core-v1:565)
{ event: "game-opened", fee: u1000000, game: u355, height: u24470, opened-by: 'ST1PXSHZJDK862PABE15F07WSECNNF5BGA66MTG52, ranked: false, rules-hash: (some 0xabababababababababababababababababababababababababababababababab) } (xchess-core-v1:318)
{ event: "entry-submitted", game: u349, height: u24471, sender: 'ST85J1T8QBRRF1E3X429R720WMMTGMTTBQ1ABDZT, seq: u0, value: "zzzz" } (xchess-core-v1:565)
{ event: "entry-submitted", game: u353, height: u24472, sender: 'ST3TRY6QNMZ18FD96BJHEG4KTWVF7AN5PAKDMRRFP, seq: u0, value: "draw?" } (xchess-core-v1:565)
{ event: "entry-submitted", game: u352, height: u24473, sender: 'ST3TRY6QNMZ18FD96BJHEG4KTWVF7AN5PAKDMRRFP, seq: u0, value: "resgn" } (xchess-core-v1:565)
{ event: "entry-submitted", game: u347, height: u24474, sender: 'ST85J1T8QBRRF1E3X429R720WMMTGMTTBQ1ABDZT, seq: u0, value: "zzzz" } (xchess-core-v1:565)
{ event: "entry-submitted", game: u353, height: u24475, sender: 'ST83QXSNCG4JYJ83HK62MJQ4QK7XP0R5ZHXKW9TN, seq: u1, value: "draw?" } (xchess-core-v1:565)
{ event: "entry-submitted", game: u352, height: u24476, sender: 'ST5086KW72GKR8T8JKTH8NRGEP8HGCSQ0W3VKE87, seq: u1, value: "zzzz" } (xchess-core-v1:565)
{ event: "entry-submitted", game: u349, height: u24478, sender: 'ST1PXSHZJDK862PABE15F07WSECNNF5BGA66MTG52, seq: u1, value: "e2e4" } (xchess-core-v1:565)
{ event: "game-opened", fee: u1000000, game: u356, height: u24479, opened-by: 'ST5086KW72GKR8T8JKTH8NRGEP8HGCSQ0W3VKE87, ranked: false, rules-hash: (some 0xabababababababababababababababababababababababababababababababab) } (xchess-core-v1:318)
{ bootstrap: u250000, event: "sponsorship-funded", expiry: u28799, funded-by: 'ST5086KW72GKR8T8JKTH8NRGEP8HGCSQ0W3VKE87, game: u356, rebate: u2000, rebates: u45, reserved: u90000, who: 'ST85J1T8QBRRF1E3X429R720WMMTGMTTBQ1ABDZT } (xchess-core-v1:388)
{ bootstrap: u250000, event: "sponsorship-funded", expiry: u28799, funded-by: 'ST5086KW72GKR8T8JKTH8NRGEP8HGCSQ0W3VKE87, game: u356, rebate: u2000, rebates: u45, reserved: u90000, who: 'ST1PXSHZJDK862PABE15F07WSECNNF5BGA66MTG52 } (xchess-core-v1:388)
{ added: u90000, by: 'ST1PXSHZJDK862PABE15F07WSECNNF5BGA66MTG52, event: "sponsorship-topped-up", game: u95, rebates-added: u45, who: 'ST1PXSHZJDK862PABE15F07WSECNNF5BGA66MTG52 } (xchess-core-v1:474)
{ by: 'ST5086KW72GKR8T8JKTH8NRGEP8HGCSQ0W3VKE87, event: "sponsorship-settled", game: u61, released: u90000, who: 'ST1PXSHZJDK862PABE15F07WSECNNF5BGA66MTG52 } (xchess-core-v1:606)
{ event: "game-opened", fee: u1000000, game: u357, height: u24482, opened-by: 'ST85J1T8QBRRF1E3X429R720WMMTGMTTBQ1ABDZT, ranked: false, rules-hash: (some 0xabababababababababababababababababababababababababababababababab) } (xchess-core-v1:318)
{ added: u90000, by: 'ST5086KW72GKR8T8JKTH8NRGEP8HGCSQ0W3VKE87, event: "sponsorship-topped-up", game: u108, rebates-added: u45, who: 'ST1PXSHZJDK862PABE15F07WSECNNF5BGA66MTG52 } (xchess-core-v1:474)
{ event: "entry-submitted", game: u348, height: u24484, sender: 'ST85J1T8QBRRF1E3X429R720WMMTGMTTBQ1ABDZT, seq: u1, value: "draw?" } (xchess-core-v1:565)
{ amount: u2000, event: "rebate-paid", game: u348, rebates-left: u44, who: 'ST85J1T8QBRRF1E3X429R720WMMTGMTTBQ1ABDZT } (xchess-core-v1:525)
{ event: "entry-submitted", game: u352, height: u24485, sender: 'ST1PXSHZJDK862PABE15F07WSECNNF5BGA66MTG52, seq: u2, value: "draw?" } (xchess-core-v1:565)
{ amount: u2000, event: "rebate-paid", game: u352, rebates-left: u44, who: 'ST1PXSHZJDK862PABE15F07WSECNNF5BGA66MTG52 } (xchess-core-v1:525)
{ event: "game-opened", fee: u1000000, game: u358, height: u24486, opened-by: 'ST83QXSNCG4JYJ83HK62MJQ4QK7XP0R5ZHXKW9TN, ranked: true, rules-hash: (some 0xabababababababababababababababababababababababababababababababab) } (xchess-core-v1:318)
{ bootstrap: u250000, event: "sponsorship-funded", expiry: u28806, funded-by: 'ST83QXSNCG4JYJ83HK62MJQ4QK7XP0R5ZHXKW9TN, game: u358, rebate: u2000, rebates: u45, reserved: u90000, who: 'ST85J1T8QBRRF1E3X429R720WMMTGMTTBQ1ABDZT } (xchess-core-v1:388)
{ bootstrap: u250000, event: "sponsorship-funded", expiry: u28806, funded-by: 'ST83QXSNCG4JYJ83HK62MJQ4QK7XP0R5ZHXKW9TN, game: u358, rebate: u2000, rebates: u45, reserved: u90000, who: 'ST1PXSHZJDK862PABE15F07WSECNNF5BGA66MTG52 } (xchess-core-v1:388)
{ event: "entry-submitted", game: u350, height: u24487, sender: 'ST83QXSNCG4JYJ83HK62MJQ4QK7XP0R5ZHXKW9TN, seq: u0, value: "e2e4" } (xchess-core-v1:565)
{ amount: u6352988, by: 'ST2PZAQ88V19XWNZAVEGHKJ9MXECC9D73FCCKNB4Z, event: "withdrawn", to: 'ST2PZAQ88V19XWNZAVEGHKJ9MXECC9D73FCCKNB4Z } (xchess-core-v1:669)
{ event: "game-opened", fee: u1000000, game: u359, height: u24490, opened-by: 'ST1PXSHZJDK862PABE15F07WSECNNF5BGA66MTG52, ranked: true, rules-hash: (some 0xabababababababababababababababababababababababababababababababab) } (xchess-core-v1:318)
{ bootstrap: u250000, event: "sponsorship-funded", expiry: u28810, funded-by: 'ST1PXSHZJDK862PABE15F07WSECNNF5BGA66MTG52, game: u359, rebate: u2000, rebates: u45, reserved: u90000, who: 'ST83QXSNCG4JYJ83HK62MJQ4QK7XP0R5ZHXKW9TN } (xchess-core-v1:388)
{ event: "game-opened", fee: u1000000, game: u360, height: u24491, opened-by: 'ST83QXSNCG4JYJ83HK62MJQ4QK7XP0R5ZHXKW9TN, ranked: true, rules-hash: (some 0xabababababababababababababababababababababababababababababababab) } (xchess-core-v1:318)
{ bootstrap: u250000, event: "sponsorship-funded", expiry: u28811, funded-by: 'ST83QXSNCG4JYJ83HK62MJQ4QK7XP0R5ZHXKW9TN, game: u360, rebate: u2000, rebates: u45, reserved: u90000, who: 'ST85J1T8QBRRF1E3X429R720WMMTGMTTBQ1ABDZT } (xchess-core-v1:388)
{ bootstrap: u250000, event: "sponsorship-funded", expiry: u28811, funded-by: 'ST83QXSNCG4JYJ83HK62MJQ4QK7XP0R5ZHXKW9TN, game: u360, rebate: u2000, rebates: u45, reserved: u90000, who: 'ST1PXSHZJDK862PABE15F07WSECNNF5BGA66MTG52 } (xchess-core-v1:388)
{ added: u90000, by: 'ST1PXSHZJDK862PABE15F07WSECNNF5BGA66MTG52, event: "sponsorship-topped-up", game: u13, rebates-added: u45, who: 'ST1PXSHZJDK862PABE15F07WSECNNF5BGA66MTG52 } (xchess-core-v1:474)
{ event: "entry-submitted", game: u348, height: u24493, sender: 'ST5086KW72GKR8T8JKTH8NRGEP8HGCSQ0W3VKE87, seq: u2, value: "e2e4" } (xchess-core-v1:565)
{ event: "game-opened", fee: u1000000, game: u361, height: u24495, opened-by: 'ST1PXSHZJDK862PABE15F07WSECNNF5BGA66MTG52, ranked: false, rules-hash: (some 0xabababababababababababababababababababababababababababababababab) } (xchess-core-v1:318)
{ bootstrap: u250000, event: "sponsorship-funded", expiry: u28815, funded-by: 'ST1PXSHZJDK862PABE15F07WSECNNF5BGA66MTG52, game: u361, rebate: u2000, rebates: u45, reserved: u90000, who: 'ST85J1T8QBRRF1E3X429R720WMMTGMTTBQ1ABDZT } (xchess-core-v1:388)
{ bootstrap: u250000, event: "sponsorship-funded", expiry: u28815, funded-by: 'ST1PXSHZJDK862PABE15F07WSECNNF5BGA66MTG52, game: u361, rebate: u2000, rebates: u45, reserved: u90000, who: 'ST83QXSNCG4JYJ83HK62MJQ4QK7XP0R5ZHXKW9TN } (xchess-core-v1:388)
{ event: "game-opened", fee: u1000000, game: u362, height: u24496, opened-by: 'ST85J1T8QBRRF1E3X429R720WMMTGMTTBQ1ABDZT, ranked: false, rules-hash: (some 0xabababababababababababababababababababababababababababababababab) } (xchess-core-v1:318)
{ event: "entry-submitted", game: u348, height: u24497, sender: 'ST1PXSHZJDK862PABE15F07WSECNNF5BGA66MTG52, seq: u3, value: "zzzz" } (xchess-core-v1:565)
{ event: "entry-submitted", game: u362, height: u24498, sender: 'ST83QXSNCG4JYJ83HK62MJQ4QK7XP0R5ZHXKW9TN, seq: u0, value: "draw?" } (xchess-core-v1:565)
{ event: "entry-submitted", game: u356, height: u24499, sender: 'ST1PXSHZJDK862PABE15F07WSECNNF5BGA66MTG52, seq: u0, value: "draw?" } (xchess-core-v1:565)
{ amount: u2000, event: "rebate-paid", game: u356, rebates-left: u44, who: 'ST1PXSHZJDK862PABE15F07WSECNNF5BGA66MTG52 } (xchess-core-v1:525)
{ event: "game-opened", fee: u1000000, game: u363, height: u24500, opened-by: 'ST85J1T8QBRRF1E3X429R720WMMTGMTTBQ1ABDZT, ranked: false, rules-hash: (some 0xabababababababababababababababababababababababababababababababab) } (xchess-core-v1:318)
{ bootstrap: u250000, event: "sponsorship-funded", expiry: u28820, funded-by: 'ST85J1T8QBRRF1E3X429R720WMMTGMTTBQ1ABDZT, game: u363, rebate: u2000, rebates: u45, reserved: u90000, who: 'ST5086KW72GKR8T8JKTH8NRGEP8HGCSQ0W3VKE87 } (xchess-core-v1:388)
{ event: "entry-submitted", game: u362, height: u24501, sender: 'ST85J1T8QBRRF1E3X429R720WMMTGMTTBQ1ABDZT, seq: u1, value: "e2e4" } (xchess-core-v1:565)
{ event: "entry-submitted", game: u354, height: u24502, sender: 'ST85J1T8QBRRF1E3X429R720WMMTGMTTBQ1ABDZT, seq: u0, value: "e2e4" } (xchess-core-v1:565)

stdout | tests/economics/property.test.ts > one game cannot reach another game's money > drains one sponsorship completely without touching a second
{ event: "game-opened", fee: u1000000, game: u1, height: u4, opened-by: 'ST85J1T8QBRRF1E3X429R720WMMTGMTTBQ1ABDZT, ranked: false, rules-hash: (some 0xabababababababababababababababababababababababababababababababab) } (xchess-core-v1:318)
{ bootstrap: u250000, event: "sponsorship-funded", expiry: u4324, funded-by: 'ST85J1T8QBRRF1E3X429R720WMMTGMTTBQ1ABDZT, game: u1, rebate: u2000, rebates: u45, reserved: u90000, who: 'ST3TRY6QNMZ18FD96BJHEG4KTWVF7AN5PAKDMRRFP } (xchess-core-v1:388)
{ event: "game-opened", fee: u1000000, game: u2, height: u5, opened-by: 'ST1PXSHZJDK862PABE15F07WSECNNF5BGA66MTG52, ranked: false, rules-hash: (some 0xabababababababababababababababababababababababababababababababab) } (xchess-core-v1:318)
{ bootstrap: u250000, event: "sponsorship-funded", expiry: u4325, funded-by: 'ST1PXSHZJDK862PABE15F07WSECNNF5BGA66MTG52, game: u2, rebate: u2000, rebates: u45, reserved: u90000, who: 'ST3TRY6QNMZ18FD96BJHEG4KTWVF7AN5PAKDMRRFP } (xchess-core-v1:388)
{ event: "entry-submitted", game: u1, height: u6, sender: 'ST3TRY6QNMZ18FD96BJHEG4KTWVF7AN5PAKDMRRFP, seq: u0, value: "e2e4" } (xchess-core-v1:565)
{ amount: u2000, event: "rebate-paid", game: u1, rebates-left: u44, who: 'ST3TRY6QNMZ18FD96BJHEG4KTWVF7AN5PAKDMRRFP } (xchess-core-v1:525)
{ event: "entry-submitted", game: u1, height: u7, sender: 'ST3TRY6QNMZ18FD96BJHEG4KTWVF7AN5PAKDMRRFP, seq: u1, value: "e2e4" } (xchess-core-v1:565)
{ amount: u2000, event: "rebate-paid", game: u1, rebates-left: u43, who: 'ST3TRY6QNMZ18FD96BJHEG4KTWVF7AN5PAKDMRRFP } (xchess-core-v1:525)
{ event: "entry-submitted", game: u1, height: u8, sender: 'ST3TRY6QNMZ18FD96BJHEG4KTWVF7AN5PAKDMRRFP, seq: u2, value: "e2e4" } (xchess-core-v1:565)
{ amount: u2000, event: "rebate-paid", game: u1, rebates-left: u42, who: 'ST3TRY6QNMZ18FD96BJHEG4KTWVF7AN5PAKDMRRFP } (xchess-core-v1:525)
{ event: "entry-submitted", game: u1, height: u9, sender: 'ST3TRY6QNMZ18FD96BJHEG4KTWVF7AN5PAKDMRRFP, seq: u3, value: "e2e4" } (xchess-core-v1:565)
{ amount: u2000, event: "rebate-paid", game: u1, rebates-left: u41, who: 'ST3TRY6QNMZ18FD96BJHEG4KTWVF7AN5PAKDMRRFP } (xchess-core-v1:525)
{ event: "entry-submitted", game: u1, height: u10, sender: 'ST3TRY6QNMZ18FD96BJHEG4KTWVF7AN5PAKDMRRFP, seq: u4, value: "e2e4" } (xchess-core-v1:565)
{ amount: u2000, event: "rebate-paid", game: u1, rebates-left: u40, who: 'ST3TRY6QNMZ18FD96BJHEG4KTWVF7AN5PAKDMRRFP } (xchess-core-v1:525)
{ event: "entry-submitted", game: u1, height: u11, sender: 'ST3TRY6QNMZ18FD96BJHEG4KTWVF7AN5PAKDMRRFP, seq: u5, value: "e2e4" } (xchess-core-v1:565)
{ amount: u2000, event: "rebate-paid", game: u1, rebates-left: u39, who: 'ST3TRY6QNMZ18FD96BJHEG4KTWVF7AN5PAKDMRRFP } (xchess-core-v1:525)
{ event: "entry-submitted", game: u1, height: u12, sender: 'ST3TRY6QNMZ18FD96BJHEG4KTWVF7AN5PAKDMRRFP, seq: u6, value: "e2e4" } (xchess-core-v1:565)
{ amount: u2000, event: "rebate-paid", game: u1, rebates-left: u38, who: 'ST3TRY6QNMZ18FD96BJHEG4KTWVF7AN5PAKDMRRFP } (xchess-core-v1:525)
{ event: "entry-submitted", game: u1, height: u13, sender: 'ST3TRY6QNMZ18FD96BJHEG4KTWVF7AN5PAKDMRRFP, seq: u7, value: "e2e4" } (xchess-core-v1:565)
{ amount: u2000, event: "rebate-paid", game: u1, rebates-left: u37, who: 'ST3TRY6QNMZ18FD96BJHEG4KTWVF7AN5PAKDMRRFP } (xchess-core-v1:525)
{ event: "entry-submitted", game: u1, height: u14, sender: 'ST3TRY6QNMZ18FD96BJHEG4KTWVF7AN5PAKDMRRFP, seq: u8, value: "e2e4" } (xchess-core-v1:565)
{ amount: u2000, event: "rebate-paid", game: u1, rebates-left: u36, who: 'ST3TRY6QNMZ18FD96BJHEG4KTWVF7AN5PAKDMRRFP } (xchess-core-v1:525)
{ event: "entry-submitted", game: u1, height: u15, sender: 'ST3TRY6QNMZ18FD96BJHEG4KTWVF7AN5PAKDMRRFP, seq: u9, value: "e2e4" } (xchess-core-v1:565)
{ amount: u2000, event: "rebate-paid", game: u1, rebates-left: u35, who: 'ST3TRY6QNMZ18FD96BJHEG4KTWVF7AN5PAKDMRRFP } (xchess-core-v1:525)
{ event: "entry-submitted", game: u1, height: u16, sender: 'ST3TRY6QNMZ18FD96BJHEG4KTWVF7AN5PAKDMRRFP, seq: u10, value: "e2e4" } (xchess-core-v1:565)
{ amount: u2000, event: "rebate-paid", game: u1, rebates-left: u34, who: 'ST3TRY6QNMZ18FD96BJHEG4KTWVF7AN5PAKDMRRFP } (xchess-core-v1:525)
{ event: "entry-submitted", game: u1, height: u17, sender: 'ST3TRY6QNMZ18FD96BJHEG4KTWVF7AN5PAKDMRRFP, seq: u11, value: "e2e4" } (xchess-core-v1:565)
{ amount: u2000, event: "rebate-paid", game: u1, rebates-left: u33, who: 'ST3TRY6QNMZ18FD96BJHEG4KTWVF7AN5PAKDMRRFP } (xchess-core-v1:525)
{ event: "entry-submitted", game: u1, height: u18, sender: 'ST3TRY6QNMZ18FD96BJHEG4KTWVF7AN5PAKDMRRFP, seq: u12, value: "e2e4" } (xchess-core-v1:565)
{ amount: u2000, event: "rebate-paid", game: u1, rebates-left: u32, who: 'ST3TRY6QNMZ18FD96BJHEG4KTWVF7AN5PAKDMRRFP } (xchess-core-v1:525)
{ event: "entry-submitted", game: u1, height: u19, sender: 'ST3TRY6QNMZ18FD96BJHEG4KTWVF7AN5PAKDMRRFP, seq: u13, value: "e2e4" } (xchess-core-v1:565)
{ amount: u2000, event: "rebate-paid", game: u1, rebates-left: u31, who: 'ST3TRY6QNMZ18FD96BJHEG4KTWVF7AN5PAKDMRRFP } (xchess-core-v1:525)
{ event: "entry-submitted", game: u1, height: u20, sender: 'ST3TRY6QNMZ18FD96BJHEG4KTWVF7AN5PAKDMRRFP, seq: u14, value: "e2e4" } (xchess-core-v1:565)
{ amount: u2000, event: "rebate-paid", game: u1, rebates-left: u30, who: 'ST3TRY6QNMZ18FD96BJHEG4KTWVF7AN5PAKDMRRFP } (xchess-core-v1:525)
{ event: "entry-submitted", game: u1, height: u21, sender: 'ST3TRY6QNMZ18FD96BJHEG4KTWVF7AN5PAKDMRRFP, seq: u15, value: "e2e4" } (xchess-core-v1:565)
{ amount: u2000, event: "rebate-paid", game: u1, rebates-left: u29, who: 'ST3TRY6QNMZ18FD96BJHEG4KTWVF7AN5PAKDMRRFP } (xchess-core-v1:525)
{ event: "entry-submitted", game: u1, height: u22, sender: 'ST3TRY6QNMZ18FD96BJHEG4KTWVF7AN5PAKDMRRFP, seq: u16, value: "e2e4" } (xchess-core-v1:565)
{ amount: u2000, event: "rebate-paid", game: u1, rebates-left: u28, who: 'ST3TRY6QNMZ18FD96BJHEG4KTWVF7AN5PAKDMRRFP } (xchess-core-v1:525)
{ event: "entry-submitted", game: u1, height: u23, sender: 'ST3TRY6QNMZ18FD96BJHEG4KTWVF7AN5PAKDMRRFP, seq: u17, value: "e2e4" } (xchess-core-v1:565)
{ amount: u2000, event: "rebate-paid", game: u1, rebates-left: u27, who: 'ST3TRY6QNMZ18FD96BJHEG4KTWVF7AN5PAKDMRRFP } (xchess-core-v1:525)
{ event: "entry-submitted", game: u1, height: u24, sender: 'ST3TRY6QNMZ18FD96BJHEG4KTWVF7AN5PAKDMRRFP, seq: u18, value: "e2e4" } (xchess-core-v1:565)
{ amount: u2000, event: "rebate-paid", game: u1, rebates-left: u26, who: 'ST3TRY6QNMZ18FD96BJHEG4KTWVF7AN5PAKDMRRFP } (xchess-core-v1:525)
{ event: "entry-submitted", game: u1, height: u25, sender: 'ST3TRY6QNMZ18FD96BJHEG4KTWVF7AN5PAKDMRRFP, seq: u19, value: "e2e4" } (xchess-core-v1:565)
{ amount: u2000, event: "rebate-paid", game: u1, rebates-left: u25, who: 'ST3TRY6QNMZ18FD96BJHEG4KTWVF7AN5PAKDMRRFP } (xchess-core-v1:525)
{ event: "entry-submitted", game: u1, height: u26, sender: 'ST3TRY6QNMZ18FD96BJHEG4KTWVF7AN5PAKDMRRFP, seq: u20, value: "e2e4" } (xchess-core-v1:565)
{ amount: u2000, event: "rebate-paid", game: u1, rebates-left: u24, who: 'ST3TRY6QNMZ18FD96BJHEG4KTWVF7AN5PAKDMRRFP } (xchess-core-v1:525)
{ event: "entry-submitted", game: u1, height: u27, sender: 'ST3TRY6QNMZ18FD96BJHEG4KTWVF7AN5PAKDMRRFP, seq: u21, value: "e2e4" } (xchess-core-v1:565)
{ amount: u2000, event: "rebate-paid", game: u1, rebates-left: u23, who: 'ST3TRY6QNMZ18FD96BJHEG4KTWVF7AN5PAKDMRRFP } (xchess-core-v1:525)
{ event: "entry-submitted", game: u1, height: u28, sender: 'ST3TRY6QNMZ18FD96BJHEG4KTWVF7AN5PAKDMRRFP, seq: u22, value: "e2e4" } (xchess-core-v1:565)
{ amount: u2000, event: "rebate-paid", game: u1, rebates-left: u22, who: 'ST3TRY6QNMZ18FD96BJHEG4KTWVF7AN5PAKDMRRFP } (xchess-core-v1:525)
{ event: "entry-submitted", game: u1, height: u29, sender: 'ST3TRY6QNMZ18FD96BJHEG4KTWVF7AN5PAKDMRRFP, seq: u23, value: "e2e4" } (xchess-core-v1:565)
{ amount: u2000, event: "rebate-paid", game: u1, rebates-left: u21, who: 'ST3TRY6QNMZ18FD96BJHEG4KTWVF7AN5PAKDMRRFP } (xchess-core-v1:525)
{ event: "entry-submitted", game: u1, height: u30, sender: 'ST3TRY6QNMZ18FD96BJHEG4KTWVF7AN5PAKDMRRFP, seq: u24, value: "e2e4" } (xchess-core-v1:565)
{ amount: u2000, event: "rebate-paid", game: u1, rebates-left: u20, who: 'ST3TRY6QNMZ18FD96BJHEG4KTWVF7AN5PAKDMRRFP } (xchess-core-v1:525)
{ event: "entry-submitted", game: u1, height: u31, sender: 'ST3TRY6QNMZ18FD96BJHEG4KTWVF7AN5PAKDMRRFP, seq: u25, value: "e2e4" } (xchess-core-v1:565)
{ amount: u2000, event: "rebate-paid", game: u1, rebates-left: u19, who: 'ST3TRY6QNMZ18FD96BJHEG4KTWVF7AN5PAKDMRRFP } (xchess-core-v1:525)
{ event: "entry-submitted", game: u1, height: u32, sender: 'ST3TRY6QNMZ18FD96BJHEG4KTWVF7AN5PAKDMRRFP, seq: u26, value: "e2e4" } (xchess-core-v1:565)
{ amount: u2000, event: "rebate-paid", game: u1, rebates-left: u18, who: 'ST3TRY6QNMZ18FD96BJHEG4KTWVF7AN5PAKDMRRFP } (xchess-core-v1:525)
{ event: "entry-submitted", game: u1, height: u33, sender: 'ST3TRY6QNMZ18FD96BJHEG4KTWVF7AN5PAKDMRRFP, seq: u27, value: "e2e4" } (xchess-core-v1:565)
{ amount: u2000, event: "rebate-paid", game: u1, rebates-left: u17, who: 'ST3TRY6QNMZ18FD96BJHEG4KTWVF7AN5PAKDMRRFP } (xchess-core-v1:525)
{ event: "entry-submitted", game: u1, height: u34, sender: 'ST3TRY6QNMZ18FD96BJHEG4KTWVF7AN5PAKDMRRFP, seq: u28, value: "e2e4" } (xchess-core-v1:565)
{ amount: u2000, event: "rebate-paid", game: u1, rebates-left: u16, who: 'ST3TRY6QNMZ18FD96BJHEG4KTWVF7AN5PAKDMRRFP } (xchess-core-v1:525)
{ event: "entry-submitted", game: u1, height: u35, sender: 'ST3TRY6QNMZ18FD96BJHEG4KTWVF7AN5PAKDMRRFP, seq: u29, value: "e2e4" } (xchess-core-v1:565)
{ amount: u2000, event: "rebate-paid", game: u1, rebates-left: u15, who: 'ST3TRY6QNMZ18FD96BJHEG4KTWVF7AN5PAKDMRRFP } (xchess-core-v1:525)
{ event: "entry-submitted", game: u1, height: u36, sender: 'ST3TRY6QNMZ18FD96BJHEG4KTWVF7AN5PAKDMRRFP, seq: u30, value: "e2e4" } (xchess-core-v1:565)
{ amount: u2000, event: "rebate-paid", game: u1, rebates-left: u14, who: 'ST3TRY6QNMZ18FD96BJHEG4KTWVF7AN5PAKDMRRFP } (xchess-core-v1:525)
{ event: "entry-submitted", game: u1, height: u37, sender: 'ST3TRY6QNMZ18FD96BJHEG4KTWVF7AN5PAKDMRRFP, seq: u31, value: "e2e4" } (xchess-core-v1:565)
{ amount: u2000, event: "rebate-paid", game: u1, rebates-left: u13, who: 'ST3TRY6QNMZ18FD96BJHEG4KTWVF7AN5PAKDMRRFP } (xchess-core-v1:525)
{ event: "entry-submitted", game: u1, height: u38, sender: 'ST3TRY6QNMZ18FD96BJHEG4KTWVF7AN5PAKDMRRFP, seq: u32, value: "e2e4" } (xchess-core-v1:565)
{ amount: u2000, event: "rebate-paid", game: u1, rebates-left: u12, who: 'ST3TRY6QNMZ18FD96BJHEG4KTWVF7AN5PAKDMRRFP } (xchess-core-v1:525)
{ event: "entry-submitted", game: u1, height: u39, sender: 'ST3TRY6QNMZ18FD96BJHEG4KTWVF7AN5PAKDMRRFP, seq: u33, value: "e2e4" } (xchess-core-v1:565)
{ amount: u2000, event: "rebate-paid", game: u1, rebates-left: u11, who: 'ST3TRY6QNMZ18FD96BJHEG4KTWVF7AN5PAKDMRRFP } (xchess-core-v1:525)
{ event: "entry-submitted", game: u1, height: u40, sender: 'ST3TRY6QNMZ18FD96BJHEG4KTWVF7AN5PAKDMRRFP, seq: u34, value: "e2e4" } (xchess-core-v1:565)
{ amount: u2000, event: "rebate-paid", game: u1, rebates-left: u10, who: 'ST3TRY6QNMZ18FD96BJHEG4KTWVF7AN5PAKDMRRFP } (xchess-core-v1:525)
{ event: "entry-submitted", game: u1, height: u41, sender: 'ST3TRY6QNMZ18FD96BJHEG4KTWVF7AN5PAKDMRRFP, seq: u35, value: "e2e4" } (xchess-core-v1:565)
{ amount: u2000, event: "rebate-paid", game: u1, rebates-left: u9, who: 'ST3TRY6QNMZ18FD96BJHEG4KTWVF7AN5PAKDMRRFP } (xchess-core-v1:525)
{ event: "entry-submitted", game: u1, height: u42, sender: 'ST3TRY6QNMZ18FD96BJHEG4KTWVF7AN5PAKDMRRFP, seq: u36, value: "e2e4" } (xchess-core-v1:565)
{ amount: u2000, event: "rebate-paid", game: u1, rebates-left: u8, who: 'ST3TRY6QNMZ18FD96BJHEG4KTWVF7AN5PAKDMRRFP } (xchess-core-v1:525)
{ event: "entry-submitted", game: u1, height: u43, sender: 'ST3TRY6QNMZ18FD96BJHEG4KTWVF7AN5PAKDMRRFP, seq: u37, value: "e2e4" } (xchess-core-v1:565)
{ amount: u2000, event: "rebate-paid", game: u1, rebates-left: u7, who: 'ST3TRY6QNMZ18FD96BJHEG4KTWVF7AN5PAKDMRRFP } (xchess-core-v1:525)
{ event: "entry-submitted", game: u1, height: u44, sender: 'ST3TRY6QNMZ18FD96BJHEG4KTWVF7AN5PAKDMRRFP, seq: u38, value: "e2e4" } (xchess-core-v1:565)
{ amount: u2000, event: "rebate-paid", game: u1, rebates-left: u6, who: 'ST3TRY6QNMZ18FD96BJHEG4KTWVF7AN5PAKDMRRFP } (xchess-core-v1:525)
{ event: "entry-submitted", game: u1, height: u45, sender: 'ST3TRY6QNMZ18FD96BJHEG4KTWVF7AN5PAKDMRRFP, seq: u39, value: "e2e4" } (xchess-core-v1:565)
{ amount: u2000, event: "rebate-paid", game: u1, rebates-left: u5, who: 'ST3TRY6QNMZ18FD96BJHEG4KTWVF7AN5PAKDMRRFP } (xchess-core-v1:525)
{ event: "entry-submitted", game: u1, height: u46, sender: 'ST3TRY6QNMZ18FD96BJHEG4KTWVF7AN5PAKDMRRFP, seq: u40, value: "e2e4" } (xchess-core-v1:565)
{ amount: u2000, event: "rebate-paid", game: u1, rebates-left: u4, who: 'ST3TRY6QNMZ18FD96BJHEG4KTWVF7AN5PAKDMRRFP } (xchess-core-v1:525)
{ event: "entry-submitted", game: u1, height: u47, sender: 'ST3TRY6QNMZ18FD96BJHEG4KTWVF7AN5PAKDMRRFP, seq: u41, value: "e2e4" } (xchess-core-v1:565)
{ amount: u2000, event: "rebate-paid", game: u1, rebates-left: u3, who: 'ST3TRY6QNMZ18FD96BJHEG4KTWVF7AN5PAKDMRRFP } (xchess-core-v1:525)
{ event: "entry-submitted", game: u1, height: u48, sender: 'ST3TRY6QNMZ18FD96BJHEG4KTWVF7AN5PAKDMRRFP, seq: u42, value: "e2e4" } (xchess-core-v1:565)
{ amount: u2000, event: "rebate-paid", game: u1, rebates-left: u2, who: 'ST3TRY6QNMZ18FD96BJHEG4KTWVF7AN5PAKDMRRFP } (xchess-core-v1:525)
{ event: "entry-submitted", game: u1, height: u49, sender: 'ST3TRY6QNMZ18FD96BJHEG4KTWVF7AN5PAKDMRRFP, seq: u43, value: "e2e4" } (xchess-core-v1:565)
{ amount: u2000, event: "rebate-paid", game: u1, rebates-left: u1, who: 'ST3TRY6QNMZ18FD96BJHEG4KTWVF7AN5PAKDMRRFP } (xchess-core-v1:525)
{ event: "entry-submitted", game: u1, height: u50, sender: 'ST3TRY6QNMZ18FD96BJHEG4KTWVF7AN5PAKDMRRFP, seq: u44, value: "e2e4" } (xchess-core-v1:565)
{ amount: u2000, event: "rebate-paid", game: u1, rebates-left: u0, who: 'ST3TRY6QNMZ18FD96BJHEG4KTWVF7AN5PAKDMRRFP } (xchess-core-v1:525)
{ event: "entry-submitted", game: u1, height: u51, sender: 'ST3TRY6QNMZ18FD96BJHEG4KTWVF7AN5PAKDMRRFP, seq: u45, value: "e2e4" } (xchess-core-v1:565)

stdout | tests/economics/property.test.ts > one game cannot reach another game's money > pays one player without touching the other player on the same game
{ event: "game-opened", fee: u1000000, game: u1, height: u4, opened-by: 'ST85J1T8QBRRF1E3X429R720WMMTGMTTBQ1ABDZT, ranked: false, rules-hash: (some 0xabababababababababababababababababababababababababababababababab) } (xchess-core-v1:318)
{ bootstrap: u250000, event: "sponsorship-funded", expiry: u4324, funded-by: 'ST85J1T8QBRRF1E3X429R720WMMTGMTTBQ1ABDZT, game: u1, rebate: u2000, rebates: u45, reserved: u90000, who: 'ST1PXSHZJDK862PABE15F07WSECNNF5BGA66MTG52 } (xchess-core-v1:388)
{ bootstrap: u250000, event: "sponsorship-funded", expiry: u4324, funded-by: 'ST85J1T8QBRRF1E3X429R720WMMTGMTTBQ1ABDZT, game: u1, rebate: u2000, rebates: u45, reserved: u90000, who: 'ST83QXSNCG4JYJ83HK62MJQ4QK7XP0R5ZHXKW9TN } (xchess-core-v1:388)
{ event: "entry-submitted", game: u1, height: u5, sender: 'ST1PXSHZJDK862PABE15F07WSECNNF5BGA66MTG52, seq: u0, value: "e2e4" } (xchess-core-v1:565)
{ amount: u2000, event: "rebate-paid", game: u1, rebates-left: u44, who: 'ST1PXSHZJDK862PABE15F07WSECNNF5BGA66MTG52 } (xchess-core-v1:525)

stdout | tests/economics/property.test.ts > one game cannot reach another game's money > keeps the treasury out of reach of a reserve, and the reserve out of reach of the treasury
{ event: "game-opened", fee: u1000000, game: u1, height: u4, opened-by: 'ST85J1T8QBRRF1E3X429R720WMMTGMTTBQ1ABDZT, ranked: false, rules-hash: (some 0xabababababababababababababababababababababababababababababababab) } (xchess-core-v1:318)
{ bootstrap: u250000, event: "sponsorship-funded", expiry: u4324, funded-by: 'ST85J1T8QBRRF1E3X429R720WMMTGMTTBQ1ABDZT, game: u1, rebate: u2000, rebates: u45, reserved: u90000, who: 'ST3TRY6QNMZ18FD96BJHEG4KTWVF7AN5PAKDMRRFP } (xchess-core-v1:388)
{ amount: u1050000, by: 'ST2PZAQ88V19XWNZAVEGHKJ9MXECC9D73FCCKNB4Z, event: "withdrawn", to: 'ST2PZAQ88V19XWNZAVEGHKJ9MXECC9D73FCCKNB4Z } (xchess-core-v1:669)
{ event: "entry-submitted", game: u1, height: u6, sender: 'ST3TRY6QNMZ18FD96BJHEG4KTWVF7AN5PAKDMRRFP, seq: u0, value: "e2e4" } (xchess-core-v1:565)
{ amount: u2000, event: "rebate-paid", game: u1, rebates-left: u44, who: 'ST3TRY6QNMZ18FD96BJHEG4KTWVF7AN5PAKDMRRFP } (xchess-core-v1:525)
{ event: "entry-submitted", game: u1, height: u7, sender: 'ST3TRY6QNMZ18FD96BJHEG4KTWVF7AN5PAKDMRRFP, seq: u1, value: "e2e4" } (xchess-core-v1:565)
{ amount: u2000, event: "rebate-paid", game: u1, rebates-left: u43, who: 'ST3TRY6QNMZ18FD96BJHEG4KTWVF7AN5PAKDMRRFP } (xchess-core-v1:525)
{ event: "entry-submitted", game: u1, height: u8, sender: 'ST3TRY6QNMZ18FD96BJHEG4KTWVF7AN5PAKDMRRFP, seq: u2, value: "e2e4" } (xchess-core-v1:565)
{ amount: u2000, event: "rebate-paid", game: u1, rebates-left: u42, who: 'ST3TRY6QNMZ18FD96BJHEG4KTWVF7AN5PAKDMRRFP } (xchess-core-v1:525)
{ event: "entry-submitted", game: u1, height: u9, sender: 'ST3TRY6QNMZ18FD96BJHEG4KTWVF7AN5PAKDMRRFP, seq: u3, value: "e2e4" } (xchess-core-v1:565)
{ amount: u2000, event: "rebate-paid", game: u1, rebates-left: u41, who: 'ST3TRY6QNMZ18FD96BJHEG4KTWVF7AN5PAKDMRRFP } (xchess-core-v1:525)
{ event: "entry-submitted", game: u1, height: u10, sender: 'ST3TRY6QNMZ18FD96BJHEG4KTWVF7AN5PAKDMRRFP, seq: u4, value: "e2e4" } (xchess-core-v1:565)
{ amount: u2000, event: "rebate-paid", game: u1, rebates-left: u40, who: 'ST3TRY6QNMZ18FD96BJHEG4KTWVF7AN5PAKDMRRFP } (xchess-core-v1:525)
{ event: "entry-submitted", game: u1, height: u11, sender: 'ST3TRY6QNMZ18FD96BJHEG4KTWVF7AN5PAKDMRRFP, seq: u5, value: "e2e4" } (xchess-core-v1:565)
{ amount: u2000, event: "rebate-paid", game: u1, rebates-left: u39, who: 'ST3TRY6QNMZ18FD96BJHEG4KTWVF7AN5PAKDMRRFP } (xchess-core-v1:525)
{ event: "entry-submitted", game: u1, height: u12, sender: 'ST3TRY6QNMZ18FD96BJHEG4KTWVF7AN5PAKDMRRFP, seq: u6, value: "e2e4" } (xchess-core-v1:565)
{ amount: u2000, event: "rebate-paid", game: u1, rebates-left: u38, who: 'ST3TRY6QNMZ18FD96BJHEG4KTWVF7AN5PAKDMRRFP } (xchess-core-v1:525)
{ event: "entry-submitted", game: u1, height: u13, sender: 'ST3TRY6QNMZ18FD96BJHEG4KTWVF7AN5PAKDMRRFP, seq: u7, value: "e2e4" } (xchess-core-v1:565)
{ amount: u2000, event: "rebate-paid", game: u1, rebates-left: u37, who: 'ST3TRY6QNMZ18FD96BJHEG4KTWVF7AN5PAKDMRRFP } (xchess-core-v1:525)
{ event: "entry-submitted", game: u1, height: u14, sender: 'ST3TRY6QNMZ18FD96BJHEG4KTWVF7AN5PAKDMRRFP, seq: u8, value: "e2e4" } (xchess-core-v1:565)
{ amount: u2000, event: "rebate-paid", game: u1, rebates-left: u36, who: 'ST3TRY6QNMZ18FD96BJHEG4KTWVF7AN5PAKDMRRFP } (xchess-core-v1:525)
{ event: "entry-submitted", game: u1, height: u15, sender: 'ST3TRY6QNMZ18FD96BJHEG4KTWVF7AN5PAKDMRRFP, seq: u9, value: "e2e4" } (xchess-core-v1:565)
{ amount: u2000, event: "rebate-paid", game: u1, rebates-left: u35, who: 'ST3TRY6QNMZ18FD96BJHEG4KTWVF7AN5PAKDMRRFP } (xchess-core-v1:525)
{ event: "entry-submitted", game: u1, height: u16, sender: 'ST3TRY6QNMZ18FD96BJHEG4KTWVF7AN5PAKDMRRFP, seq: u10, value: "e2e4" } (xchess-core-v1:565)
{ amount: u2000, event: "rebate-paid", game: u1, rebates-left: u34, who: 'ST3TRY6QNMZ18FD96BJHEG4KTWVF7AN5PAKDMRRFP } (xchess-core-v1:525)
{ event: "entry-submitted", game: u1, height: u17, sender: 'ST3TRY6QNMZ18FD96BJHEG4KTWVF7AN5PAKDMRRFP, seq: u11, value: "e2e4" } (xchess-core-v1:565)
{ amount: u2000, event: "rebate-paid", game: u1, rebates-left: u33, who: 'ST3TRY6QNMZ18FD96BJHEG4KTWVF7AN5PAKDMRRFP } (xchess-core-v1:525)
{ event: "entry-submitted", game: u1, height: u18, sender: 'ST3TRY6QNMZ18FD96BJHEG4KTWVF7AN5PAKDMRRFP, seq: u12, value: "e2e4" } (xchess-core-v1:565)
{ amount: u2000, event: "rebate-paid", game: u1, rebates-left: u32, who: 'ST3TRY6QNMZ18FD96BJHEG4KTWVF7AN5PAKDMRRFP } (xchess-core-v1:525)
{ event: "entry-submitted", game: u1, height: u19, sender: 'ST3TRY6QNMZ18FD96BJHEG4KTWVF7AN5PAKDMRRFP, seq: u13, value: "e2e4" } (xchess-core-v1:565)
{ amount: u2000, event: "rebate-paid", game: u1, rebates-left: u31, who: 'ST3TRY6QNMZ18FD96BJHEG4KTWVF7AN5PAKDMRRFP } (xchess-core-v1:525)
{ event: "entry-submitted", game: u1, height: u20, sender: 'ST3TRY6QNMZ18FD96BJHEG4KTWVF7AN5PAKDMRRFP, seq: u14, value: "e2e4" } (xchess-core-v1:565)
{ amount: u2000, event: "rebate-paid", game: u1, rebates-left: u30, who: 'ST3TRY6QNMZ18FD96BJHEG4KTWVF7AN5PAKDMRRFP } (xchess-core-v1:525)
{ event: "entry-submitted", game: u1, height: u21, sender: 'ST3TRY6QNMZ18FD96BJHEG4KTWVF7AN5PAKDMRRFP, seq: u15, value: "e2e4" } (xchess-core-v1:565)
{ amount: u2000, event: "rebate-paid", game: u1, rebates-left: u29, who: 'ST3TRY6QNMZ18FD96BJHEG4KTWVF7AN5PAKDMRRFP } (xchess-core-v1:525)
{ event: "entry-submitted", game: u1, height: u22, sender: 'ST3TRY6QNMZ18FD96BJHEG4KTWVF7AN5PAKDMRRFP, seq: u16, value: "e2e4" } (xchess-core-v1:565)
{ amount: u2000, event: "rebate-paid", game: u1, rebates-left: u28, who: 'ST3TRY6QNMZ18FD96BJHEG4KTWVF7AN5PAKDMRRFP } (xchess-core-v1:525)
{ event: "entry-submitted", game: u1, height: u23, sender: 'ST3TRY6QNMZ18FD96BJHEG4KTWVF7AN5PAKDMRRFP, seq: u17, value: "e2e4" } (xchess-core-v1:565)
{ amount: u2000, event: "rebate-paid", game: u1, rebates-left: u27, who: 'ST3TRY6QNMZ18FD96BJHEG4KTWVF7AN5PAKDMRRFP } (xchess-core-v1:525)
{ event: "entry-submitted", game: u1, height: u24, sender: 'ST3TRY6QNMZ18FD96BJHEG4KTWVF7AN5PAKDMRRFP, seq: u18, value: "e2e4" } (xchess-core-v1:565)
{ amount: u2000, event: "rebate-paid", game: u1, rebates-left: u26, who: 'ST3TRY6QNMZ18FD96BJHEG4KTWVF7AN5PAKDMRRFP } (xchess-core-v1:525)
{ event: "entry-submitted", game: u1, height: u25, sender: 'ST3TRY6QNMZ18FD96BJHEG4KTWVF7AN5PAKDMRRFP, seq: u19, value: "e2e4" } (xchess-core-v1:565)
{ amount: u2000, event: "rebate-paid", game: u1, rebates-left: u25, who: 'ST3TRY6QNMZ18FD96BJHEG4KTWVF7AN5PAKDMRRFP } (xchess-core-v1:525)
{ event: "entry-submitted", game: u1, height: u26, sender: 'ST3TRY6QNMZ18FD96BJHEG4KTWVF7AN5PAKDMRRFP, seq: u20, value: "e2e4" } (xchess-core-v1:565)
{ amount: u2000, event: "rebate-paid", game: u1, rebates-left: u24, who: 'ST3TRY6QNMZ18FD96BJHEG4KTWVF7AN5PAKDMRRFP } (xchess-core-v1:525)
{ event: "entry-submitted", game: u1, height: u27, sender: 'ST3TRY6QNMZ18FD96BJHEG4KTWVF7AN5PAKDMRRFP, seq: u21, value: "e2e4" } (xchess-core-v1:565)
{ amount: u2000, event: "rebate-paid", game: u1, rebates-left: u23, who: 'ST3TRY6QNMZ18FD96BJHEG4KTWVF7AN5PAKDMRRFP } (xchess-core-v1:525)
{ event: "entry-submitted", game: u1, height: u28, sender: 'ST3TRY6QNMZ18FD96BJHEG4KTWVF7AN5PAKDMRRFP, seq: u22, value: "e2e4" } (xchess-core-v1:565)
{ amount: u2000, event: "rebate-paid", game: u1, rebates-left: u22, who: 'ST3TRY6QNMZ18FD96BJHEG4KTWVF7AN5PAKDMRRFP } (xchess-core-v1:525)
{ event: "entry-submitted", game: u1, height: u29, sender: 'ST3TRY6QNMZ18FD96BJHEG4KTWVF7AN5PAKDMRRFP, seq: u23, value: "e2e4" } (xchess-core-v1:565)
{ amount: u2000, event: "rebate-paid", game: u1, rebates-left: u21, who: 'ST3TRY6QNMZ18FD96BJHEG4KTWVF7AN5PAKDMRRFP } (xchess-core-v1:525)
{ event: "entry-submitted", game: u1, height: u30, sender: 'ST3TRY6QNMZ18FD96BJHEG4KTWVF7AN5PAKDMRRFP, seq: u24, value: "e2e4" } (xchess-core-v1:565)
{ amount: u2000, event: "rebate-paid", game: u1, rebates-left: u20, who: 'ST3TRY6QNMZ18FD96BJHEG4KTWVF7AN5PAKDMRRFP } (xchess-core-v1:525)
{ event: "entry-submitted", game: u1, height: u31, sender: 'ST3TRY6QNMZ18FD96BJHEG4KTWVF7AN5PAKDMRRFP, seq: u25, value: "e2e4" } (xchess-core-v1:565)
{ amount: u2000, event: "rebate-paid", game: u1, rebates-left: u19, who: 'ST3TRY6QNMZ18FD96BJHEG4KTWVF7AN5PAKDMRRFP } (xchess-core-v1:525)
{ event: "entry-submitted", game: u1, height: u32, sender: 'ST3TRY6QNMZ18FD96BJHEG4KTWVF7AN5PAKDMRRFP, seq: u26, value: "e2e4" } (xchess-core-v1:565)
{ amount: u2000, event: "rebate-paid", game: u1, rebates-left: u18, who: 'ST3TRY6QNMZ18FD96BJHEG4KTWVF7AN5PAKDMRRFP } (xchess-core-v1:525)
{ event: "entry-submitted", game: u1, height: u33, sender: 'ST3TRY6QNMZ18FD96BJHEG4KTWVF7AN5PAKDMRRFP, seq: u27, value: "e2e4" } (xchess-core-v1:565)
{ amount: u2000, event: "rebate-paid", game: u1, rebates-left: u17, who: 'ST3TRY6QNMZ18FD96BJHEG4KTWVF7AN5PAKDMRRFP } (xchess-core-v1:525)
{ event: "entry-submitted", game: u1, height: u34, sender: 'ST3TRY6QNMZ18FD96BJHEG4KTWVF7AN5PAKDMRRFP, seq: u28, value: "e2e4" } (xchess-core-v1:565)
{ amount: u2000, event: "rebate-paid", game: u1, rebates-left: u16, who: 'ST3TRY6QNMZ18FD96BJHEG4KTWVF7AN5PAKDMRRFP } (xchess-core-v1:525)
{ event: "entry-submitted", game: u1, height: u35, sender: 'ST3TRY6QNMZ18FD96BJHEG4KTWVF7AN5PAKDMRRFP, seq: u29, value: "e2e4" } (xchess-core-v1:565)
{ amount: u2000, event: "rebate-paid", game: u1, rebates-left: u15, who: 'ST3TRY6QNMZ18FD96BJHEG4KTWVF7AN5PAKDMRRFP } (xchess-core-v1:525)
{ event: "entry-submitted", game: u1, height: u36, sender: 'ST3TRY6QNMZ18FD96BJHEG4KTWVF7AN5PAKDMRRFP, seq: u30, value: "e2e4" } (xchess-core-v1:565)
{ amount: u2000, event: "rebate-paid", game: u1, rebates-left: u14, who: 'ST3TRY6QNMZ18FD96BJHEG4KTWVF7AN5PAKDMRRFP } (xchess-core-v1:525)
{ event: "entry-submitted", game: u1, height: u37, sender: 'ST3TRY6QNMZ18FD96BJHEG4KTWVF7AN5PAKDMRRFP, seq: u31, value: "e2e4" } (xchess-core-v1:565)
{ amount: u2000, event: "rebate-paid", game: u1, rebates-left: u13, who: 'ST3TRY6QNMZ18FD96BJHEG4KTWVF7AN5PAKDMRRFP } (xchess-core-v1:525)
{ event: "entry-submitted", game: u1, height: u38, sender: 'ST3TRY6QNMZ18FD96BJHEG4KTWVF7AN5PAKDMRRFP, seq: u32, value: "e2e4" } (xchess-core-v1:565)
{ amount: u2000, event: "rebate-paid", game: u1, rebates-left: u12, who: 'ST3TRY6QNMZ18FD96BJHEG4KTWVF7AN5PAKDMRRFP } (xchess-core-v1:525)
{ event: "entry-submitted", game: u1, height: u39, sender: 'ST3TRY6QNMZ18FD96BJHEG4KTWVF7AN5PAKDMRRFP, seq: u33, value: "e2e4" } (xchess-core-v1:565)
{ amount: u2000, event: "rebate-paid", game: u1, rebates-left: u11, who: 'ST3TRY6QNMZ18FD96BJHEG4KTWVF7AN5PAKDMRRFP } (xchess-core-v1:525)
{ event: "entry-submitted", game: u1, height: u40, sender: 'ST3TRY6QNMZ18FD96BJHEG4KTWVF7AN5PAKDMRRFP, seq: u34, value: "e2e4" } (xchess-core-v1:565)
{ amount: u2000, event: "rebate-paid", game: u1, rebates-left: u10, who: 'ST3TRY6QNMZ18FD96BJHEG4KTWVF7AN5PAKDMRRFP } (xchess-core-v1:525)
{ event: "entry-submitted", game: u1, height: u41, sender: 'ST3TRY6QNMZ18FD96BJHEG4KTWVF7AN5PAKDMRRFP, seq: u35, value: "e2e4" } (xchess-core-v1:565)
{ amount: u2000, event: "rebate-paid", game: u1, rebates-left: u9, who: 'ST3TRY6QNMZ18FD96BJHEG4KTWVF7AN5PAKDMRRFP } (xchess-core-v1:525)
{ event: "entry-submitted", game: u1, height: u42, sender: 'ST3TRY6QNMZ18FD96BJHEG4KTWVF7AN5PAKDMRRFP, seq: u36, value: "e2e4" } (xchess-core-v1:565)
{ amount: u2000, event: "rebate-paid", game: u1, rebates-left: u8, who: 'ST3TRY6QNMZ18FD96BJHEG4KTWVF7AN5PAKDMRRFP } (xchess-core-v1:525)
{ event: "entry-submitted", game: u1, height: u43, sender: 'ST3TRY6QNMZ18FD96BJHEG4KTWVF7AN5PAKDMRRFP, seq: u37, value: "e2e4" } (xchess-core-v1:565)
{ amount: u2000, event: "rebate-paid", game: u1, rebates-left: u7, who: 'ST3TRY6QNMZ18FD96BJHEG4KTWVF7AN5PAKDMRRFP } (xchess-core-v1:525)
{ event: "entry-submitted", game: u1, height: u44, sender: 'ST3TRY6QNMZ18FD96BJHEG4KTWVF7AN5PAKDMRRFP, seq: u38, value: "e2e4" } (xchess-core-v1:565)
{ amount: u2000, event: "rebate-paid", game: u1, rebates-left: u6, who: 'ST3TRY6QNMZ18FD96BJHEG4KTWVF7AN5PAKDMRRFP } (xchess-core-v1:525)
{ event: "entry-submitted", game: u1, height: u45, sender: 'ST3TRY6QNMZ18FD96BJHEG4KTWVF7AN5PAKDMRRFP, seq: u39, value: "e2e4" } (xchess-core-v1:565)
{ amount: u2000, event: "rebate-paid", game: u1, rebates-left: u5, who: 'ST3TRY6QNMZ18FD96BJHEG4KTWVF7AN5PAKDMRRFP } (xchess-core-v1:525)
{ event: "entry-submitted", game: u1, height: u46, sender: 'ST3TRY6QNMZ18FD96BJHEG4KTWVF7AN5PAKDMRRFP, seq: u40, value: "e2e4" } (xchess-core-v1:565)
{ amount: u2000, event: "rebate-paid", game: u1, rebates-left: u4, who: 'ST3TRY6QNMZ18FD96BJHEG4KTWVF7AN5PAKDMRRFP } (xchess-core-v1:525)
{ event: "entry-submitted", game: u1, height: u47, sender: 'ST3TRY6QNMZ18FD96BJHEG4KTWVF7AN5PAKDMRRFP, seq: u41, value: "e2e4" } (xchess-core-v1:565)
{ amount: u2000, event: "rebate-paid", game: u1, rebates-left: u3, who: 'ST3TRY6QNMZ18FD96BJHEG4KTWVF7AN5PAKDMRRFP } (xchess-core-v1:525)
{ event: "entry-submitted", game: u1, height: u48, sender: 'ST3TRY6QNMZ18FD96BJHEG4KTWVF7AN5PAKDMRRFP, seq: u42, value: "e2e4" } (xchess-core-v1:565)
{ amount: u2000, event: "rebate-paid", game: u1, rebates-left: u2, who: 'ST3TRY6QNMZ18FD96BJHEG4KTWVF7AN5PAKDMRRFP } (xchess-core-v1:525)
{ event: "entry-submitted", game: u1, height: u49, sender: 'ST3TRY6QNMZ18FD96BJHEG4KTWVF7AN5PAKDMRRFP, seq: u43, value: "e2e4" } (xchess-core-v1:565)
{ amount: u2000, event: "rebate-paid", game: u1, rebates-left: u1, who: 'ST3TRY6QNMZ18FD96BJHEG4KTWVF7AN5PAKDMRRFP } (xchess-core-v1:525)
{ event: "entry-submitted", game: u1, height: u50, sender: 'ST3TRY6QNMZ18FD96BJHEG4KTWVF7AN5PAKDMRRFP, seq: u44, value: "e2e4" } (xchess-core-v1:565)
{ amount: u2000, event: "rebate-paid", game: u1, rebates-left: u0, who: 'ST3TRY6QNMZ18FD96BJHEG4KTWVF7AN5PAKDMRRFP } (xchess-core-v1:525)

 ✓ tests/economics/property.test.ts (4 tests) 224545ms
     ✓ holds every invariant across 20 seeded sequences of 45 operations  223435ms
     ✓ drains one sponsorship completely without touching a second  888ms
stdout | tests/clarity/core.test.ts > opening a game > takes the open fee into the contract, not to a recipient
{ event: "game-opened", fee: u1000000, game: u1, height: u4, opened-by: 'ST85J1T8QBRRF1E3X429R720WMMTGMTTBQ1ABDZT, ranked: false, rules-hash: (some 0xabababababababababababababababababababababababababababababababab) } (xchess-core-v1:318)

stdout | tests/clarity/core.test.ts > opening a game > numbers games from one, and never reuses an id
{ event: "game-opened", fee: u1000000, game: u1, height: u4, opened-by: 'ST85J1T8QBRRF1E3X429R720WMMTGMTTBQ1ABDZT, ranked: false, rules-hash: (some 0xabababababababababababababababababababababababababababababababab) } (xchess-core-v1:318)
{ event: "game-opened", fee: u1000000, game: u2, height: u5, opened-by: 'ST1PXSHZJDK862PABE15F07WSECNNF5BGA66MTG52, ranked: false, rules-hash: (some 0xabababababababababababababababababababababababababababababababab) } (xchess-core-v1:318)
{ event: "game-opened", fee: u1000000, game: u3, height: u6, opened-by: 'ST85J1T8QBRRF1E3X429R720WMMTGMTTBQ1ABDZT, ranked: false, rules-hash: (some 0xabababababababababababababababababababababababababababababababab) } (xchess-core-v1:318)

stdout | tests/clarity/core.test.ts > opening a game > stores the rules hash it was given, and nothing about chess
{ event: "game-opened", fee: u1000000, game: u1, height: u4, opened-by: 'ST85J1T8QBRRF1E3X429R720WMMTGMTTBQ1ABDZT, ranked: false, rules-hash: (some 0xabababababababababababababababababababababababababababababababab) } (xchess-core-v1:318)

stdout | tests/clarity/core.test.ts > opening a game > accepts a game with no rules commitment
{ event: "game-opened", fee: u1000000, game: u1, height: u4, opened-by: 'ST85J1T8QBRRF1E3X429R720WMMTGMTTBQ1ABDZT, ranked: false, rules-hash: none } (xchess-core-v1:318)

stdout | tests/clarity/core.test.ts > opening a game > indexes ranked games for discovery, and only ranked ones
{ event: "game-opened", fee: u1000000, game: u1, height: u4, opened-by: 'ST85J1T8QBRRF1E3X429R720WMMTGMTTBQ1ABDZT, ranked: false, rules-hash: (some 0xabababababababababababababababababababababababababababababababab) } (xchess-core-v1:318)
{ event: "game-opened", fee: u1000000, game: u2, height: u5, opened-by: 'ST85J1T8QBRRF1E3X429R720WMMTGMTTBQ1ABDZT, ranked: true, rules-hash: (some 0xabababababababababababababababababababababababababababababababab) } (xchess-core-v1:318)
{ event: "game-opened", fee: u1000000, game: u3, height: u6, opened-by: 'ST85J1T8QBRRF1E3X429R720WMMTGMTTBQ1ABDZT, ranked: false, rules-hash: (some 0xabababababababababababababababababababababababababababababababab) } (xchess-core-v1:318)
{ event: "game-opened", fee: u1000000, game: u4, height: u7, opened-by: 'ST85J1T8QBRRF1E3X429R720WMMTGMTTBQ1ABDZT, ranked: true, rules-hash: (some 0xabababababababababababababababababababababababababababababababab) } (xchess-core-v1:318)

stdout | tests/clarity/core.test.ts > the only filter > accepts four and five characters
{ event: "game-opened", fee: u1000000, game: u1, height: u4, opened-by: 'ST85J1T8QBRRF1E3X429R720WMMTGMTTBQ1ABDZT, ranked: false, rules-hash: (some 0xabababababababababababababababababababababababababababababababab) } (xchess-core-v1:318)
{ event: "entry-submitted", game: u1, height: u5, sender: 'ST85J1T8QBRRF1E3X429R720WMMTGMTTBQ1ABDZT, seq: u0, value: "e2e4" } (xchess-core-v1:565)
{ event: "entry-submitted", game: u1, height: u6, sender: 'ST85J1T8QBRRF1E3X429R720WMMTGMTTBQ1ABDZT, seq: u1, value: "e7e8q" } (xchess-core-v1:565)

stdout | tests/clarity/core.test.ts > the only filter > refuses anything shorter than four
{ event: "game-opened", fee: u1000000, game: u1, height: u4, opened-by: 'ST85J1T8QBRRF1E3X429R720WMMTGMTTBQ1ABDZT, ranked: false, rules-hash: (some 0xabababababababababababababababababababababababababababababababab) } (xchess-core-v1:318)

stdout | tests/clarity/core.test.ts > the only filter > cannot be given anything longer than five at all
{ event: "game-opened", fee: u1000000, game: u1, height: u4, opened-by: 'ST85J1T8QBRRF1E3X429R720WMMTGMTTBQ1ABDZT, ranked: false, rules-hash: (some 0xabababababababababababababababababababababababababababababababab) } (xchess-core-v1:318)

stderr | tests/clarity/core.test.ts > the only filter > cannot be given anything longer than five at all
Error: Runtime error while interpreting ST2PZAQ88V19XWNZAVEGHKJ9MXECC9D73FCCKNB4Z.xchess-core-v1

stdout | tests/clarity/core.test.ts > the only filter > forms no opinion about what the characters mean
{ event: "game-opened", fee: u1000000, game: u1, height: u4, opened-by: 'ST85J1T8QBRRF1E3X429R720WMMTGMTTBQ1ABDZT, ranked: false, rules-hash: (some 0xabababababababababababababababababababababababababababababababab) } (xchess-core-v1:318)
{ event: "entry-submitted", game: u1, height: u5, sender: 'ST85J1T8QBRRF1E3X429R720WMMTGMTTBQ1ABDZT, seq: u0, value: "e2e4" } (xchess-core-v1:565)
{ event: "entry-submitted", game: u1, height: u6, sender: 'ST85J1T8QBRRF1E3X429R720WMMTGMTTBQ1ABDZT, seq: u1, value: "resgn" } (xchess-core-v1:565)
{ event: "entry-submitted", game: u1, height: u7, sender: 'ST85J1T8QBRRF1E3X429R720WMMTGMTTBQ1ABDZT, seq: u2, value: "draw?" } (xchess-core-v1:565)
{ event: "entry-submitted", game: u1, height: u8, sender: 'ST85J1T8QBRRF1E3X429R720WMMTGMTTBQ1ABDZT, seq: u3, value: "draw!" } (xchess-core-v1:565)
{ event: "entry-submitted", game: u1, height: u9, sender: 'ST85J1T8QBRRF1E3X429R720WMMTGMTTBQ1ABDZT, seq: u4, value: "####" } (xchess-core-v1:565)
{ event: "entry-submitted", game: u1, height: u10, sender: 'ST85J1T8QBRRF1E3X429R720WMMTGMTTBQ1ABDZT, seq: u5, value: "!!!!!" } (xchess-core-v1:565)
{ event: "entry-submitted", game: u1, height: u11, sender: 'ST85J1T8QBRRF1E3X429R720WMMTGMTTBQ1ABDZT, seq: u6, value: "zzzz" } (xchess-core-v1:565)

stdout | tests/clarity/core.test.ts > the only filter > lets anybody submit to anybody's game
{ event: "game-opened", fee: u1000000, game: u1, height: u4, opened-by: 'ST85J1T8QBRRF1E3X429R720WMMTGMTTBQ1ABDZT, ranked: false, rules-hash: (some 0xabababababababababababababababababababababababababababababababab) } (xchess-core-v1:318)
{ event: "entry-submitted", game: u1, height: u5, sender: 'ST1PXSHZJDK862PABE15F07WSECNNF5BGA66MTG52, seq: u0, value: "e2e4" } (xchess-core-v1:565)
{ event: "entry-submitted", game: u1, height: u6, sender: 'ST83QXSNCG4JYJ83HK62MJQ4QK7XP0R5ZHXKW9TN, seq: u1, value: "e7e5" } (xchess-core-v1:565)

stdout | tests/clarity/core.test.ts > the only filter > records the sender and height it actually saw
{ event: "game-opened", fee: u1000000, game: u1, height: u4, opened-by: 'ST85J1T8QBRRF1E3X429R720WMMTGMTTBQ1ABDZT, ranked: false, rules-hash: (some 0xabababababababababababababababababababababababababababababababab) } (xchess-core-v1:318)
{ event: "entry-submitted", game: u1, height: u5, sender: 'ST1PXSHZJDK862PABE15F07WSECNNF5BGA66MTG52, seq: u0, value: "e2e4" } (xchess-core-v1:565)

stdout | tests/clarity/core.test.ts > the only filter > orders entries by seq, counting submissions and not moves
{ event: "game-opened", fee: u1000000, game: u1, height: u4, opened-by: 'ST85J1T8QBRRF1E3X429R720WMMTGMTTBQ1ABDZT, ranked: false, rules-hash: (some 0xabababababababababababababababababababababababababababababababab) } (xchess-core-v1:318)
{ event: "entry-submitted", game: u1, height: u5, sender: 'ST85J1T8QBRRF1E3X429R720WMMTGMTTBQ1ABDZT, seq: u0, value: "aaaa" } (xchess-core-v1:565)
{ event: "entry-submitted", game: u1, height: u6, sender: 'ST85J1T8QBRRF1E3X429R720WMMTGMTTBQ1ABDZT, seq: u1, value: "bbbb" } (xchess-core-v1:565)
{ event: "entry-submitted", game: u1, height: u7, sender: 'ST85J1T8QBRRF1E3X429R720WMMTGMTTBQ1ABDZT, seq: u2, value: "cccc" } (xchess-core-v1:565)

stdout | tests/clarity/core.test.ts > as-contract? at runtime > actually moves STX out of the contract, bounded by its allowance
{ event: "game-opened", fee: u1000000, game: u1, height: u4, opened-by: 'ST85J1T8QBRRF1E3X429R720WMMTGMTTBQ1ABDZT, ranked: false, rules-hash: (some 0xabababababababababababababababababababababababababababababababab) } (xchess-core-v1:318)
{ bootstrap: u250000, event: "sponsorship-funded", expiry: u4324, funded-by: 'ST85J1T8QBRRF1E3X429R720WMMTGMTTBQ1ABDZT, game: u1, rebate: u2000, rebates: u45, reserved: u90000, who: 'ST1PXSHZJDK862PABE15F07WSECNNF5BGA66MTG52 } (xchess-core-v1:388)

stdout | tests/clarity/core.test.ts > as-contract? at runtime > leaves the reserve behind while the bootstrap goes out
{ event: "game-opened", fee: u1000000, game: u1, height: u4, opened-by: 'ST85J1T8QBRRF1E3X429R720WMMTGMTTBQ1ABDZT, ranked: false, rules-hash: (some 0xabababababababababababababababababababababababababababababababab) } (xchess-core-v1:318)
{ bootstrap: u250000, event: "sponsorship-funded", expiry: u4324, funded-by: 'ST85J1T8QBRRF1E3X429R720WMMTGMTTBQ1ABDZT, game: u1, rebate: u2000, rebates: u45, reserved: u90000, who: 'ST1PXSHZJDK862PABE15F07WSECNNF5BGA66MTG52 } (xchess-core-v1:388)

stdout | tests/clarity/core.test.ts > rebates > pays the beneficiary a fixed amount per submission
{ event: "game-opened", fee: u1000000, game: u1, height: u4, opened-by: 'ST85J1T8QBRRF1E3X429R720WMMTGMTTBQ1ABDZT, ranked: false, rules-hash: (some 0xabababababababababababababababababababababababababababababababab) } (xchess-core-v1:318)
{ bootstrap: u250000, event: "sponsorship-funded", expiry: u4324, funded-by: 'ST85J1T8QBRRF1E3X429R720WMMTGMTTBQ1ABDZT, game: u1, rebate: u2000, rebates: u45, reserved: u90000, who: 'ST1PXSHZJDK862PABE15F07WSECNNF5BGA66MTG52 } (xchess-core-v1:388)
{ event: "entry-submitted", game: u1, height: u5, sender: 'ST1PXSHZJDK862PABE15F07WSECNNF5BGA66MTG52, seq: u0, value: "e2e4" } (xchess-core-v1:565)
{ amount: u2000, event: "rebate-paid", game: u1, rebates-left: u44, who: 'ST1PXSHZJDK862PABE15F07WSECNNF5BGA66MTG52 } (xchess-core-v1:525)

stdout | tests/clarity/core.test.ts > rebates > pays nobody but the named beneficiary
{ event: "game-opened", fee: u1000000, game: u1, height: u4, opened-by: 'ST85J1T8QBRRF1E3X429R720WMMTGMTTBQ1ABDZT, ranked: false, rules-hash: (some 0xabababababababababababababababababababababababababababababababab) } (xchess-core-v1:318)
{ bootstrap: u250000, event: "sponsorship-funded", expiry: u4324, funded-by: 'ST85J1T8QBRRF1E3X429R720WMMTGMTTBQ1ABDZT, game: u1, rebate: u2000, rebates: u45, reserved: u90000, who: 'ST1PXSHZJDK862PABE15F07WSECNNF5BGA66MTG52 } (xchess-core-v1:388)
{ event: "entry-submitted", game: u1, height: u5, sender: 'ST83QXSNCG4JYJ83HK62MJQ4QK7XP0R5ZHXKW9TN, seq: u0, value: "e2e4" } (xchess-core-v1:565)

stdout | tests/clarity/core.test.ts > rebates > stops paying when the count runs out, and the game carries on
{ event: "game-opened", fee: u1000000, game: u1, height: u4, opened-by: 'ST85J1T8QBRRF1E3X429R720WMMTGMTTBQ1ABDZT, ranked: false, rules-hash: (some 0xabababababababababababababababababababababababababababababababab) } (xchess-core-v1:318)
{ bootstrap: u250000, event: "sponsorship-funded", expiry: u4324, funded-by: 'ST85J1T8QBRRF1E3X429R720WMMTGMTTBQ1ABDZT, game: u1, rebate: u2000, rebates: u45, reserved: u90000, who: 'ST1PXSHZJDK862PABE15F07WSECNNF5BGA66MTG52 } (xchess-core-v1:388)
{ event: "entry-submitted", game: u1, height: u5, sender: 'ST1PXSHZJDK862PABE15F07WSECNNF5BGA66MTG52, seq: u0, value: "e2e4" } (xchess-core-v1:565)
{ amount: u2000, event: "rebate-paid", game: u1, rebates-left: u44, who: 'ST1PXSHZJDK862PABE15F07WSECNNF5BGA66MTG52 } (xchess-core-v1:525)
{ event: "entry-submitted", game: u1, height: u6, sender: 'ST1PXSHZJDK862PABE15F07WSECNNF5BGA66MTG52, seq: u1, value: "e2e4" } (xchess-core-v1:565)
{ amount: u2000, event: "rebate-paid", game: u1, rebates-left: u43, who: 'ST1PXSHZJDK862PABE15F07WSECNNF5BGA66MTG52 } (xchess-core-v1:525)
{ event: "entry-submitted", game: u1, height: u7, sender: 'ST1PXSHZJDK862PABE15F07WSECNNF5BGA66MTG52, seq: u2, value: "e2e4" } (xchess-core-v1:565)
{ amount: u2000, event: "rebate-paid", game: u1, rebates-left: u42, who: 'ST1PXSHZJDK862PABE15F07WSECNNF5BGA66MTG52 } (xchess-core-v1:525)
{ event: "entry-submitted", game: u1, height: u8, sender: 'ST1PXSHZJDK862PABE15F07WSECNNF5BGA66MTG52, seq: u3, value: "e2e4" } (xchess-core-v1:565)
{ amount: u2000, event: "rebate-paid", game: u1, rebates-left: u41, who: 'ST1PXSHZJDK862PABE15F07WSECNNF5BGA66MTG52 } (xchess-core-v1:525)
{ event: "entry-submitted", game: u1, height: u9, sender: 'ST1PXSHZJDK862PABE15F07WSECNNF5BGA66MTG52, seq: u4, value: "e2e4" } (xchess-core-v1:565)
{ amount: u2000, event: "rebate-paid", game: u1, rebates-left: u40, who: 'ST1PXSHZJDK862PABE15F07WSECNNF5BGA66MTG52 } (xchess-core-v1:525)
{ event: "entry-submitted", game: u1, height: u10, sender: 'ST1PXSHZJDK862PABE15F07WSECNNF5BGA66MTG52, seq: u5, value: "e2e4" } (xchess-core-v1:565)
{ amount: u2000, event: "rebate-paid", game: u1, rebates-left: u39, who: 'ST1PXSHZJDK862PABE15F07WSECNNF5BGA66MTG52 } (xchess-core-v1:525)
{ event: "entry-submitted", game: u1, height: u11, sender: 'ST1PXSHZJDK862PABE15F07WSECNNF5BGA66MTG52, seq: u6, value: "e2e4" } (xchess-core-v1:565)
{ amount: u2000, event: "rebate-paid", game: u1, rebates-left: u38, who: 'ST1PXSHZJDK862PABE15F07WSECNNF5BGA66MTG52 } (xchess-core-v1:525)
{ event: "entry-submitted", game: u1, height: u12, sender: 'ST1PXSHZJDK862PABE15F07WSECNNF5BGA66MTG52, seq: u7, value: "e2e4" } (xchess-core-v1:565)
{ amount: u2000, event: "rebate-paid", game: u1, rebates-left: u37, who: 'ST1PXSHZJDK862PABE15F07WSECNNF5BGA66MTG52 } (xchess-core-v1:525)
{ event: "entry-submitted", game: u1, height: u13, sender: 'ST1PXSHZJDK862PABE15F07WSECNNF5BGA66MTG52, seq: u8, value: "e2e4" } (xchess-core-v1:565)
{ amount: u2000, event: "rebate-paid", game: u1, rebates-left: u36, who: 'ST1PXSHZJDK862PABE15F07WSECNNF5BGA66MTG52 } (xchess-core-v1:525)
{ event: "entry-submitted", game: u1, height: u14, sender: 'ST1PXSHZJDK862PABE15F07WSECNNF5BGA66MTG52, seq: u9, value: "e2e4" } (xchess-core-v1:565)
{ amount: u2000, event: "rebate-paid", game: u1, rebates-left: u35, who: 'ST1PXSHZJDK862PABE15F07WSECNNF5BGA66MTG52 } (xchess-core-v1:525)
{ event: "entry-submitted", game: u1, height: u15, sender: 'ST1PXSHZJDK862PABE15F07WSECNNF5BGA66MTG52, seq: u10, value: "e2e4" } (xchess-core-v1:565)
{ amount: u2000, event: "rebate-paid", game: u1, rebates-left: u34, who: 'ST1PXSHZJDK862PABE15F07WSECNNF5BGA66MTG52 } (xchess-core-v1:525)
{ event: "entry-submitted", game: u1, height: u16, sender: 'ST1PXSHZJDK862PABE15F07WSECNNF5BGA66MTG52, seq: u11, value: "e2e4" } (xchess-core-v1:565)
{ amount: u2000, event: "rebate-paid", game: u1, rebates-left: u33, who: 'ST1PXSHZJDK862PABE15F07WSECNNF5BGA66MTG52 } (xchess-core-v1:525)
{ event: "entry-submitted", game: u1, height: u17, sender: 'ST1PXSHZJDK862PABE15F07WSECNNF5BGA66MTG52, seq: u12, value: "e2e4" } (xchess-core-v1:565)
{ amount: u2000, event: "rebate-paid", game: u1, rebates-left: u32, who: 'ST1PXSHZJDK862PABE15F07WSECNNF5BGA66MTG52 } (xchess-core-v1:525)
{ event: "entry-submitted", game: u1, height: u18, sender: 'ST1PXSHZJDK862PABE15F07WSECNNF5BGA66MTG52, seq: u13, value: "e2e4" } (xchess-core-v1:565)
{ amount: u2000, event: "rebate-paid", game: u1, rebates-left: u31, who: 'ST1PXSHZJDK862PABE15F07WSECNNF5BGA66MTG52 } (xchess-core-v1:525)
{ event: "entry-submitted", game: u1, height: u19, sender: 'ST1PXSHZJDK862PABE15F07WSECNNF5BGA66MTG52, seq: u14, value: "e2e4" } (xchess-core-v1:565)
{ amount: u2000, event: "rebate-paid", game: u1, rebates-left: u30, who: 'ST1PXSHZJDK862PABE15F07WSECNNF5BGA66MTG52 } (xchess-core-v1:525)
{ event: "entry-submitted", game: u1, height: u20, sender: 'ST1PXSHZJDK862PABE15F07WSECNNF5BGA66MTG52, seq: u15, value: "e2e4" } (xchess-core-v1:565)
{ amount: u2000, event: "rebate-paid", game: u1, rebates-left: u29, who: 'ST1PXSHZJDK862PABE15F07WSECNNF5BGA66MTG52 } (xchess-core-v1:525)
{ event: "entry-submitted", game: u1, height: u21, sender: 'ST1PXSHZJDK862PABE15F07WSECNNF5BGA66MTG52, seq: u16, value: "e2e4" } (xchess-core-v1:565)
{ amount: u2000, event: "rebate-paid", game: u1, rebates-left: u28, who: 'ST1PXSHZJDK862PABE15F07WSECNNF5BGA66MTG52 } (xchess-core-v1:525)
{ event: "entry-submitted", game: u1, height: u22, sender: 'ST1PXSHZJDK862PABE15F07WSECNNF5BGA66MTG52, seq: u17, value: "e2e4" } (xchess-core-v1:565)
{ amount: u2000, event: "rebate-paid", game: u1, rebates-left: u27, who: 'ST1PXSHZJDK862PABE15F07WSECNNF5BGA66MTG52 } (xchess-core-v1:525)
{ event: "entry-submitted", game: u1, height: u23, sender: 'ST1PXSHZJDK862PABE15F07WSECNNF5BGA66MTG52, seq: u18, value: "e2e4" } (xchess-core-v1:565)
{ amount: u2000, event: "rebate-paid", game: u1, rebates-left: u26, who: 'ST1PXSHZJDK862PABE15F07WSECNNF5BGA66MTG52 } (xchess-core-v1:525)
{ event: "entry-submitted", game: u1, height: u24, sender: 'ST1PXSHZJDK862PABE15F07WSECNNF5BGA66MTG52, seq: u19, value: "e2e4" } (xchess-core-v1:565)
{ amount: u2000, event: "rebate-paid", game: u1, rebates-left: u25, who: 'ST1PXSHZJDK862PABE15F07WSECNNF5BGA66MTG52 } (xchess-core-v1:525)
{ event: "entry-submitted", game: u1, height: u25, sender: 'ST1PXSHZJDK862PABE15F07WSECNNF5BGA66MTG52, seq: u20, value: "e2e4" } (xchess-core-v1:565)
{ amount: u2000, event: "rebate-paid", game: u1, rebates-left: u24, who: 'ST1PXSHZJDK862PABE15F07WSECNNF5BGA66MTG52 } (xchess-core-v1:525)
{ event: "entry-submitted", game: u1, height: u26, sender: 'ST1PXSHZJDK862PABE15F07WSECNNF5BGA66MTG52, seq: u21, value: "e2e4" } (xchess-core-v1:565)
{ amount: u2000, event: "rebate-paid", game: u1, rebates-left: u23, who: 'ST1PXSHZJDK862PABE15F07WSECNNF5BGA66MTG52 } (xchess-core-v1:525)
{ event: "entry-submitted", game: u1, height: u27, sender: 'ST1PXSHZJDK862PABE15F07WSECNNF5BGA66MTG52, seq: u22, value: "e2e4" } (xchess-core-v1:565)
{ amount: u2000, event: "rebate-paid", game: u1, rebates-left: u22, who: 'ST1PXSHZJDK862PABE15F07WSECNNF5BGA66MTG52 } (xchess-core-v1:525)
{ event: "entry-submitted", game: u1, height: u28, sender: 'ST1PXSHZJDK862PABE15F07WSECNNF5BGA66MTG52, seq: u23, value: "e2e4" } (xchess-core-v1:565)
{ amount: u2000, event: "rebate-paid", game: u1, rebates-left: u21, who: 'ST1PXSHZJDK862PABE15F07WSECNNF5BGA66MTG52 } (xchess-core-v1:525)
{ event: "entry-submitted", game: u1, height: u29, sender: 'ST1PXSHZJDK862PABE15F07WSECNNF5BGA66MTG52, seq: u24, value: "e2e4" } (xchess-core-v1:565)
{ amount: u2000, event: "rebate-paid", game: u1, rebates-left: u20, who: 'ST1PXSHZJDK862PABE15F07WSECNNF5BGA66MTG52 } (xchess-core-v1:525)
{ event: "entry-submitted", game: u1, height: u30, sender: 'ST1PXSHZJDK862PABE15F07WSECNNF5BGA66MTG52, seq: u25, value: "e2e4" } (xchess-core-v1:565)
{ amount: u2000, event: "rebate-paid", game: u1, rebates-left: u19, who: 'ST1PXSHZJDK862PABE15F07WSECNNF5BGA66MTG52 } (xchess-core-v1:525)
{ event: "entry-submitted", game: u1, height: u31, sender: 'ST1PXSHZJDK862PABE15F07WSECNNF5BGA66MTG52, seq: u26, value: "e2e4" } (xchess-core-v1:565)
{ amount: u2000, event: "rebate-paid", game: u1, rebates-left: u18, who: 'ST1PXSHZJDK862PABE15F07WSECNNF5BGA66MTG52 } (xchess-core-v1:525)
{ event: "entry-submitted", game: u1, height: u32, sender: 'ST1PXSHZJDK862PABE15F07WSECNNF5BGA66MTG52, seq: u27, value: "e2e4" } (xchess-core-v1:565)
{ amount: u2000, event: "rebate-paid", game: u1, rebates-left: u17, who: 'ST1PXSHZJDK862PABE15F07WSECNNF5BGA66MTG52 } (xchess-core-v1:525)
{ event: "entry-submitted", game: u1, height: u33, sender: 'ST1PXSHZJDK862PABE15F07WSECNNF5BGA66MTG52, seq: u28, value: "e2e4" } (xchess-core-v1:565)
{ amount: u2000, event: "rebate-paid", game: u1, rebates-left: u16, who: 'ST1PXSHZJDK862PABE15F07WSECNNF5BGA66MTG52 } (xchess-core-v1:525)
{ event: "entry-submitted", game: u1, height: u34, sender: 'ST1PXSHZJDK862PABE15F07WSECNNF5BGA66MTG52, seq: u29, value: "e2e4" } (xchess-core-v1:565)
{ amount: u2000, event: "rebate-paid", game: u1, rebates-left: u15, who: 'ST1PXSHZJDK862PABE15F07WSECNNF5BGA66MTG52 } (xchess-core-v1:525)
{ event: "entry-submitted", game: u1, height: u35, sender: 'ST1PXSHZJDK862PABE15F07WSECNNF5BGA66MTG52, seq: u30, value: "e2e4" } (xchess-core-v1:565)
{ amount: u2000, event: "rebate-paid", game: u1, rebates-left: u14, who: 'ST1PXSHZJDK862PABE15F07WSECNNF5BGA66MTG52 } (xchess-core-v1:525)
{ event: "entry-submitted", game: u1, height: u36, sender: 'ST1PXSHZJDK862PABE15F07WSECNNF5BGA66MTG52, seq: u31, value: "e2e4" } (xchess-core-v1:565)
{ amount: u2000, event: "rebate-paid", game: u1, rebates-left: u13, who: 'ST1PXSHZJDK862PABE15F07WSECNNF5BGA66MTG52 } (xchess-core-v1:525)
{ event: "entry-submitted", game: u1, height: u37, sender: 'ST1PXSHZJDK862PABE15F07WSECNNF5BGA66MTG52, seq: u32, value: "e2e4" } (xchess-core-v1:565)
{ amount: u2000, event: "rebate-paid", game: u1, rebates-left: u12, who: 'ST1PXSHZJDK862PABE15F07WSECNNF5BGA66MTG52 } (xchess-core-v1:525)
{ event: "entry-submitted", game: u1, height: u38, sender: 'ST1PXSHZJDK862PABE15F07WSECNNF5BGA66MTG52, seq: u33, value: "e2e4" } (xchess-core-v1:565)
{ amount: u2000, event: "rebate-paid", game: u1, rebates-left: u11, who: 'ST1PXSHZJDK862PABE15F07WSECNNF5BGA66MTG52 } (xchess-core-v1:525)
{ event: "entry-submitted", game: u1, height: u39, sender: 'ST1PXSHZJDK862PABE15F07WSECNNF5BGA66MTG52, seq: u34, value: "e2e4" } (xchess-core-v1:565)
{ amount: u2000, event: "rebate-paid", game: u1, rebates-left: u10, who: 'ST1PXSHZJDK862PABE15F07WSECNNF5BGA66MTG52 } (xchess-core-v1:525)
{ event: "entry-submitted", game: u1, height: u40, sender: 'ST1PXSHZJDK862PABE15F07WSECNNF5BGA66MTG52, seq: u35, value: "e2e4" } (xchess-core-v1:565)
{ amount: u2000, event: "rebate-paid", game: u1, rebates-left: u9, who: 'ST1PXSHZJDK862PABE15F07WSECNNF5BGA66MTG52 } (xchess-core-v1:525)
{ event: "entry-submitted", game: u1, height: u41, sender: 'ST1PXSHZJDK862PABE15F07WSECNNF5BGA66MTG52, seq: u36, value: "e2e4" } (xchess-core-v1:565)
{ amount: u2000, event: "rebate-paid", game: u1, rebates-left: u8, who: 'ST1PXSHZJDK862PABE15F07WSECNNF5BGA66MTG52 } (xchess-core-v1:525)
{ event: "entry-submitted", game: u1, height: u42, sender: 'ST1PXSHZJDK862PABE15F07WSECNNF5BGA66MTG52, seq: u37, value: "e2e4" } (xchess-core-v1:565)
{ amount: u2000, event: "rebate-paid", game: u1, rebates-left: u7, who: 'ST1PXSHZJDK862PABE15F07WSECNNF5BGA66MTG52 } (xchess-core-v1:525)
{ event: "entry-submitted", game: u1, height: u43, sender: 'ST1PXSHZJDK862PABE15F07WSECNNF5BGA66MTG52, seq: u38, value: "e2e4" } (xchess-core-v1:565)
{ amount: u2000, event: "rebate-paid", game: u1, rebates-left: u6, who: 'ST1PXSHZJDK862PABE15F07WSECNNF5BGA66MTG52 } (xchess-core-v1:525)
{ event: "entry-submitted", game: u1, height: u44, sender: 'ST1PXSHZJDK862PABE15F07WSECNNF5BGA66MTG52, seq: u39, value: "e2e4" } (xchess-core-v1:565)
{ amount: u2000, event: "rebate-paid", game: u1, rebates-left: u5, who: 'ST1PXSHZJDK862PABE15F07WSECNNF5BGA66MTG52 } (xchess-core-v1:525)
{ event: "entry-submitted", game: u1, height: u45, sender: 'ST1PXSHZJDK862PABE15F07WSECNNF5BGA66MTG52, seq: u40, value: "e2e4" } (xchess-core-v1:565)
{ amount: u2000, event: "rebate-paid", game: u1, rebates-left: u4, who: 'ST1PXSHZJDK862PABE15F07WSECNNF5BGA66MTG52 } (xchess-core-v1:525)
{ event: "entry-submitted", game: u1, height: u46, sender: 'ST1PXSHZJDK862PABE15F07WSECNNF5BGA66MTG52, seq: u41, value: "e2e4" } (xchess-core-v1:565)
{ amount: u2000, event: "rebate-paid", game: u1, rebates-left: u3, who: 'ST1PXSHZJDK862PABE15F07WSECNNF5BGA66MTG52 } (xchess-core-v1:525)
{ event: "entry-submitted", game: u1, height: u47, sender: 'ST1PXSHZJDK862PABE15F07WSECNNF5BGA66MTG52, seq: u42, value: "e2e4" } (xchess-core-v1:565)
{ amount: u2000, event: "rebate-paid", game: u1, rebates-left: u2, who: 'ST1PXSHZJDK862PABE15F07WSECNNF5BGA66MTG52 } (xchess-core-v1:525)
{ event: "entry-submitted", game: u1, height: u48, sender: 'ST1PXSHZJDK862PABE15F07WSECNNF5BGA66MTG52, seq: u43, value: "e2e4" } (xchess-core-v1:565)
{ amount: u2000, event: "rebate-paid", game: u1, rebates-left: u1, who: 'ST1PXSHZJDK862PABE15F07WSECNNF5BGA66MTG52 } (xchess-core-v1:525)
{ event: "entry-submitted", game: u1, height: u49, sender: 'ST1PXSHZJDK862PABE15F07WSECNNF5BGA66MTG52, seq: u44, value: "e2e4" } (xchess-core-v1:565)
{ amount: u2000, event: "rebate-paid", game: u1, rebates-left: u0, who: 'ST1PXSHZJDK862PABE15F07WSECNNF5BGA66MTG52 } (xchess-core-v1:525)
{ event: "entry-submitted", game: u1, height: u50, sender: 'ST1PXSHZJDK862PABE15F07WSECNNF5BGA66MTG52, seq: u45, value: "e7e5" } (xchess-core-v1:565)

stdout | tests/clarity/core.test.ts > rebates > keeps one game's reserve out of another game's reach
{ event: "game-opened", fee: u1000000, game: u1, height: u4, opened-by: 'ST85J1T8QBRRF1E3X429R720WMMTGMTTBQ1ABDZT, ranked: false, rules-hash: (some 0xabababababababababababababababababababababababababababababababab) } (xchess-core-v1:318)
{ bootstrap: u250000, event: "sponsorship-funded", expiry: u4324, funded-by: 'ST85J1T8QBRRF1E3X429R720WMMTGMTTBQ1ABDZT, game: u1, rebate: u2000, rebates: u45, reserved: u90000, who: 'ST1PXSHZJDK862PABE15F07WSECNNF5BGA66MTG52 } (xchess-core-v1:388)
{ event: "game-opened", fee: u1000000, game: u2, height: u5, opened-by: 'ST83QXSNCG4JYJ83HK62MJQ4QK7XP0R5ZHXKW9TN, ranked: false, rules-hash: (some 0xabababababababababababababababababababababababababababababababab) } (xchess-core-v1:318)
{ bootstrap: u250000, event: "sponsorship-funded", expiry: u4325, funded-by: 'ST83QXSNCG4JYJ83HK62MJQ4QK7XP0R5ZHXKW9TN, game: u2, rebate: u2000, rebates: u45, reserved: u90000, who: 'ST1PXSHZJDK862PABE15F07WSECNNF5BGA66MTG52 } (xchess-core-v1:388)
{ event: "entry-submitted", game: u1, height: u6, sender: 'ST1PXSHZJDK862PABE15F07WSECNNF5BGA66MTG52, seq: u0, value: "e2e4" } (xchess-core-v1:565)
{ amount: u2000, event: "rebate-paid", game: u1, rebates-left: u44, who: 'ST1PXSHZJDK862PABE15F07WSECNNF5BGA66MTG52 } (xchess-core-v1:525)
{ event: "entry-submitted", game: u1, height: u7, sender: 'ST1PXSHZJDK862PABE15F07WSECNNF5BGA66MTG52, seq: u1, value: "e2e4" } (xchess-core-v1:565)
{ amount: u2000, event: "rebate-paid", game: u1, rebates-left: u43, who: 'ST1PXSHZJDK862PABE15F07WSECNNF5BGA66MTG52 } (xchess-core-v1:525)
{ event: "entry-submitted", game: u1, height: u8, sender: 'ST1PXSHZJDK862PABE15F07WSECNNF5BGA66MTG52, seq: u2, value: "e2e4" } (xchess-core-v1:565)
{ amount: u2000, event: "rebate-paid", game: u1, rebates-left: u42, who: 'ST1PXSHZJDK862PABE15F07WSECNNF5BGA66MTG52 } (xchess-core-v1:525)
{ event: "entry-submitted", game: u1, height: u9, sender: 'ST1PXSHZJDK862PABE15F07WSECNNF5BGA66MTG52, seq: u3, value: "e2e4" } (xchess-core-v1:565)
{ amount: u2000, event: "rebate-paid", game: u1, rebates-left: u41, who: 'ST1PXSHZJDK862PABE15F07WSECNNF5BGA66MTG52 } (xchess-core-v1:525)
{ event: "entry-submitted", game: u1, height: u10, sender: 'ST1PXSHZJDK862PABE15F07WSECNNF5BGA66MTG52, seq: u4, value: "e2e4" } (xchess-core-v1:565)
{ amount: u2000, event: "rebate-paid", game: u1, rebates-left: u40, who: 'ST1PXSHZJDK862PABE15F07WSECNNF5BGA66MTG52 } (xchess-core-v1:525)
{ event: "entry-submitted", game: u1, height: u11, sender: 'ST1PXSHZJDK862PABE15F07WSECNNF5BGA66MTG52, seq: u5, value: "e2e4" } (xchess-core-v1:565)
{ amount: u2000, event: "rebate-paid", game: u1, rebates-left: u39, who: 'ST1PXSHZJDK862PABE15F07WSECNNF5BGA66MTG52 } (xchess-core-v1:525)
{ event: "entry-submitted", game: u1, height: u12, sender: 'ST1PXSHZJDK862PABE15F07WSECNNF5BGA66MTG52, seq: u6, value: "e2e4" } (xchess-core-v1:565)
{ amount: u2000, event: "rebate-paid", game: u1, rebates-left: u38, who: 'ST1PXSHZJDK862PABE15F07WSECNNF5BGA66MTG52 } (xchess-core-v1:525)
{ event: "entry-submitted", game: u1, height: u13, sender: 'ST1PXSHZJDK862PABE15F07WSECNNF5BGA66MTG52, seq: u7, value: "e2e4" } (xchess-core-v1:565)
{ amount: u2000, event: "rebate-paid", game: u1, rebates-left: u37, who: 'ST1PXSHZJDK862PABE15F07WSECNNF5BGA66MTG52 } (xchess-core-v1:525)
{ event: "entry-submitted", game: u1, height: u14, sender: 'ST1PXSHZJDK862PABE15F07WSECNNF5BGA66MTG52, seq: u8, value: "e2e4" } (xchess-core-v1:565)
{ amount: u2000, event: "rebate-paid", game: u1, rebates-left: u36, who: 'ST1PXSHZJDK862PABE15F07WSECNNF5BGA66MTG52 } (xchess-core-v1:525)
{ event: "entry-submitted", game: u1, height: u15, sender: 'ST1PXSHZJDK862PABE15F07WSECNNF5BGA66MTG52, seq: u9, value: "e2e4" } (xchess-core-v1:565)
{ amount: u2000, event: "rebate-paid", game: u1, rebates-left: u35, who: 'ST1PXSHZJDK862PABE15F07WSECNNF5BGA66MTG52 } (xchess-core-v1:525)
{ event: "entry-submitted", game: u1, height: u16, sender: 'ST1PXSHZJDK862PABE15F07WSECNNF5BGA66MTG52, seq: u10, value: "e2e4" } (xchess-core-v1:565)
{ amount: u2000, event: "rebate-paid", game: u1, rebates-left: u34, who: 'ST1PXSHZJDK862PABE15F07WSECNNF5BGA66MTG52 } (xchess-core-v1:525)
{ event: "entry-submitted", game: u1, height: u17, sender: 'ST1PXSHZJDK862PABE15F07WSECNNF5BGA66MTG52, seq: u11, value: "e2e4" } (xchess-core-v1:565)
{ amount: u2000, event: "rebate-paid", game: u1, rebates-left: u33, who: 'ST1PXSHZJDK862PABE15F07WSECNNF5BGA66MTG52 } (xchess-core-v1:525)
{ event: "entry-submitted", game: u1, height: u18, sender: 'ST1PXSHZJDK862PABE15F07WSECNNF5BGA66MTG52, seq: u12, value: "e2e4" } (xchess-core-v1:565)
{ amount: u2000, event: "rebate-paid", game: u1, rebates-left: u32, who: 'ST1PXSHZJDK862PABE15F07WSECNNF5BGA66MTG52 } (xchess-core-v1:525)
{ event: "entry-submitted", game: u1, height: u19, sender: 'ST1PXSHZJDK862PABE15F07WSECNNF5BGA66MTG52, seq: u13, value: "e2e4" } (xchess-core-v1:565)
{ amount: u2000, event: "rebate-paid", game: u1, rebates-left: u31, who: 'ST1PXSHZJDK862PABE15F07WSECNNF5BGA66MTG52 } (xchess-core-v1:525)
{ event: "entry-submitted", game: u1, height: u20, sender: 'ST1PXSHZJDK862PABE15F07WSECNNF5BGA66MTG52, seq: u14, value: "e2e4" } (xchess-core-v1:565)
{ amount: u2000, event: "rebate-paid", game: u1, rebates-left: u30, who: 'ST1PXSHZJDK862PABE15F07WSECNNF5BGA66MTG52 } (xchess-core-v1:525)
{ event: "entry-submitted", game: u1, height: u21, sender: 'ST1PXSHZJDK862PABE15F07WSECNNF5BGA66MTG52, seq: u15, value: "e2e4" } (xchess-core-v1:565)
{ amount: u2000, event: "rebate-paid", game: u1, rebates-left: u29, who: 'ST1PXSHZJDK862PABE15F07WSECNNF5BGA66MTG52 } (xchess-core-v1:525)
{ event: "entry-submitted", game: u1, height: u22, sender: 'ST1PXSHZJDK862PABE15F07WSECNNF5BGA66MTG52, seq: u16, value: "e2e4" } (xchess-core-v1:565)
{ amount: u2000, event: "rebate-paid", game: u1, rebates-left: u28, who: 'ST1PXSHZJDK862PABE15F07WSECNNF5BGA66MTG52 } (xchess-core-v1:525)
{ event: "entry-submitted", game: u1, height: u23, sender: 'ST1PXSHZJDK862PABE15F07WSECNNF5BGA66MTG52, seq: u17, value: "e2e4" } (xchess-core-v1:565)
{ amount: u2000, event: "rebate-paid", game: u1, rebates-left: u27, who: 'ST1PXSHZJDK862PABE15F07WSECNNF5BGA66MTG52 } (xchess-core-v1:525)
{ event: "entry-submitted", game: u1, height: u24, sender: 'ST1PXSHZJDK862PABE15F07WSECNNF5BGA66MTG52, seq: u18, value: "e2e4" } (xchess-core-v1:565)
{ amount: u2000, event: "rebate-paid", game: u1, rebates-left: u26, who: 'ST1PXSHZJDK862PABE15F07WSECNNF5BGA66MTG52 } (xchess-core-v1:525)
{ event: "entry-submitted", game: u1, height: u25, sender: 'ST1PXSHZJDK862PABE15F07WSECNNF5BGA66MTG52, seq: u19, value: "e2e4" } (xchess-core-v1:565)
{ amount: u2000, event: "rebate-paid", game: u1, rebates-left: u25, who: 'ST1PXSHZJDK862PABE15F07WSECNNF5BGA66MTG52 } (xchess-core-v1:525)
{ event: "entry-submitted", game: u1, height: u26, sender: 'ST1PXSHZJDK862PABE15F07WSECNNF5BGA66MTG52, seq: u20, value: "e2e4" } (xchess-core-v1:565)
{ amount: u2000, event: "rebate-paid", game: u1, rebates-left: u24, who: 'ST1PXSHZJDK862PABE15F07WSECNNF5BGA66MTG52 } (xchess-core-v1:525)
{ event: "entry-submitted", game: u1, height: u27, sender: 'ST1PXSHZJDK862PABE15F07WSECNNF5BGA66MTG52, seq: u21, value: "e2e4" } (xchess-core-v1:565)
{ amount: u2000, event: "rebate-paid", game: u1, rebates-left: u23, who: 'ST1PXSHZJDK862PABE15F07WSECNNF5BGA66MTG52 } (xchess-core-v1:525)
{ event: "entry-submitted", game: u1, height: u28, sender: 'ST1PXSHZJDK862PABE15F07WSECNNF5BGA66MTG52, seq: u22, value: "e2e4" } (xchess-core-v1:565)
{ amount: u2000, event: "rebate-paid", game: u1, rebates-left: u22, who: 'ST1PXSHZJDK862PABE15F07WSECNNF5BGA66MTG52 } (xchess-core-v1:525)
{ event: "entry-submitted", game: u1, height: u29, sender: 'ST1PXSHZJDK862PABE15F07WSECNNF5BGA66MTG52, seq: u23, value: "e2e4" } (xchess-core-v1:565)
{ amount: u2000, event: "rebate-paid", game: u1, rebates-left: u21, who: 'ST1PXSHZJDK862PABE15F07WSECNNF5BGA66MTG52 } (xchess-core-v1:525)
{ event: "entry-submitted", game: u1, height: u30, sender: 'ST1PXSHZJDK862PABE15F07WSECNNF5BGA66MTG52, seq: u24, value: "e2e4" } (xchess-core-v1:565)
{ amount: u2000, event: "rebate-paid", game: u1, rebates-left: u20, who: 'ST1PXSHZJDK862PABE15F07WSECNNF5BGA66MTG52 } (xchess-core-v1:525)
{ event: "entry-submitted", game: u1, height: u31, sender: 'ST1PXSHZJDK862PABE15F07WSECNNF5BGA66MTG52, seq: u25, value: "e2e4" } (xchess-core-v1:565)
{ amount: u2000, event: "rebate-paid", game: u1, rebates-left: u19, who: 'ST1PXSHZJDK862PABE15F07WSECNNF5BGA66MTG52 } (xchess-core-v1:525)
{ event: "entry-submitted", game: u1, height: u32, sender: 'ST1PXSHZJDK862PABE15F07WSECNNF5BGA66MTG52, seq: u26, value: "e2e4" } (xchess-core-v1:565)
{ amount: u2000, event: "rebate-paid", game: u1, rebates-left: u18, who: 'ST1PXSHZJDK862PABE15F07WSECNNF5BGA66MTG52 } (xchess-core-v1:525)
{ event: "entry-submitted", game: u1, height: u33, sender: 'ST1PXSHZJDK862PABE15F07WSECNNF5BGA66MTG52, seq: u27, value: "e2e4" } (xchess-core-v1:565)
{ amount: u2000, event: "rebate-paid", game: u1, rebates-left: u17, who: 'ST1PXSHZJDK862PABE15F07WSECNNF5BGA66MTG52 } (xchess-core-v1:525)
{ event: "entry-submitted", game: u1, height: u34, sender: 'ST1PXSHZJDK862PABE15F07WSECNNF5BGA66MTG52, seq: u28, value: "e2e4" } (xchess-core-v1:565)
{ amount: u2000, event: "rebate-paid", game: u1, rebates-left: u16, who: 'ST1PXSHZJDK862PABE15F07WSECNNF5BGA66MTG52 } (xchess-core-v1:525)
{ event: "entry-submitted", game: u1, height: u35, sender: 'ST1PXSHZJDK862PABE15F07WSECNNF5BGA66MTG52, seq: u29, value: "e2e4" } (xchess-core-v1:565)
{ amount: u2000, event: "rebate-paid", game: u1, rebates-left: u15, who: 'ST1PXSHZJDK862PABE15F07WSECNNF5BGA66MTG52 } (xchess-core-v1:525)
{ event: "entry-submitted", game: u1, height: u36, sender: 'ST1PXSHZJDK862PABE15F07WSECNNF5BGA66MTG52, seq: u30, value: "e2e4" } (xchess-core-v1:565)
{ amount: u2000, event: "rebate-paid", game: u1, rebates-left: u14, who: 'ST1PXSHZJDK862PABE15F07WSECNNF5BGA66MTG52 } (xchess-core-v1:525)
{ event: "entry-submitted", game: u1, height: u37, sender: 'ST1PXSHZJDK862PABE15F07WSECNNF5BGA66MTG52, seq: u31, value: "e2e4" } (xchess-core-v1:565)
{ amount: u2000, event: "rebate-paid", game: u1, rebates-left: u13, who: 'ST1PXSHZJDK862PABE15F07WSECNNF5BGA66MTG52 } (xchess-core-v1:525)
{ event: "entry-submitted", game: u1, height: u38, sender: 'ST1PXSHZJDK862PABE15F07WSECNNF5BGA66MTG52, seq: u32, value: "e2e4" } (xchess-core-v1:565)
{ amount: u2000, event: "rebate-paid", game: u1, rebates-left: u12, who: 'ST1PXSHZJDK862PABE15F07WSECNNF5BGA66MTG52 } (xchess-core-v1:525)
{ event: "entry-submitted", game: u1, height: u39, sender: 'ST1PXSHZJDK862PABE15F07WSECNNF5BGA66MTG52, seq: u33, value: "e2e4" } (xchess-core-v1:565)
{ amount: u2000, event: "rebate-paid", game: u1, rebates-left: u11, who: 'ST1PXSHZJDK862PABE15F07WSECNNF5BGA66MTG52 } (xchess-core-v1:525)
{ event: "entry-submitted", game: u1, height: u40, sender: 'ST1PXSHZJDK862PABE15F07WSECNNF5BGA66MTG52, seq: u34, value: "e2e4" } (xchess-core-v1:565)
{ amount: u2000, event: "rebate-paid", game: u1, rebates-left: u10, who: 'ST1PXSHZJDK862PABE15F07WSECNNF5BGA66MTG52 } (xchess-core-v1:525)
{ event: "entry-submitted", game: u1, height: u41, sender: 'ST1PXSHZJDK862PABE15F07WSECNNF5BGA66MTG52, seq: u35, value: "e2e4" } (xchess-core-v1:565)
{ amount: u2000, event: "rebate-paid", game: u1, rebates-left: u9, who: 'ST1PXSHZJDK862PABE15F07WSECNNF5BGA66MTG52 } (xchess-core-v1:525)
{ event: "entry-submitted", game: u1, height: u42, sender: 'ST1PXSHZJDK862PABE15F07WSECNNF5BGA66MTG52, seq: u36, value: "e2e4" } (xchess-core-v1:565)
{ amount: u2000, event: "rebate-paid", game: u1, rebates-left: u8, who: 'ST1PXSHZJDK862PABE15F07WSECNNF5BGA66MTG52 } (xchess-core-v1:525)
{ event: "entry-submitted", game: u1, height: u43, sender: 'ST1PXSHZJDK862PABE15F07WSECNNF5BGA66MTG52, seq: u37, value: "e2e4" } (xchess-core-v1:565)
{ amount: u2000, event: "rebate-paid", game: u1, rebates-left: u7, who: 'ST1PXSHZJDK862PABE15F07WSECNNF5BGA66MTG52 } (xchess-core-v1:525)
{ event: "entry-submitted", game: u1, height: u44, sender: 'ST1PXSHZJDK862PABE15F07WSECNNF5BGA66MTG52, seq: u38, value: "e2e4" } (xchess-core-v1:565)
{ amount: u2000, event: "rebate-paid", game: u1, rebates-left: u6, who: 'ST1PXSHZJDK862PABE15F07WSECNNF5BGA66MTG52 } (xchess-core-v1:525)
{ event: "entry-submitted", game: u1, height: u45, sender: 'ST1PXSHZJDK862PABE15F07WSECNNF5BGA66MTG52, seq: u39, value: "e2e4" } (xchess-core-v1:565)
{ amount: u2000, event: "rebate-paid", game: u1, rebates-left: u5, who: 'ST1PXSHZJDK862PABE15F07WSECNNF5BGA66MTG52 } (xchess-core-v1:525)
{ event: "entry-submitted", game: u1, height: u46, sender: 'ST1PXSHZJDK862PABE15F07WSECNNF5BGA66MTG52, seq: u40, value: "e2e4" } (xchess-core-v1:565)
{ amount: u2000, event: "rebate-paid", game: u1, rebates-left: u4, who: 'ST1PXSHZJDK862PABE15F07WSECNNF5BGA66MTG52 } (xchess-core-v1:525)
{ event: "entry-submitted", game: u1, height: u47, sender: 'ST1PXSHZJDK862PABE15F07WSECNNF5BGA66MTG52, seq: u41, value: "e2e4" } (xchess-core-v1:565)
{ amount: u2000, event: "rebate-paid", game: u1, rebates-left: u3, who: 'ST1PXSHZJDK862PABE15F07WSECNNF5BGA66MTG52 } (xchess-core-v1:525)
{ event: "entry-submitted", game: u1, height: u48, sender: 'ST1PXSHZJDK862PABE15F07WSECNNF5BGA66MTG52, seq: u42, value: "e2e4" } (xchess-core-v1:565)
{ amount: u2000, event: "rebate-paid", game: u1, rebates-left: u2, who: 'ST1PXSHZJDK862PABE15F07WSECNNF5BGA66MTG52 } (xchess-core-v1:525)
{ event: "entry-submitted", game: u1, height: u49, sender: 'ST1PXSHZJDK862PABE15F07WSECNNF5BGA66MTG52, seq: u43, value: "e2e4" } (xchess-core-v1:565)
{ amount: u2000, event: "rebate-paid", game: u1, rebates-left: u1, who: 'ST1PXSHZJDK862PABE15F07WSECNNF5BGA66MTG52 } (xchess-core-v1:525)
{ event: "entry-submitted", game: u1, height: u50, sender: 'ST1PXSHZJDK862PABE15F07WSECNNF5BGA66MTG52, seq: u44, value: "e2e4" } (xchess-core-v1:565)
{ amount: u2000, event: "rebate-paid", game: u1, rebates-left: u0, who: 'ST1PXSHZJDK862PABE15F07WSECNNF5BGA66MTG52 } (xchess-core-v1:525)

stdout | tests/clarity/core.test.ts > rebates > honours the rebate recorded at funding time, not the current setting
{ event: "game-opened", fee: u1000000, game: u1, height: u4, opened-by: 'ST85J1T8QBRRF1E3X429R720WMMTGMTTBQ1ABDZT, ranked: false, rules-hash: (some 0xabababababababababababababababababababababababababababababababab) } (xchess-core-v1:318)
{ bootstrap: u250000, event: "sponsorship-funded", expiry: u4324, funded-by: 'ST85J1T8QBRRF1E3X429R720WMMTGMTTBQ1ABDZT, game: u1, rebate: u2000, rebates: u45, reserved: u90000, who: 'ST1PXSHZJDK862PABE15F07WSECNNF5BGA66MTG52 } (xchess-core-v1:388)
{ bootstrap: u20000, by: 'ST2PZAQ88V19XWNZAVEGHKJ9MXECC9D73FCCKNB4Z, count: u45, event: "sponsorship-changed", margin: u50000, rebate: u1000 } (xchess-core-v1:704)
{ event: "entry-submitted", game: u1, height: u6, sender: 'ST1PXSHZJDK862PABE15F07WSECNNF5BGA66MTG52, seq: u0, value: "e2e4" } (xchess-core-v1:565)
{ amount: u2000, event: "rebate-paid", game: u1, rebates-left: u44, who: 'ST1PXSHZJDK862PABE15F07WSECNNF5BGA66MTG52 } (xchess-core-v1:525)

stdout | tests/clarity/core.test.ts > top-ups > lets a third party add more, with no account and no billing
{ event: "game-opened", fee: u1000000, game: u1, height: u4, opened-by: 'ST85J1T8QBRRF1E3X429R720WMMTGMTTBQ1ABDZT, ranked: false, rules-hash: (some 0xabababababababababababababababababababababababababababababababab) } (xchess-core-v1:318)
{ bootstrap: u250000, event: "sponsorship-funded", expiry: u4324, funded-by: 'ST85J1T8QBRRF1E3X429R720WMMTGMTTBQ1ABDZT, game: u1, rebate: u2000, rebates: u45, reserved: u90000, who: 'ST1PXSHZJDK862PABE15F07WSECNNF5BGA66MTG52 } (xchess-core-v1:388)
{ added: u90000, by: 'ST83QXSNCG4JYJ83HK62MJQ4QK7XP0R5ZHXKW9TN, event: "sponsorship-topped-up", game: u1, rebates-added: u45, who: 'ST1PXSHZJDK862PABE15F07WSECNNF5BGA66MTG52 } (xchess-core-v1:474)

stdout | tests/clarity/core.test.ts > top-ups > does not charge for a bootstrap the wallet already had
{ event: "game-opened", fee: u1000000, game: u1, height: u4, opened-by: 'ST85J1T8QBRRF1E3X429R720WMMTGMTTBQ1ABDZT, ranked: false, rules-hash: (some 0xabababababababababababababababababababababababababababababababab) } (xchess-core-v1:318)
{ bootstrap: u250000, event: "sponsorship-funded", expiry: u4324, funded-by: 'ST85J1T8QBRRF1E3X429R720WMMTGMTTBQ1ABDZT, game: u1, rebate: u2000, rebates: u45, reserved: u90000, who: 'ST1PXSHZJDK862PABE15F07WSECNNF5BGA66MTG52 } (xchess-core-v1:388)
{ added: u90000, by: 'ST83QXSNCG4JYJ83HK62MJQ4QK7XP0R5ZHXKW9TN, event: "sponsorship-topped-up", game: u1, rebates-added: u45, who: 'ST1PXSHZJDK862PABE15F07WSECNNF5BGA66MTG52 } (xchess-core-v1:474)

stdout | tests/clarity/core.test.ts > top-ups > refuses a top-up for a sponsorship that does not exist
{ event: "game-opened", fee: u1000000, game: u1, height: u4, opened-by: 'ST85J1T8QBRRF1E3X429R720WMMTGMTTBQ1ABDZT, ranked: false, rules-hash: (some 0xabababababababababababababababababababababababababababababababab) } (xchess-core-v1:318)

stdout | tests/clarity/core.test.ts > settlement > refuses to settle before expiry
{ event: "game-opened", fee: u1000000, game: u1, height: u4, opened-by: 'ST85J1T8QBRRF1E3X429R720WMMTGMTTBQ1ABDZT, ranked: false, rules-hash: (some 0xabababababababababababababababababababababababababababababababab) } (xchess-core-v1:318)
{ bootstrap: u250000, event: "sponsorship-funded", expiry: u4324, funded-by: 'ST85J1T8QBRRF1E3X429R720WMMTGMTTBQ1ABDZT, game: u1, rebate: u2000, rebates: u45, reserved: u90000, who: 'ST1PXSHZJDK862PABE15F07WSECNNF5BGA66MTG52 } (xchess-core-v1:388)

stdout | tests/clarity/core.test.ts > settlement > lets anybody at all settle once expired, with no keeper and no cron
{ event: "game-opened", fee: u1000000, game: u1, height: u4, opened-by: 'ST85J1T8QBRRF1E3X429R720WMMTGMTTBQ1ABDZT, ranked: false, rules-hash: (some 0xabababababababababababababababababababababababababababababababab) } (xchess-core-v1:318)
{ bootstrap: u250000, event: "sponsorship-funded", expiry: u4324, funded-by: 'ST85J1T8QBRRF1E3X429R720WMMTGMTTBQ1ABDZT, game: u1, rebate: u2000, rebates: u45, reserved: u90000, who: 'ST1PXSHZJDK862PABE15F07WSECNNF5BGA66MTG52 } (xchess-core-v1:388)
{ by: 'ST83QXSNCG4JYJ83HK62MJQ4QK7XP0R5ZHXKW9TN, event: "sponsorship-settled", game: u1, released: u90000, who: 'ST1PXSHZJDK862PABE15F07WSECNNF5BGA66MTG52 } (xchess-core-v1:606)

stdout | tests/clarity/core.test.ts > settlement > turns the unused reserve into treasury without moving any money
{ event: "game-opened", fee: u1000000, game: u1, height: u4, opened-by: 'ST85J1T8QBRRF1E3X429R720WMMTGMTTBQ1ABDZT, ranked: false, rules-hash: (some 0xabababababababababababababababababababababababababababababababab) } (xchess-core-v1:318)
{ bootstrap: u250000, event: "sponsorship-funded", expiry: u4324, funded-by: 'ST85J1T8QBRRF1E3X429R720WMMTGMTTBQ1ABDZT, game: u1, rebate: u2000, rebates: u45, reserved: u90000, who: 'ST1PXSHZJDK862PABE15F07WSECNNF5BGA66MTG52 } (xchess-core-v1:388)
{ by: 'ST83QXSNCG4JYJ83HK62MJQ4QK7XP0R5ZHXKW9TN, event: "sponsorship-settled", game: u1, released: u90000, who: 'ST1PXSHZJDK862PABE15F07WSECNNF5BGA66MTG52 } (xchess-core-v1:606)

stdout | tests/clarity/core.test.ts > settlement > cannot be settled twice
{ event: "game-opened", fee: u1000000, game: u1, height: u4, opened-by: 'ST85J1T8QBRRF1E3X429R720WMMTGMTTBQ1ABDZT, ranked: false, rules-hash: (some 0xabababababababababababababababababababababababababababababababab) } (xchess-core-v1:318)
{ bootstrap: u250000, event: "sponsorship-funded", expiry: u4324, funded-by: 'ST85J1T8QBRRF1E3X429R720WMMTGMTTBQ1ABDZT, game: u1, rebate: u2000, rebates: u45, reserved: u90000, who: 'ST1PXSHZJDK862PABE15F07WSECNNF5BGA66MTG52 } (xchess-core-v1:388)
{ by: 'ST83QXSNCG4JYJ83HK62MJQ4QK7XP0R5ZHXKW9TN, event: "sponsorship-settled", game: u1, released: u90000, who: 'ST1PXSHZJDK862PABE15F07WSECNNF5BGA66MTG52 } (xchess-core-v1:606)

stdout | tests/clarity/core.test.ts > settlement > pays no rebate after settlement
{ event: "game-opened", fee: u1000000, game: u1, height: u4, opened-by: 'ST85J1T8QBRRF1E3X429R720WMMTGMTTBQ1ABDZT, ranked: false, rules-hash: (some 0xabababababababababababababababababababababababababababababababab) } (xchess-core-v1:318)
{ bootstrap: u250000, event: "sponsorship-funded", expiry: u4324, funded-by: 'ST85J1T8QBRRF1E3X429R720WMMTGMTTBQ1ABDZT, game: u1, rebate: u2000, rebates: u45, reserved: u90000, who: 'ST1PXSHZJDK862PABE15F07WSECNNF5BGA66MTG52 } (xchess-core-v1:388)
{ by: 'ST83QXSNCG4JYJ83HK62MJQ4QK7XP0R5ZHXKW9TN, event: "sponsorship-settled", game: u1, released: u90000, who: 'ST1PXSHZJDK862PABE15F07WSECNNF5BGA66MTG52 } (xchess-core-v1:606)
{ event: "entry-submitted", game: u1, height: u4327, sender: 'ST1PXSHZJDK862PABE15F07WSECNNF5BGA66MTG52, seq: u0, value: "e2e4" } (xchess-core-v1:565)

stdout | tests/clarity/core.test.ts > the treasury > never lets the owner withdraw below what is owed
{ event: "game-opened", fee: u1000000, game: u1, height: u4, opened-by: 'ST85J1T8QBRRF1E3X429R720WMMTGMTTBQ1ABDZT, ranked: false, rules-hash: (some 0xabababababababababababababababababababababababababababababababab) } (xchess-core-v1:318)
{ bootstrap: u250000, event: "sponsorship-funded", expiry: u4324, funded-by: 'ST85J1T8QBRRF1E3X429R720WMMTGMTTBQ1ABDZT, game: u1, rebate: u2000, rebates: u45, reserved: u90000, who: 'ST1PXSHZJDK862PABE15F07WSECNNF5BGA66MTG52 } (xchess-core-v1:388)
{ amount: u1050000, by: 'ST2PZAQ88V19XWNZAVEGHKJ9MXECC9D73FCCKNB4Z, event: "withdrawn", to: 'ST2PZAQ88V19XWNZAVEGHKJ9MXECC9D73FCCKNB4Z } (xchess-core-v1:669)

stdout | tests/clarity/core.test.ts > the treasury > still pays the rebate after the treasury has been emptied
{ event: "game-opened", fee: u1000000, game: u1, height: u4, opened-by: 'ST85J1T8QBRRF1E3X429R720WMMTGMTTBQ1ABDZT, ranked: false, rules-hash: (some 0xabababababababababababababababababababababababababababababababab) } (xchess-core-v1:318)
{ bootstrap: u250000, event: "sponsorship-funded", expiry: u4324, funded-by: 'ST85J1T8QBRRF1E3X429R720WMMTGMTTBQ1ABDZT, game: u1, rebate: u2000, rebates: u45, reserved: u90000, who: 'ST1PXSHZJDK862PABE15F07WSECNNF5BGA66MTG52 } (xchess-core-v1:388)
{ amount: u1050000, by: 'ST2PZAQ88V19XWNZAVEGHKJ9MXECC9D73FCCKNB4Z, event: "withdrawn", to: 'ST2PZAQ88V19XWNZAVEGHKJ9MXECC9D73FCCKNB4Z } (xchess-core-v1:669)
{ event: "entry-submitted", game: u1, height: u6, sender: 'ST1PXSHZJDK862PABE15F07WSECNNF5BGA66MTG52, seq: u0, value: "e2e4" } (xchess-core-v1:565)
{ amount: u2000, event: "rebate-paid", game: u1, rebates-left: u44, who: 'ST1PXSHZJDK862PABE15F07WSECNNF5BGA66MTG52 } (xchess-core-v1:525)

stdout | tests/clarity/core.test.ts > the treasury > refuses a withdrawal from anybody but the owner
{ event: "game-opened", fee: u1000000, game: u1, height: u4, opened-by: 'ST85J1T8QBRRF1E3X429R720WMMTGMTTBQ1ABDZT, ranked: false, rules-hash: (some 0xabababababababababababababababababababababababababababababababab) } (xchess-core-v1:318)

stdout | tests/clarity/core.test.ts > ownership > holds every fee below a ceiling no owner can reach
{ by: 'ST2PZAQ88V19XWNZAVEGHKJ9MXECC9D73FCCKNB4Z, event: "open-fee-changed", fee: u10000000 } (xchess-core-v1:679)

stdout | tests/clarity/core.test.ts > ownership > allows a zero fee, which turns the charge off
{ by: 'ST2PZAQ88V19XWNZAVEGHKJ9MXECC9D73FCCKNB4Z, event: "open-fee-changed", fee: u0 } (xchess-core-v1:679)
{ event: "game-opened", fee: u0, game: u1, height: u5, opened-by: 'ST85J1T8QBRRF1E3X429R720WMMTGMTTBQ1ABDZT, ranked: false, rules-hash: (some 0xabababababababababababababababababababababababababababababababab) } (xchess-core-v1:318)

stdout | tests/clarity/core.test.ts > ownership > renounces permanently, freezing everything
{ by: 'ST2PZAQ88V19XWNZAVEGHKJ9MXECC9D73FCCKNB4Z, event: "ownership-transferred", renounced: true, to: none } (xchess-core-v1:740)

stdout | tests/clarity/core.test.ts > ownership > keeps settlement working after ownership is renounced
{ event: "game-opened", fee: u1000000, game: u1, height: u4, opened-by: 'ST85J1T8QBRRF1E3X429R720WMMTGMTTBQ1ABDZT, ranked: false, rules-hash: (some 0xabababababababababababababababababababababababababababababababab) } (xchess-core-v1:318)
{ bootstrap: u250000, event: "sponsorship-funded", expiry: u4324, funded-by: 'ST85J1T8QBRRF1E3X429R720WMMTGMTTBQ1ABDZT, game: u1, rebate: u2000, rebates: u45, reserved: u90000, who: 'ST1PXSHZJDK862PABE15F07WSECNNF5BGA66MTG52 } (xchess-core-v1:388)
{ by: 'ST2PZAQ88V19XWNZAVEGHKJ9MXECC9D73FCCKNB4Z, event: "ownership-transferred", renounced: true, to: none } (xchess-core-v1:740)
{ by: 'ST83QXSNCG4JYJ83HK62MJQ4QK7XP0R5ZHXKW9TN, event: "sponsorship-settled", game: u1, released: u90000, who: 'ST1PXSHZJDK862PABE15F07WSECNNF5BGA66MTG52 } (xchess-core-v1:606)

stdout | tests/clarity/core.test.ts > result hints > records a claim without validating it
{ event: "game-opened", fee: u1000000, game: u1, height: u4, opened-by: 'ST85J1T8QBRRF1E3X429R720WMMTGMTTBQ1ABDZT, ranked: false, rules-hash: (some 0xabababababababababababababababababababababababababababababababab) } (xchess-core-v1:318)
{ claimant: 'ST83QXSNCG4JYJ83HK62MJQ4QK7XP0R5ZHXKW9TN, event: "result-claimed", game: u1, result: "1-0", terminal-seq: u3 } (xchess-core-v1:644)

stdout | tests/clarity/core.test.ts > result hints > cannot be overwritten, so a hint cannot be used to hide a game
{ event: "game-opened", fee: u1000000, game: u1, height: u4, opened-by: 'ST85J1T8QBRRF1E3X429R720WMMTGMTTBQ1ABDZT, ranked: false, rules-hash: (some 0xabababababababababababababababababababababababababababababababab) } (xchess-core-v1:318)
{ claimant: 'ST83QXSNCG4JYJ83HK62MJQ4QK7XP0R5ZHXKW9TN, event: "result-claimed", game: u1, result: "1-0", terminal-seq: u3 } (xchess-core-v1:644)

stdout | tests/clarity/core.test.ts > what is absent > refuses a rebate above the ceiling the wallet layer mirrors
{ bootstrap: u60000, by: 'ST2PZAQ88V19XWNZAVEGHKJ9MXECC9D73FCCKNB4Z, count: u1, event: "sponsorship-changed", margin: u50000, rebate: u100000 } (xchess-core-v1:704)

 ✓ tests/clarity/core.test.ts (48 tests) 1121ms
stdout | tests/sponsorship/zero-stx.test.ts > a wallet holding exactly nothing > is funded by the creator's single transaction, with no server involved
{ event: "game-opened", fee: u1000000, game: u1, height: u4, opened-by: 'ST85J1T8QBRRF1E3X429R720WMMTGMTTBQ1ABDZT, ranked: false, rules-hash: (some 0xabababababababababababababababababababababababababababababababab) } (xchess-core-v1:318)
{ bootstrap: u250000, event: "sponsorship-funded", expiry: u4324, funded-by: 'ST85J1T8QBRRF1E3X429R720WMMTGMTTBQ1ABDZT, game: u1, rebate: u2000, rebates: u45, reserved: u90000, who: 'ST3TRY6QNMZ18FD96BJHEG4KTWVF7AN5PAKDMRRFP } (xchess-core-v1:388)

stdout | tests/sponsorship/zero-stx.test.ts > a wallet holding exactly nothing > can then play, and is topped up by the contract as it goes
{ event: "game-opened", fee: u1000000, game: u1, height: u4, opened-by: 'ST85J1T8QBRRF1E3X429R720WMMTGMTTBQ1ABDZT, ranked: false, rules-hash: (some 0xabababababababababababababababababababababababababababababababab) } (xchess-core-v1:318)
{ bootstrap: u250000, event: "sponsorship-funded", expiry: u4324, funded-by: 'ST85J1T8QBRRF1E3X429R720WMMTGMTTBQ1ABDZT, game: u1, rebate: u2000, rebates: u45, reserved: u90000, who: 'ST3TRY6QNMZ18FD96BJHEG4KTWVF7AN5PAKDMRRFP } (xchess-core-v1:388)
{ event: "entry-submitted", game: u1, height: u6, sender: 'ST3TRY6QNMZ18FD96BJHEG4KTWVF7AN5PAKDMRRFP, seq: u0, value: "e2e4" } (xchess-core-v1:565)
{ amount: u2000, event: "rebate-paid", game: u1, rebates-left: u44, who: 'ST3TRY6QNMZ18FD96BJHEG4KTWVF7AN5PAKDMRRFP } (xchess-core-v1:525)
{ event: "entry-submitted", game: u1, height: u8, sender: 'ST3TRY6QNMZ18FD96BJHEG4KTWVF7AN5PAKDMRRFP, seq: u1, value: "e2e4" } (xchess-core-v1:565)
{ amount: u2000, event: "rebate-paid", game: u1, rebates-left: u43, who: 'ST3TRY6QNMZ18FD96BJHEG4KTWVF7AN5PAKDMRRFP } (xchess-core-v1:525)
{ event: "entry-submitted", game: u1, height: u10, sender: 'ST3TRY6QNMZ18FD96BJHEG4KTWVF7AN5PAKDMRRFP, seq: u2, value: "e2e4" } (xchess-core-v1:565)
{ amount: u2000, event: "rebate-paid", game: u1, rebates-left: u42, who: 'ST3TRY6QNMZ18FD96BJHEG4KTWVF7AN5PAKDMRRFP } (xchess-core-v1:525)
{ event: "entry-submitted", game: u1, height: u12, sender: 'ST3TRY6QNMZ18FD96BJHEG4KTWVF7AN5PAKDMRRFP, seq: u3, value: "e2e4" } (xchess-core-v1:565)
{ amount: u2000, event: "rebate-paid", game: u1, rebates-left: u41, who: 'ST3TRY6QNMZ18FD96BJHEG4KTWVF7AN5PAKDMRRFP } (xchess-core-v1:525)
{ event: "entry-submitted", game: u1, height: u14, sender: 'ST3TRY6QNMZ18FD96BJHEG4KTWVF7AN5PAKDMRRFP, seq: u4, value: "e2e4" } (xchess-core-v1:565)
{ amount: u2000, event: "rebate-paid", game: u1, rebates-left: u40, who: 'ST3TRY6QNMZ18FD96BJHEG4KTWVF7AN5PAKDMRRFP } (xchess-core-v1:525)
{ event: "entry-submitted", game: u1, height: u16, sender: 'ST3TRY6QNMZ18FD96BJHEG4KTWVF7AN5PAKDMRRFP, seq: u5, value: "e2e4" } (xchess-core-v1:565)
{ amount: u2000, event: "rebate-paid", game: u1, rebates-left: u39, who: 'ST3TRY6QNMZ18FD96BJHEG4KTWVF7AN5PAKDMRRFP } (xchess-core-v1:525)
{ event: "entry-submitted", game: u1, height: u18, sender: 'ST3TRY6QNMZ18FD96BJHEG4KTWVF7AN5PAKDMRRFP, seq: u6, value: "e2e4" } (xchess-core-v1:565)
{ amount: u2000, event: "rebate-paid", game: u1, rebates-left: u38, who: 'ST3TRY6QNMZ18FD96BJHEG4KTWVF7AN5PAKDMRRFP } (xchess-core-v1:525)
{ event: "entry-submitted", game: u1, height: u20, sender: 'ST3TRY6QNMZ18FD96BJHEG4KTWVF7AN5PAKDMRRFP, seq: u7, value: "e2e4" } (xchess-core-v1:565)
{ amount: u2000, event: "rebate-paid", game: u1, rebates-left: u37, who: 'ST3TRY6QNMZ18FD96BJHEG4KTWVF7AN5PAKDMRRFP } (xchess-core-v1:525)
{ event: "entry-submitted", game: u1, height: u22, sender: 'ST3TRY6QNMZ18FD96BJHEG4KTWVF7AN5PAKDMRRFP, seq: u8, value: "e2e4" } (xchess-core-v1:565)
{ amount: u2000, event: "rebate-paid", game: u1, rebates-left: u36, who: 'ST3TRY6QNMZ18FD96BJHEG4KTWVF7AN5PAKDMRRFP } (xchess-core-v1:525)
{ event: "entry-submitted", game: u1, height: u24, sender: 'ST3TRY6QNMZ18FD96BJHEG4KTWVF7AN5PAKDMRRFP, seq: u9, value: "e2e4" } (xchess-core-v1:565)
{ amount: u2000, event: "rebate-paid", game: u1, rebates-left: u35, who: 'ST3TRY6QNMZ18FD96BJHEG4KTWVF7AN5PAKDMRRFP } (xchess-core-v1:525)
{ event: "entry-submitted", game: u1, height: u26, sender: 'ST3TRY6QNMZ18FD96BJHEG4KTWVF7AN5PAKDMRRFP, seq: u10, value: "e2e4" } (xchess-core-v1:565)
{ amount: u2000, event: "rebate-paid", game: u1, rebates-left: u34, who: 'ST3TRY6QNMZ18FD96BJHEG4KTWVF7AN5PAKDMRRFP } (xchess-core-v1:525)
{ event: "entry-submitted", game: u1, height: u28, sender: 'ST3TRY6QNMZ18FD96BJHEG4KTWVF7AN5PAKDMRRFP, seq: u11, value: "e2e4" } (xchess-core-v1:565)
{ amount: u2000, event: "rebate-paid", game: u1, rebates-left: u33, who: 'ST3TRY6QNMZ18FD96BJHEG4KTWVF7AN5PAKDMRRFP } (xchess-core-v1:525)
{ event: "entry-submitted", game: u1, height: u30, sender: 'ST3TRY6QNMZ18FD96BJHEG4KTWVF7AN5PAKDMRRFP, seq: u12, value: "e2e4" } (xchess-core-v1:565)
{ amount: u2000, event: "rebate-paid", game: u1, rebates-left: u32, who: 'ST3TRY6QNMZ18FD96BJHEG4KTWVF7AN5PAKDMRRFP } (xchess-core-v1:525)
{ event: "entry-submitted", game: u1, height: u32, sender: 'ST3TRY6QNMZ18FD96BJHEG4KTWVF7AN5PAKDMRRFP, seq: u13, value: "e2e4" } (xchess-core-v1:565)
{ amount: u2000, event: "rebate-paid", game: u1, rebates-left: u31, who: 'ST3TRY6QNMZ18FD96BJHEG4KTWVF7AN5PAKDMRRFP } (xchess-core-v1:525)
{ event: "entry-submitted", game: u1, height: u34, sender: 'ST3TRY6QNMZ18FD96BJHEG4KTWVF7AN5PAKDMRRFP, seq: u14, value: "e2e4" } (xchess-core-v1:565)
{ amount: u2000, event: "rebate-paid", game: u1, rebates-left: u30, who: 'ST3TRY6QNMZ18FD96BJHEG4KTWVF7AN5PAKDMRRFP } (xchess-core-v1:525)
{ event: "entry-submitted", game: u1, height: u36, sender: 'ST3TRY6QNMZ18FD96BJHEG4KTWVF7AN5PAKDMRRFP, seq: u15, value: "e2e4" } (xchess-core-v1:565)
{ amount: u2000, event: "rebate-paid", game: u1, rebates-left: u29, who: 'ST3TRY6QNMZ18FD96BJHEG4KTWVF7AN5PAKDMRRFP } (xchess-core-v1:525)
{ event: "entry-submitted", game: u1, height: u38, sender: 'ST3TRY6QNMZ18FD96BJHEG4KTWVF7AN5PAKDMRRFP, seq: u16, value: "e2e4" } (xchess-core-v1:565)
{ amount: u2000, event: "rebate-paid", game: u1, rebates-left: u28, who: 'ST3TRY6QNMZ18FD96BJHEG4KTWVF7AN5PAKDMRRFP } (xchess-core-v1:525)
{ event: "entry-submitted", game: u1, height: u40, sender: 'ST3TRY6QNMZ18FD96BJHEG4KTWVF7AN5PAKDMRRFP, seq: u17, value: "e2e4" } (xchess-core-v1:565)
{ amount: u2000, event: "rebate-paid", game: u1, rebates-left: u27, who: 'ST3TRY6QNMZ18FD96BJHEG4KTWVF7AN5PAKDMRRFP } (xchess-core-v1:525)
{ event: "entry-submitted", game: u1, height: u42, sender: 'ST3TRY6QNMZ18FD96BJHEG4KTWVF7AN5PAKDMRRFP, seq: u18, value: "e2e4" } (xchess-core-v1:565)
{ amount: u2000, event: "rebate-paid", game: u1, rebates-left: u26, who: 'ST3TRY6QNMZ18FD96BJHEG4KTWVF7AN5PAKDMRRFP } (xchess-core-v1:525)
{ event: "entry-submitted", game: u1, height: u44, sender: 'ST3TRY6QNMZ18FD96BJHEG4KTWVF7AN5PAKDMRRFP, seq: u19, value: "e2e4" } (xchess-core-v1:565)
{ amount: u2000, event: "rebate-paid", game: u1, rebates-left: u25, who: 'ST3TRY6QNMZ18FD96BJHEG4KTWVF7AN5PAKDMRRFP } (xchess-core-v1:525)
{ event: "entry-submitted", game: u1, height: u46, sender: 'ST3TRY6QNMZ18FD96BJHEG4KTWVF7AN5PAKDMRRFP, seq: u20, value: "e2e4" } (xchess-core-v1:565)
{ amount: u2000, event: "rebate-paid", game: u1, rebates-left: u24, who: 'ST3TRY6QNMZ18FD96BJHEG4KTWVF7AN5PAKDMRRFP } (xchess-core-v1:525)
{ event: "entry-submitted", game: u1, height: u48, sender: 'ST3TRY6QNMZ18FD96BJHEG4KTWVF7AN5PAKDMRRFP, seq: u21, value: "e2e4" } (xchess-core-v1:565)
{ amount: u2000, event: "rebate-paid", game: u1, rebates-left: u23, who: 'ST3TRY6QNMZ18FD96BJHEG4KTWVF7AN5PAKDMRRFP } (xchess-core-v1:525)
{ event: "entry-submitted", game: u1, height: u50, sender: 'ST3TRY6QNMZ18FD96BJHEG4KTWVF7AN5PAKDMRRFP, seq: u22, value: "e2e4" } (xchess-core-v1:565)
{ amount: u2000, event: "rebate-paid", game: u1, rebates-left: u22, who: 'ST3TRY6QNMZ18FD96BJHEG4KTWVF7AN5PAKDMRRFP } (xchess-core-v1:525)
{ event: "entry-submitted", game: u1, height: u52, sender: 'ST3TRY6QNMZ18FD96BJHEG4KTWVF7AN5PAKDMRRFP, seq: u23, value: "e2e4" } (xchess-core-v1:565)
{ amount: u2000, event: "rebate-paid", game: u1, rebates-left: u21, who: 'ST3TRY6QNMZ18FD96BJHEG4KTWVF7AN5PAKDMRRFP } (xchess-core-v1:525)
{ event: "entry-submitted", game: u1, height: u54, sender: 'ST3TRY6QNMZ18FD96BJHEG4KTWVF7AN5PAKDMRRFP, seq: u24, value: "e2e4" } (xchess-core-v1:565)
{ amount: u2000, event: "rebate-paid", game: u1, rebates-left: u20, who: 'ST3TRY6QNMZ18FD96BJHEG4KTWVF7AN5PAKDMRRFP } (xchess-core-v1:525)
{ event: "entry-submitted", game: u1, height: u56, sender: 'ST3TRY6QNMZ18FD96BJHEG4KTWVF7AN5PAKDMRRFP, seq: u25, value: "e2e4" } (xchess-core-v1:565)
{ amount: u2000, event: "rebate-paid", game: u1, rebates-left: u19, who: 'ST3TRY6QNMZ18FD96BJHEG4KTWVF7AN5PAKDMRRFP } (xchess-core-v1:525)
{ event: "entry-submitted", game: u1, height: u58, sender: 'ST3TRY6QNMZ18FD96BJHEG4KTWVF7AN5PAKDMRRFP, seq: u26, value: "e2e4" } (xchess-core-v1:565)
{ amount: u2000, event: "rebate-paid", game: u1, rebates-left: u18, who: 'ST3TRY6QNMZ18FD96BJHEG4KTWVF7AN5PAKDMRRFP } (xchess-core-v1:525)
{ event: "entry-submitted", game: u1, height: u60, sender: 'ST3TRY6QNMZ18FD96BJHEG4KTWVF7AN5PAKDMRRFP, seq: u27, value: "e2e4" } (xchess-core-v1:565)
{ amount: u2000, event: "rebate-paid", game: u1, rebates-left: u17, who: 'ST3TRY6QNMZ18FD96BJHEG4KTWVF7AN5PAKDMRRFP } (xchess-core-v1:525)
{ event: "entry-submitted", game: u1, height: u62, sender: 'ST3TRY6QNMZ18FD96BJHEG4KTWVF7AN5PAKDMRRFP, seq: u28, value: "e2e4" } (xchess-core-v1:565)
{ amount: u2000, event: "rebate-paid", game: u1, rebates-left: u16, who: 'ST3TRY6QNMZ18FD96BJHEG4KTWVF7AN5PAKDMRRFP } (xchess-core-v1:525)
{ event: "entry-submitted", game: u1, height: u64, sender: 'ST3TRY6QNMZ18FD96BJHEG4KTWVF7AN5PAKDMRRFP, seq: u29, value: "e2e4" } (xchess-core-v1:565)
{ amount: u2000, event: "rebate-paid", game: u1, rebates-left: u15, who: 'ST3TRY6QNMZ18FD96BJHEG4KTWVF7AN5PAKDMRRFP } (xchess-core-v1:525)
{ event: "entry-submitted", game: u1, height: u66, sender: 'ST3TRY6QNMZ18FD96BJHEG4KTWVF7AN5PAKDMRRFP, seq: u30, value: "e2e4" } (xchess-core-v1:565)
{ amount: u2000, event: "rebate-paid", game: u1, rebates-left: u14, who: 'ST3TRY6QNMZ18FD96BJHEG4KTWVF7AN5PAKDMRRFP } (xchess-core-v1:525)
{ event: "entry-submitted", game: u1, height: u68, sender: 'ST3TRY6QNMZ18FD96BJHEG4KTWVF7AN5PAKDMRRFP, seq: u31, value: "e2e4" } (xchess-core-v1:565)
{ amount: u2000, event: "rebate-paid", game: u1, rebates-left: u13, who: 'ST3TRY6QNMZ18FD96BJHEG4KTWVF7AN5PAKDMRRFP } (xchess-core-v1:525)
{ event: "entry-submitted", game: u1, height: u70, sender: 'ST3TRY6QNMZ18FD96BJHEG4KTWVF7AN5PAKDMRRFP, seq: u32, value: "e2e4" } (xchess-core-v1:565)
{ amount: u2000, event: "rebate-paid", game: u1, rebates-left: u12, who: 'ST3TRY6QNMZ18FD96BJHEG4KTWVF7AN5PAKDMRRFP } (xchess-core-v1:525)
{ event: "entry-submitted", game: u1, height: u72, sender: 'ST3TRY6QNMZ18FD96BJHEG4KTWVF7AN5PAKDMRRFP, seq: u33, value: "e2e4" } (xchess-core-v1:565)
{ amount: u2000, event: "rebate-paid", game: u1, rebates-left: u11, who: 'ST3TRY6QNMZ18FD96BJHEG4KTWVF7AN5PAKDMRRFP } (xchess-core-v1:525)
{ event: "entry-submitted", game: u1, height: u74, sender: 'ST3TRY6QNMZ18FD96BJHEG4KTWVF7AN5PAKDMRRFP, seq: u34, value: "e2e4" } (xchess-core-v1:565)
{ amount: u2000, event: "rebate-paid", game: u1, rebates-left: u10, who: 'ST3TRY6QNMZ18FD96BJHEG4KTWVF7AN5PAKDMRRFP } (xchess-core-v1:525)
{ event: "entry-submitted", game: u1, height: u76, sender: 'ST3TRY6QNMZ18FD96BJHEG4KTWVF7AN5PAKDMRRFP, seq: u35, value: "e2e4" } (xchess-core-v1:565)
{ amount: u2000, event: "rebate-paid", game: u1, rebates-left: u9, who: 'ST3TRY6QNMZ18FD96BJHEG4KTWVF7AN5PAKDMRRFP } (xchess-core-v1:525)
{ event: "entry-submitted", game: u1, height: u78, sender: 'ST3TRY6QNMZ18FD96BJHEG4KTWVF7AN5PAKDMRRFP, seq: u36, value: "e2e4" } (xchess-core-v1:565)
{ amount: u2000, event: "rebate-paid", game: u1, rebates-left: u8, who: 'ST3TRY6QNMZ18FD96BJHEG4KTWVF7AN5PAKDMRRFP } (xchess-core-v1:525)
{ event: "entry-submitted", game: u1, height: u80, sender: 'ST3TRY6QNMZ18FD96BJHEG4KTWVF7AN5PAKDMRRFP, seq: u37, value: "e2e4" } (xchess-core-v1:565)
{ amount: u2000, event: "rebate-paid", game: u1, rebates-left: u7, who: 'ST3TRY6QNMZ18FD96BJHEG4KTWVF7AN5PAKDMRRFP } (xchess-core-v1:525)
{ event: "entry-submitted", game: u1, height: u82, sender: 'ST3TRY6QNMZ18FD96BJHEG4KTWVF7AN5PAKDMRRFP, seq: u38, value: "e2e4" } (xchess-core-v1:565)
{ amount: u2000, event: "rebate-paid", game: u1, rebates-left: u6, who: 'ST3TRY6QNMZ18FD96BJHEG4KTWVF7AN5PAKDMRRFP } (xchess-core-v1:525)
{ event: "entry-submitted", game: u1, height: u84, sender: 'ST3TRY6QNMZ18FD96BJHEG4KTWVF7AN5PAKDMRRFP, seq: u39, value: "e2e4" } (xchess-core-v1:565)
{ amount: u2000, event: "rebate-paid", game: u1, rebates-left: u5, who: 'ST3TRY6QNMZ18FD96BJHEG4KTWVF7AN5PAKDMRRFP } (xchess-core-v1:525)

stdout | tests/sponsorship/zero-stx.test.ts > a wallet holding exactly nothing > is never stranded mid-game by the sponsorship running out
{ event: "game-opened", fee: u1000000, game: u1, height: u4, opened-by: 'ST85J1T8QBRRF1E3X429R720WMMTGMTTBQ1ABDZT, ranked: false, rules-hash: (some 0xabababababababababababababababababababababababababababababababab) } (xchess-core-v1:318)
{ bootstrap: u250000, event: "sponsorship-funded", expiry: u4324, funded-by: 'ST85J1T8QBRRF1E3X429R720WMMTGMTTBQ1ABDZT, game: u1, rebate: u2000, rebates: u45, reserved: u90000, who: 'ST3TRY6QNMZ18FD96BJHEG4KTWVF7AN5PAKDMRRFP } (xchess-core-v1:388)
{ event: "entry-submitted", game: u1, height: u6, sender: 'ST3TRY6QNMZ18FD96BJHEG4KTWVF7AN5PAKDMRRFP, seq: u0, value: "e2e4" } (xchess-core-v1:565)
{ amount: u2000, event: "rebate-paid", game: u1, rebates-left: u44, who: 'ST3TRY6QNMZ18FD96BJHEG4KTWVF7AN5PAKDMRRFP } (xchess-core-v1:525)
{ event: "entry-submitted", game: u1, height: u8, sender: 'ST3TRY6QNMZ18FD96BJHEG4KTWVF7AN5PAKDMRRFP, seq: u1, value: "e2e4" } (xchess-core-v1:565)
{ amount: u2000, event: "rebate-paid", game: u1, rebates-left: u43, who: 'ST3TRY6QNMZ18FD96BJHEG4KTWVF7AN5PAKDMRRFP } (xchess-core-v1:525)
{ event: "entry-submitted", game: u1, height: u10, sender: 'ST3TRY6QNMZ18FD96BJHEG4KTWVF7AN5PAKDMRRFP, seq: u2, value: "e2e4" } (xchess-core-v1:565)
{ amount: u2000, event: "rebate-paid", game: u1, rebates-left: u42, who: 'ST3TRY6QNMZ18FD96BJHEG4KTWVF7AN5PAKDMRRFP } (xchess-core-v1:525)
{ event: "entry-submitted", game: u1, height: u12, sender: 'ST3TRY6QNMZ18FD96BJHEG4KTWVF7AN5PAKDMRRFP, seq: u3, value: "e2e4" } (xchess-core-v1:565)
{ amount: u2000, event: "rebate-paid", game: u1, rebates-left: u41, who: 'ST3TRY6QNMZ18FD96BJHEG4KTWVF7AN5PAKDMRRFP } (xchess-core-v1:525)
{ event: "entry-submitted", game: u1, height: u14, sender: 'ST3TRY6QNMZ18FD96BJHEG4KTWVF7AN5PAKDMRRFP, seq: u4, value: "e2e4" } (xchess-core-v1:565)
{ amount: u2000, event: "rebate-paid", game: u1, rebates-left: u40, who: 'ST3TRY6QNMZ18FD96BJHEG4KTWVF7AN5PAKDMRRFP } (xchess-core-v1:525)
{ event: "entry-submitted", game: u1, height: u16, sender: 'ST3TRY6QNMZ18FD96BJHEG4KTWVF7AN5PAKDMRRFP, seq: u5, value: "e2e4" } (xchess-core-v1:565)
{ amount: u2000, event: "rebate-paid", game: u1, rebates-left: u39, who: 'ST3TRY6QNMZ18FD96BJHEG4KTWVF7AN5PAKDMRRFP } (xchess-core-v1:525)
{ event: "entry-submitted", game: u1, height: u18, sender: 'ST3TRY6QNMZ18FD96BJHEG4KTWVF7AN5PAKDMRRFP, seq: u6, value: "e2e4" } (xchess-core-v1:565)
{ amount: u2000, event: "rebate-paid", game: u1, rebates-left: u38, who: 'ST3TRY6QNMZ18FD96BJHEG4KTWVF7AN5PAKDMRRFP } (xchess-core-v1:525)
{ event: "entry-submitted", game: u1, height: u20, sender: 'ST3TRY6QNMZ18FD96BJHEG4KTWVF7AN5PAKDMRRFP, seq: u7, value: "e2e4" } (xchess-core-v1:565)
{ amount: u2000, event: "rebate-paid", game: u1, rebates-left: u37, who: 'ST3TRY6QNMZ18FD96BJHEG4KTWVF7AN5PAKDMRRFP } (xchess-core-v1:525)
{ event: "entry-submitted", game: u1, height: u22, sender: 'ST3TRY6QNMZ18FD96BJHEG4KTWVF7AN5PAKDMRRFP, seq: u8, value: "e2e4" } (xchess-core-v1:565)
{ amount: u2000, event: "rebate-paid", game: u1, rebates-left: u36, who: 'ST3TRY6QNMZ18FD96BJHEG4KTWVF7AN5PAKDMRRFP } (xchess-core-v1:525)
{ event: "entry-submitted", game: u1, height: u24, sender: 'ST3TRY6QNMZ18FD96BJHEG4KTWVF7AN5PAKDMRRFP, seq: u9, value: "e2e4" } (xchess-core-v1:565)
{ amount: u2000, event: "rebate-paid", game: u1, rebates-left: u35, who: 'ST3TRY6QNMZ18FD96BJHEG4KTWVF7AN5PAKDMRRFP } (xchess-core-v1:525)
{ event: "entry-submitted", game: u1, height: u26, sender: 'ST3TRY6QNMZ18FD96BJHEG4KTWVF7AN5PAKDMRRFP, seq: u10, value: "e2e4" } (xchess-core-v1:565)
{ amount: u2000, event: "rebate-paid", game: u1, rebates-left: u34, who: 'ST3TRY6QNMZ18FD96BJHEG4KTWVF7AN5PAKDMRRFP } (xchess-core-v1:525)
{ event: "entry-submitted", game: u1, height: u28, sender: 'ST3TRY6QNMZ18FD96BJHEG4KTWVF7AN5PAKDMRRFP, seq: u11, value: "e2e4" } (xchess-core-v1:565)
{ amount: u2000, event: "rebate-paid", game: u1, rebates-left: u33, who: 'ST3TRY6QNMZ18FD96BJHEG4KTWVF7AN5PAKDMRRFP } (xchess-core-v1:525)
{ event: "entry-submitted", game: u1, height: u30, sender: 'ST3TRY6QNMZ18FD96BJHEG4KTWVF7AN5PAKDMRRFP, seq: u12, value: "e2e4" } (xchess-core-v1:565)
{ amount: u2000, event: "rebate-paid", game: u1, rebates-left: u32, who: 'ST3TRY6QNMZ18FD96BJHEG4KTWVF7AN5PAKDMRRFP } (xchess-core-v1:525)
{ event: "entry-submitted", game: u1, height: u32, sender: 'ST3TRY6QNMZ18FD96BJHEG4KTWVF7AN5PAKDMRRFP, seq: u13, value: "e2e4" } (xchess-core-v1:565)
{ amount: u2000, event: "rebate-paid", game: u1, rebates-left: u31, who: 'ST3TRY6QNMZ18FD96BJHEG4KTWVF7AN5PAKDMRRFP } (xchess-core-v1:525)
{ event: "entry-submitted", game: u1, height: u34, sender: 'ST3TRY6QNMZ18FD96BJHEG4KTWVF7AN5PAKDMRRFP, seq: u14, value: "e2e4" } (xchess-core-v1:565)
{ amount: u2000, event: "rebate-paid", game: u1, rebates-left: u30, who: 'ST3TRY6QNMZ18FD96BJHEG4KTWVF7AN5PAKDMRRFP } (xchess-core-v1:525)
{ event: "entry-submitted", game: u1, height: u36, sender: 'ST3TRY6QNMZ18FD96BJHEG4KTWVF7AN5PAKDMRRFP, seq: u15, value: "e2e4" } (xchess-core-v1:565)
{ amount: u2000, event: "rebate-paid", game: u1, rebates-left: u29, who: 'ST3TRY6QNMZ18FD96BJHEG4KTWVF7AN5PAKDMRRFP } (xchess-core-v1:525)
{ event: "entry-submitted", game: u1, height: u38, sender: 'ST3TRY6QNMZ18FD96BJHEG4KTWVF7AN5PAKDMRRFP, seq: u16, value: "e2e4" } (xchess-core-v1:565)
{ amount: u2000, event: "rebate-paid", game: u1, rebates-left: u28, who: 'ST3TRY6QNMZ18FD96BJHEG4KTWVF7AN5PAKDMRRFP } (xchess-core-v1:525)
{ event: "entry-submitted", game: u1, height: u40, sender: 'ST3TRY6QNMZ18FD96BJHEG4KTWVF7AN5PAKDMRRFP, seq: u17, value: "e2e4" } (xchess-core-v1:565)
{ amount: u2000, event: "rebate-paid", game: u1, rebates-left: u27, who: 'ST3TRY6QNMZ18FD96BJHEG4KTWVF7AN5PAKDMRRFP } (xchess-core-v1:525)
{ event: "entry-submitted", game: u1, height: u42, sender: 'ST3TRY6QNMZ18FD96BJHEG4KTWVF7AN5PAKDMRRFP, seq: u18, value: "e2e4" } (xchess-core-v1:565)
{ amount: u2000, event: "rebate-paid", game: u1, rebates-left: u26, who: 'ST3TRY6QNMZ18FD96BJHEG4KTWVF7AN5PAKDMRRFP } (xchess-core-v1:525)
{ event: "entry-submitted", game: u1, height: u44, sender: 'ST3TRY6QNMZ18FD96BJHEG4KTWVF7AN5PAKDMRRFP, seq: u19, value: "e2e4" } (xchess-core-v1:565)
{ amount: u2000, event: "rebate-paid", game: u1, rebates-left: u25, who: 'ST3TRY6QNMZ18FD96BJHEG4KTWVF7AN5PAKDMRRFP } (xchess-core-v1:525)
{ event: "entry-submitted", game: u1, height: u46, sender: 'ST3TRY6QNMZ18FD96BJHEG4KTWVF7AN5PAKDMRRFP, seq: u20, value: "e2e4" } (xchess-core-v1:565)
{ amount: u2000, event: "rebate-paid", game: u1, rebates-left: u24, who: 'ST3TRY6QNMZ18FD96BJHEG4KTWVF7AN5PAKDMRRFP } (xchess-core-v1:525)
{ event: "entry-submitted", game: u1, height: u48, sender: 'ST3TRY6QNMZ18FD96BJHEG4KTWVF7AN5PAKDMRRFP, seq: u21, value: "e2e4" } (xchess-core-v1:565)
{ amount: u2000, event: "rebate-paid", game: u1, rebates-left: u23, who: 'ST3TRY6QNMZ18FD96BJHEG4KTWVF7AN5PAKDMRRFP } (xchess-core-v1:525)
{ event: "entry-submitted", game: u1, height: u50, sender: 'ST3TRY6QNMZ18FD96BJHEG4KTWVF7AN5PAKDMRRFP, seq: u22, value: "e2e4" } (xchess-core-v1:565)
{ amount: u2000, event: "rebate-paid", game: u1, rebates-left: u22, who: 'ST3TRY6QNMZ18FD96BJHEG4KTWVF7AN5PAKDMRRFP } (xchess-core-v1:525)
{ event: "entry-submitted", game: u1, height: u52, sender: 'ST3TRY6QNMZ18FD96BJHEG4KTWVF7AN5PAKDMRRFP, seq: u23, value: "e2e4" } (xchess-core-v1:565)
{ amount: u2000, event: "rebate-paid", game: u1, rebates-left: u21, who: 'ST3TRY6QNMZ18FD96BJHEG4KTWVF7AN5PAKDMRRFP } (xchess-core-v1:525)
{ event: "entry-submitted", game: u1, height: u54, sender: 'ST3TRY6QNMZ18FD96BJHEG4KTWVF7AN5PAKDMRRFP, seq: u24, value: "e2e4" } (xchess-core-v1:565)
{ amount: u2000, event: "rebate-paid", game: u1, rebates-left: u20, who: 'ST3TRY6QNMZ18FD96BJHEG4KTWVF7AN5PAKDMRRFP } (xchess-core-v1:525)
{ event: "entry-submitted", game: u1, height: u56, sender: 'ST3TRY6QNMZ18FD96BJHEG4KTWVF7AN5PAKDMRRFP, seq: u25, value: "e2e4" } (xchess-core-v1:565)
{ amount: u2000, event: "rebate-paid", game: u1, rebates-left: u19, who: 'ST3TRY6QNMZ18FD96BJHEG4KTWVF7AN5PAKDMRRFP } (xchess-core-v1:525)
{ event: "entry-submitted", game: u1, height: u58, sender: 'ST3TRY6QNMZ18FD96BJHEG4KTWVF7AN5PAKDMRRFP, seq: u26, value: "e2e4" } (xchess-core-v1:565)
{ amount: u2000, event: "rebate-paid", game: u1, rebates-left: u18, who: 'ST3TRY6QNMZ18FD96BJHEG4KTWVF7AN5PAKDMRRFP } (xchess-core-v1:525)
{ event: "entry-submitted", game: u1, height: u60, sender: 'ST3TRY6QNMZ18FD96BJHEG4KTWVF7AN5PAKDMRRFP, seq: u27, value: "e2e4" } (xchess-core-v1:565)
{ amount: u2000, event: "rebate-paid", game: u1, rebates-left: u17, who: 'ST3TRY6QNMZ18FD96BJHEG4KTWVF7AN5PAKDMRRFP } (xchess-core-v1:525)
{ event: "entry-submitted", game: u1, height: u62, sender: 'ST3TRY6QNMZ18FD96BJHEG4KTWVF7AN5PAKDMRRFP, seq: u28, value: "e2e4" } (xchess-core-v1:565)
{ amount: u2000, event: "rebate-paid", game: u1, rebates-left: u16, who: 'ST3TRY6QNMZ18FD96BJHEG4KTWVF7AN5PAKDMRRFP } (xchess-core-v1:525)
{ event: "entry-submitted", game: u1, height: u64, sender: 'ST3TRY6QNMZ18FD96BJHEG4KTWVF7AN5PAKDMRRFP, seq: u29, value: "e2e4" } (xchess-core-v1:565)
{ amount: u2000, event: "rebate-paid", game: u1, rebates-left: u15, who: 'ST3TRY6QNMZ18FD96BJHEG4KTWVF7AN5PAKDMRRFP } (xchess-core-v1:525)
{ event: "entry-submitted", game: u1, height: u66, sender: 'ST3TRY6QNMZ18FD96BJHEG4KTWVF7AN5PAKDMRRFP, seq: u30, value: "e2e4" } (xchess-core-v1:565)
{ amount: u2000, event: "rebate-paid", game: u1, rebates-left: u14, who: 'ST3TRY6QNMZ18FD96BJHEG4KTWVF7AN5PAKDMRRFP } (xchess-core-v1:525)
{ event: "entry-submitted", game: u1, height: u68, sender: 'ST3TRY6QNMZ18FD96BJHEG4KTWVF7AN5PAKDMRRFP, seq: u31, value: "e2e4" } (xchess-core-v1:565)
{ amount: u2000, event: "rebate-paid", game: u1, rebates-left: u13, who: 'ST3TRY6QNMZ18FD96BJHEG4KTWVF7AN5PAKDMRRFP } (xchess-core-v1:525)
{ event: "entry-submitted", game: u1, height: u70, sender: 'ST3TRY6QNMZ18FD96BJHEG4KTWVF7AN5PAKDMRRFP, seq: u32, value: "e2e4" } (xchess-core-v1:565)
{ amount: u2000, event: "rebate-paid", game: u1, rebates-left: u12, who: 'ST3TRY6QNMZ18FD96BJHEG4KTWVF7AN5PAKDMRRFP } (xchess-core-v1:525)
{ event: "entry-submitted", game: u1, height: u72, sender: 'ST3TRY6QNMZ18FD96BJHEG4KTWVF7AN5PAKDMRRFP, seq: u33, value: "e2e4" } (xchess-core-v1:565)
{ amount: u2000, event: "rebate-paid", game: u1, rebates-left: u11, who: 'ST3TRY6QNMZ18FD96BJHEG4KTWVF7AN5PAKDMRRFP } (xchess-core-v1:525)
{ event: "entry-submitted", game: u1, height: u74, sender: 'ST3TRY6QNMZ18FD96BJHEG4KTWVF7AN5PAKDMRRFP, seq: u34, value: "e2e4" } (xchess-core-v1:565)
{ amount: u2000, event: "rebate-paid", game: u1, rebates-left: u10, who: 'ST3TRY6QNMZ18FD96BJHEG4KTWVF7AN5PAKDMRRFP } (xchess-core-v1:525)
{ event: "entry-submitted", game: u1, height: u76, sender: 'ST3TRY6QNMZ18FD96BJHEG4KTWVF7AN5PAKDMRRFP, seq: u35, value: "e2e4" } (xchess-core-v1:565)
{ amount: u2000, event: "rebate-paid", game: u1, rebates-left: u9, who: 'ST3TRY6QNMZ18FD96BJHEG4KTWVF7AN5PAKDMRRFP } (xchess-core-v1:525)
{ event: "entry-submitted", game: u1, height: u78, sender: 'ST3TRY6QNMZ18FD96BJHEG4KTWVF7AN5PAKDMRRFP, seq: u36, value: "e2e4" } (xchess-core-v1:565)
{ amount: u2000, event: "rebate-paid", game: u1, rebates-left: u8, who: 'ST3TRY6QNMZ18FD96BJHEG4KTWVF7AN5PAKDMRRFP } (xchess-core-v1:525)
{ event: "entry-submitted", game: u1, height: u80, sender: 'ST3TRY6QNMZ18FD96BJHEG4KTWVF7AN5PAKDMRRFP, seq: u37, value: "e2e4" } (xchess-core-v1:565)
{ amount: u2000, event: "rebate-paid", game: u1, rebates-left: u7, who: 'ST3TRY6QNMZ18FD96BJHEG4KTWVF7AN5PAKDMRRFP } (xchess-core-v1:525)
{ event: "entry-submitted", game: u1, height: u82, sender: 'ST3TRY6QNMZ18FD96BJHEG4KTWVF7AN5PAKDMRRFP, seq: u38, value: "e2e4" } (xchess-core-v1:565)
{ amount: u2000, event: "rebate-paid", game: u1, rebates-left: u6, who: 'ST3TRY6QNMZ18FD96BJHEG4KTWVF7AN5PAKDMRRFP } (xchess-core-v1:525)
{ event: "entry-submitted", game: u1, height: u84, sender: 'ST3TRY6QNMZ18FD96BJHEG4KTWVF7AN5PAKDMRRFP, seq: u39, value: "e2e4" } (xchess-core-v1:565)
{ amount: u2000, event: "rebate-paid", game: u1, rebates-left: u5, who: 'ST3TRY6QNMZ18FD96BJHEG4KTWVF7AN5PAKDMRRFP } (xchess-core-v1:525)
{ event: "entry-submitted", game: u1, height: u86, sender: 'ST3TRY6QNMZ18FD96BJHEG4KTWVF7AN5PAKDMRRFP, seq: u40, value: "e2e4" } (xchess-core-v1:565)
{ amount: u2000, event: "rebate-paid", game: u1, rebates-left: u4, who: 'ST3TRY6QNMZ18FD96BJHEG4KTWVF7AN5PAKDMRRFP } (xchess-core-v1:525)
{ event: "entry-submitted", game: u1, height: u88, sender: 'ST3TRY6QNMZ18FD96BJHEG4KTWVF7AN5PAKDMRRFP, seq: u41, value: "e2e4" } (xchess-core-v1:565)
{ amount: u2000, event: "rebate-paid", game: u1, rebates-left: u3, who: 'ST3TRY6QNMZ18FD96BJHEG4KTWVF7AN5PAKDMRRFP } (xchess-core-v1:525)
{ event: "entry-submitted", game: u1, height: u90, sender: 'ST3TRY6QNMZ18FD96BJHEG4KTWVF7AN5PAKDMRRFP, seq: u42, value: "e2e4" } (xchess-core-v1:565)
{ amount: u2000, event: "rebate-paid", game: u1, rebates-left: u2, who: 'ST3TRY6QNMZ18FD96BJHEG4KTWVF7AN5PAKDMRRFP } (xchess-core-v1:525)
{ event: "entry-submitted", game: u1, height: u92, sender: 'ST3TRY6QNMZ18FD96BJHEG4KTWVF7AN5PAKDMRRFP, seq: u43, value: "e2e4" } (xchess-core-v1:565)
{ amount: u2000, event: "rebate-paid", game: u1, rebates-left: u1, who: 'ST3TRY6QNMZ18FD96BJHEG4KTWVF7AN5PAKDMRRFP } (xchess-core-v1:525)
{ event: "entry-submitted", game: u1, height: u94, sender: 'ST3TRY6QNMZ18FD96BJHEG4KTWVF7AN5PAKDMRRFP, seq: u44, value: "e2e4" } (xchess-core-v1:565)
{ amount: u2000, event: "rebate-paid", game: u1, rebates-left: u0, who: 'ST3TRY6QNMZ18FD96BJHEG4KTWVF7AN5PAKDMRRFP } (xchess-core-v1:525)
{ event: "entry-submitted", game: u1, height: u96, sender: 'ST3TRY6QNMZ18FD96BJHEG4KTWVF7AN5PAKDMRRFP, seq: u45, value: "resgn" } (xchess-core-v1:565)

stdout | tests/sponsorship/zero-stx.test.ts > the fee sweep that fixes the launch constants > carries a player through a full game at every fee up to the design point
{ event: "game-opened", fee: u1000000, game: u1, height: u4, opened-by: 'ST85J1T8QBRRF1E3X429R720WMMTGMTTBQ1ABDZT, ranked: false, rules-hash: (some 0xabababababababababababababababababababababababababababababababab) } (xchess-core-v1:318)
{ bootstrap: u250000, event: "sponsorship-funded", expiry: u4324, funded-by: 'ST85J1T8QBRRF1E3X429R720WMMTGMTTBQ1ABDZT, game: u1, rebate: u2000, rebates: u45, reserved: u90000, who: 'ST3TRY6QNMZ18FD96BJHEG4KTWVF7AN5PAKDMRRFP } (xchess-core-v1:388)
{ event: "entry-submitted", game: u1, height: u6, sender: 'ST3TRY6QNMZ18FD96BJHEG4KTWVF7AN5PAKDMRRFP, seq: u0, value: "e2e4" } (xchess-core-v1:565)
{ amount: u2000, event: "rebate-paid", game: u1, rebates-left: u44, who: 'ST3TRY6QNMZ18FD96BJHEG4KTWVF7AN5PAKDMRRFP } (xchess-core-v1:525)
{ event: "entry-submitted", game: u1, height: u8, sender: 'ST3TRY6QNMZ18FD96BJHEG4KTWVF7AN5PAKDMRRFP, seq: u1, value: "e2e4" } (xchess-core-v1:565)
{ amount: u2000, event: "rebate-paid", game: u1, rebates-left: u43, who: 'ST3TRY6QNMZ18FD96BJHEG4KTWVF7AN5PAKDMRRFP } (xchess-core-v1:525)
{ event: "entry-submitted", game: u1, height: u10, sender: 'ST3TRY6QNMZ18FD96BJHEG4KTWVF7AN5PAKDMRRFP, seq: u2, value: "e2e4" } (xchess-core-v1:565)
{ amount: u2000, event: "rebate-paid", game: u1, rebates-left: u42, who: 'ST3TRY6QNMZ18FD96BJHEG4KTWVF7AN5PAKDMRRFP } (xchess-core-v1:525)
{ event: "entry-submitted", game: u1, height: u12, sender: 'ST3TRY6QNMZ18FD96BJHEG4KTWVF7AN5PAKDMRRFP, seq: u3, value: "e2e4" } (xchess-core-v1:565)
{ amount: u2000, event: "rebate-paid", game: u1, rebates-left: u41, who: 'ST3TRY6QNMZ18FD96BJHEG4KTWVF7AN5PAKDMRRFP } (xchess-core-v1:525)
{ event: "entry-submitted", game: u1, height: u14, sender: 'ST3TRY6QNMZ18FD96BJHEG4KTWVF7AN5PAKDMRRFP, seq: u4, value: "e2e4" } (xchess-core-v1:565)
{ amount: u2000, event: "rebate-paid", game: u1, rebates-left: u40, who: 'ST3TRY6QNMZ18FD96BJHEG4KTWVF7AN5PAKDMRRFP } (xchess-core-v1:525)
{ event: "entry-submitted", game: u1, height: u16, sender: 'ST3TRY6QNMZ18FD96BJHEG4KTWVF7AN5PAKDMRRFP, seq: u5, value: "e2e4" } (xchess-core-v1:565)
{ amount: u2000, event: "rebate-paid", game: u1, rebates-left: u39, who: 'ST3TRY6QNMZ18FD96BJHEG4KTWVF7AN5PAKDMRRFP } (xchess-core-v1:525)
{ event: "entry-submitted", game: u1, height: u18, sender: 'ST3TRY6QNMZ18FD96BJHEG4KTWVF7AN5PAKDMRRFP, seq: u6, value: "e2e4" } (xchess-core-v1:565)
{ amount: u2000, event: "rebate-paid", game: u1, rebates-left: u38, who: 'ST3TRY6QNMZ18FD96BJHEG4KTWVF7AN5PAKDMRRFP } (xchess-core-v1:525)
{ event: "entry-submitted", game: u1, height: u20, sender: 'ST3TRY6QNMZ18FD96BJHEG4KTWVF7AN5PAKDMRRFP, seq: u7, value: "e2e4" } (xchess-core-v1:565)
{ amount: u2000, event: "rebate-paid", game: u1, rebates-left: u37, who: 'ST3TRY6QNMZ18FD96BJHEG4KTWVF7AN5PAKDMRRFP } (xchess-core-v1:525)
{ event: "entry-submitted", game: u1, height: u22, sender: 'ST3TRY6QNMZ18FD96BJHEG4KTWVF7AN5PAKDMRRFP, seq: u8, value: "e2e4" } (xchess-core-v1:565)
{ amount: u2000, event: "rebate-paid", game: u1, rebates-left: u36, who: 'ST3TRY6QNMZ18FD96BJHEG4KTWVF7AN5PAKDMRRFP } (xchess-core-v1:525)
{ event: "entry-submitted", game: u1, height: u24, sender: 'ST3TRY6QNMZ18FD96BJHEG4KTWVF7AN5PAKDMRRFP, seq: u9, value: "e2e4" } (xchess-core-v1:565)
{ amount: u2000, event: "rebate-paid", game: u1, rebates-left: u35, who: 'ST3TRY6QNMZ18FD96BJHEG4KTWVF7AN5PAKDMRRFP } (xchess-core-v1:525)
{ event: "entry-submitted", game: u1, height: u26, sender: 'ST3TRY6QNMZ18FD96BJHEG4KTWVF7AN5PAKDMRRFP, seq: u10, value: "e2e4" } (xchess-core-v1:565)
{ amount: u2000, event: "rebate-paid", game: u1, rebates-left: u34, who: 'ST3TRY6QNMZ18FD96BJHEG4KTWVF7AN5PAKDMRRFP } (xchess-core-v1:525)
{ event: "entry-submitted", game: u1, height: u28, sender: 'ST3TRY6QNMZ18FD96BJHEG4KTWVF7AN5PAKDMRRFP, seq: u11, value: "e2e4" } (xchess-core-v1:565)
{ amount: u2000, event: "rebate-paid", game: u1, rebates-left: u33, who: 'ST3TRY6QNMZ18FD96BJHEG4KTWVF7AN5PAKDMRRFP } (xchess-core-v1:525)
{ event: "entry-submitted", game: u1, height: u30, sender: 'ST3TRY6QNMZ18FD96BJHEG4KTWVF7AN5PAKDMRRFP, seq: u12, value: "e2e4" } (xchess-core-v1:565)
{ amount: u2000, event: "rebate-paid", game: u1, rebates-left: u32, who: 'ST3TRY6QNMZ18FD96BJHEG4KTWVF7AN5PAKDMRRFP } (xchess-core-v1:525)
{ event: "entry-submitted", game: u1, height: u32, sender: 'ST3TRY6QNMZ18FD96BJHEG4KTWVF7AN5PAKDMRRFP, seq: u13, value: "e2e4" } (xchess-core-v1:565)
{ amount: u2000, event: "rebate-paid", game: u1, rebates-left: u31, who: 'ST3TRY6QNMZ18FD96BJHEG4KTWVF7AN5PAKDMRRFP } (xchess-core-v1:525)
{ event: "entry-submitted", game: u1, height: u34, sender: 'ST3TRY6QNMZ18FD96BJHEG4KTWVF7AN5PAKDMRRFP, seq: u14, value: "e2e4" } (xchess-core-v1:565)
{ amount: u2000, event: "rebate-paid", game: u1, rebates-left: u30, who: 'ST3TRY6QNMZ18FD96BJHEG4KTWVF7AN5PAKDMRRFP } (xchess-core-v1:525)
{ event: "entry-submitted", game: u1, height: u36, sender: 'ST3TRY6QNMZ18FD96BJHEG4KTWVF7AN5PAKDMRRFP, seq: u15, value: "e2e4" } (xchess-core-v1:565)
{ amount: u2000, event: "rebate-paid", game: u1, rebates-left: u29, who: 'ST3TRY6QNMZ18FD96BJHEG4KTWVF7AN5PAKDMRRFP } (xchess-core-v1:525)
{ event: "entry-submitted", game: u1, height: u38, sender: 'ST3TRY6QNMZ18FD96BJHEG4KTWVF7AN5PAKDMRRFP, seq: u16, value: "e2e4" } (xchess-core-v1:565)
{ amount: u2000, event: "rebate-paid", game: u1, rebates-left: u28, who: 'ST3TRY6QNMZ18FD96BJHEG4KTWVF7AN5PAKDMRRFP } (xchess-core-v1:525)
{ event: "entry-submitted", game: u1, height: u40, sender: 'ST3TRY6QNMZ18FD96BJHEG4KTWVF7AN5PAKDMRRFP, seq: u17, value: "e2e4" } (xchess-core-v1:565)
{ amount: u2000, event: "rebate-paid", game: u1, rebates-left: u27, who: 'ST3TRY6QNMZ18FD96BJHEG4KTWVF7AN5PAKDMRRFP } (xchess-core-v1:525)
{ event: "entry-submitted", game: u1, height: u42, sender: 'ST3TRY6QNMZ18FD96BJHEG4KTWVF7AN5PAKDMRRFP, seq: u18, value: "e2e4" } (xchess-core-v1:565)
{ amount: u2000, event: "rebate-paid", game: u1, rebates-left: u26, who: 'ST3TRY6QNMZ18FD96BJHEG4KTWVF7AN5PAKDMRRFP } (xchess-core-v1:525)
{ event: "entry-submitted", game: u1, height: u44, sender: 'ST3TRY6QNMZ18FD96BJHEG4KTWVF7AN5PAKDMRRFP, seq: u19, value: "e2e4" } (xchess-core-v1:565)
{ amount: u2000, event: "rebate-paid", game: u1, rebates-left: u25, who: 'ST3TRY6QNMZ18FD96BJHEG4KTWVF7AN5PAKDMRRFP } (xchess-core-v1:525)
{ event: "entry-submitted", game: u1, height: u46, sender: 'ST3TRY6QNMZ18FD96BJHEG4KTWVF7AN5PAKDMRRFP, seq: u20, value: "e2e4" } (xchess-core-v1:565)
{ amount: u2000, event: "rebate-paid", game: u1, rebates-left: u24, who: 'ST3TRY6QNMZ18FD96BJHEG4KTWVF7AN5PAKDMRRFP } (xchess-core-v1:525)
{ event: "entry-submitted", game: u1, height: u48, sender: 'ST3TRY6QNMZ18FD96BJHEG4KTWVF7AN5PAKDMRRFP, seq: u21, value: "e2e4" } (xchess-core-v1:565)
{ amount: u2000, event: "rebate-paid", game: u1, rebates-left: u23, who: 'ST3TRY6QNMZ18FD96BJHEG4KTWVF7AN5PAKDMRRFP } (xchess-core-v1:525)
{ event: "entry-submitted", game: u1, height: u50, sender: 'ST3TRY6QNMZ18FD96BJHEG4KTWVF7AN5PAKDMRRFP, seq: u22, value: "e2e4" } (xchess-core-v1:565)
{ amount: u2000, event: "rebate-paid", game: u1, rebates-left: u22, who: 'ST3TRY6QNMZ18FD96BJHEG4KTWVF7AN5PAKDMRRFP } (xchess-core-v1:525)
{ event: "entry-submitted", game: u1, height: u52, sender: 'ST3TRY6QNMZ18FD96BJHEG4KTWVF7AN5PAKDMRRFP, seq: u23, value: "e2e4" } (xchess-core-v1:565)
{ amount: u2000, event: "rebate-paid", game: u1, rebates-left: u21, who: 'ST3TRY6QNMZ18FD96BJHEG4KTWVF7AN5PAKDMRRFP } (xchess-core-v1:525)
{ event: "entry-submitted", game: u1, height: u54, sender: 'ST3TRY6QNMZ18FD96BJHEG4KTWVF7AN5PAKDMRRFP, seq: u24, value: "e2e4" } (xchess-core-v1:565)
{ amount: u2000, event: "rebate-paid", game: u1, rebates-left: u20, who: 'ST3TRY6QNMZ18FD96BJHEG4KTWVF7AN5PAKDMRRFP } (xchess-core-v1:525)
{ event: "entry-submitted", game: u1, height: u56, sender: 'ST3TRY6QNMZ18FD96BJHEG4KTWVF7AN5PAKDMRRFP, seq: u25, value: "e2e4" } (xchess-core-v1:565)
{ amount: u2000, event: "rebate-paid", game: u1, rebates-left: u19, who: 'ST3TRY6QNMZ18FD96BJHEG4KTWVF7AN5PAKDMRRFP } (xchess-core-v1:525)
{ event: "entry-submitted", game: u1, height: u58, sender: 'ST3TRY6QNMZ18FD96BJHEG4KTWVF7AN5PAKDMRRFP, seq: u26, value: "e2e4" } (xchess-core-v1:565)
{ amount: u2000, event: "rebate-paid", game: u1, rebates-left: u18, who: 'ST3TRY6QNMZ18FD96BJHEG4KTWVF7AN5PAKDMRRFP } (xchess-core-v1:525)
{ event: "entry-submitted", game: u1, height: u60, sender: 'ST3TRY6QNMZ18FD96BJHEG4KTWVF7AN5PAKDMRRFP, seq: u27, value: "e2e4" } (xchess-core-v1:565)
{ amount: u2000, event: "rebate-paid", game: u1, rebates-left: u17, who: 'ST3TRY6QNMZ18FD96BJHEG4KTWVF7AN5PAKDMRRFP } (xchess-core-v1:525)
{ event: "entry-submitted", game: u1, height: u62, sender: 'ST3TRY6QNMZ18FD96BJHEG4KTWVF7AN5PAKDMRRFP, seq: u28, value: "e2e4" } (xchess-core-v1:565)
{ amount: u2000, event: "rebate-paid", game: u1, rebates-left: u16, who: 'ST3TRY6QNMZ18FD96BJHEG4KTWVF7AN5PAKDMRRFP } (xchess-core-v1:525)
{ event: "entry-submitted", game: u1, height: u64, sender: 'ST3TRY6QNMZ18FD96BJHEG4KTWVF7AN5PAKDMRRFP, seq: u29, value: "e2e4" } (xchess-core-v1:565)
{ amount: u2000, event: "rebate-paid", game: u1, rebates-left: u15, who: 'ST3TRY6QNMZ18FD96BJHEG4KTWVF7AN5PAKDMRRFP } (xchess-core-v1:525)
{ event: "entry-submitted", game: u1, height: u66, sender: 'ST3TRY6QNMZ18FD96BJHEG4KTWVF7AN5PAKDMRRFP, seq: u30, value: "e2e4" } (xchess-core-v1:565)
{ amount: u2000, event: "rebate-paid", game: u1, rebates-left: u14, who: 'ST3TRY6QNMZ18FD96BJHEG4KTWVF7AN5PAKDMRRFP } (xchess-core-v1:525)
{ event: "entry-submitted", game: u1, height: u68, sender: 'ST3TRY6QNMZ18FD96BJHEG4KTWVF7AN5PAKDMRRFP, seq: u31, value: "e2e4" } (xchess-core-v1:565)
{ amount: u2000, event: "rebate-paid", game: u1, rebates-left: u13, who: 'ST3TRY6QNMZ18FD96BJHEG4KTWVF7AN5PAKDMRRFP } (xchess-core-v1:525)
{ event: "entry-submitted", game: u1, height: u70, sender: 'ST3TRY6QNMZ18FD96BJHEG4KTWVF7AN5PAKDMRRFP, seq: u32, value: "e2e4" } (xchess-core-v1:565)
{ amount: u2000, event: "rebate-paid", game: u1, rebates-left: u12, who: 'ST3TRY6QNMZ18FD96BJHEG4KTWVF7AN5PAKDMRRFP } (xchess-core-v1:525)
{ event: "entry-submitted", game: u1, height: u72, sender: 'ST3TRY6QNMZ18FD96BJHEG4KTWVF7AN5PAKDMRRFP, seq: u33, value: "e2e4" } (xchess-core-v1:565)
{ amount: u2000, event: "rebate-paid", game: u1, rebates-left: u11, who: 'ST3TRY6QNMZ18FD96BJHEG4KTWVF7AN5PAKDMRRFP } (xchess-core-v1:525)
{ event: "entry-submitted", game: u1, height: u74, sender: 'ST3TRY6QNMZ18FD96BJHEG4KTWVF7AN5PAKDMRRFP, seq: u34, value: "e2e4" } (xchess-core-v1:565)
{ amount: u2000, event: "rebate-paid", game: u1, rebates-left: u10, who: 'ST3TRY6QNMZ18FD96BJHEG4KTWVF7AN5PAKDMRRFP } (xchess-core-v1:525)
{ event: "entry-submitted", game: u1, height: u76, sender: 'ST3TRY6QNMZ18FD96BJHEG4KTWVF7AN5PAKDMRRFP, seq: u35, value: "e2e4" } (xchess-core-v1:565)
{ amount: u2000, event: "rebate-paid", game: u1, rebates-left: u9, who: 'ST3TRY6QNMZ18FD96BJHEG4KTWVF7AN5PAKDMRRFP } (xchess-core-v1:525)
{ event: "entry-submitted", game: u1, height: u78, sender: 'ST3TRY6QNMZ18FD96BJHEG4KTWVF7AN5PAKDMRRFP, seq: u36, value: "e2e4" } (xchess-core-v1:565)
{ amount: u2000, event: "rebate-paid", game: u1, rebates-left: u8, who: 'ST3TRY6QNMZ18FD96BJHEG4KTWVF7AN5PAKDMRRFP } (xchess-core-v1:525)
{ event: "entry-submitted", game: u1, height: u80, sender: 'ST3TRY6QNMZ18FD96BJHEG4KTWVF7AN5PAKDMRRFP, seq: u37, value: "e2e4" } (xchess-core-v1:565)
{ amount: u2000, event: "rebate-paid", game: u1, rebates-left: u7, who: 'ST3TRY6QNMZ18FD96BJHEG4KTWVF7AN5PAKDMRRFP } (xchess-core-v1:525)
{ event: "entry-submitted", game: u1, height: u82, sender: 'ST3TRY6QNMZ18FD96BJHEG4KTWVF7AN5PAKDMRRFP, seq: u38, value: "e2e4" } (xchess-core-v1:565)
{ amount: u2000, event: "rebate-paid", game: u1, rebates-left: u6, who: 'ST3TRY6QNMZ18FD96BJHEG4KTWVF7AN5PAKDMRRFP } (xchess-core-v1:525)
{ event: "entry-submitted", game: u1, height: u84, sender: 'ST3TRY6QNMZ18FD96BJHEG4KTWVF7AN5PAKDMRRFP, seq: u39, value: "e2e4" } (xchess-core-v1:565)
{ amount: u2000, event: "rebate-paid", game: u1, rebates-left: u5, who: 'ST3TRY6QNMZ18FD96BJHEG4KTWVF7AN5PAKDMRRFP } (xchess-core-v1:525)
{ event: "entry-submitted", game: u1, height: u86, sender: 'ST3TRY6QNMZ18FD96BJHEG4KTWVF7AN5PAKDMRRFP, seq: u40, value: "e2e4" } (xchess-core-v1:565)
{ amount: u2000, event: "rebate-paid", game: u1, rebates-left: u4, who: 'ST3TRY6QNMZ18FD96BJHEG4KTWVF7AN5PAKDMRRFP } (xchess-core-v1:525)
{ event: "game-opened", fee: u1000000, game: u2, height: u88, opened-by: 'ST85J1T8QBRRF1E3X429R720WMMTGMTTBQ1ABDZT, ranked: false, rules-hash: (some 0xabababababababababababababababababababababababababababababababab) } (xchess-core-v1:318)
{ bootstrap: u250000, event: "sponsorship-funded", expiry: u4408, funded-by: 'ST85J1T8QBRRF1E3X429R720WMMTGMTTBQ1ABDZT, game: u2, rebate: u2000, rebates: u45, reserved: u90000, who: 'ST3TRY6QNMZ18FD96BJHEG4KTWVF7AN5PAKDMRRFP } (xchess-core-v1:388)
{ event: "entry-submitted", game: u2, height: u90, sender: 'ST3TRY6QNMZ18FD96BJHEG4KTWVF7AN5PAKDMRRFP, seq: u0, value: "e2e4" } (xchess-core-v1:565)
{ amount: u2000, event: "rebate-paid", game: u2, rebates-left: u44, who: 'ST3TRY6QNMZ18FD96BJHEG4KTWVF7AN5PAKDMRRFP } (xchess-core-v1:525)
{ event: "entry-submitted", game: u2, height: u92, sender: 'ST3TRY6QNMZ18FD96BJHEG4KTWVF7AN5PAKDMRRFP, seq: u1, value: "e2e4" } (xchess-core-v1:565)
{ amount: u2000, event: "rebate-paid", game: u2, rebates-left: u43, who: 'ST3TRY6QNMZ18FD96BJHEG4KTWVF7AN5PAKDMRRFP } (xchess-core-v1:525)
{ event: "entry-submitted", game: u2, height: u94, sender: 'ST3TRY6QNMZ18FD96BJHEG4KTWVF7AN5PAKDMRRFP, seq: u2, value: "e2e4" } (xchess-core-v1:565)
{ amount: u2000, event: "rebate-paid", game: u2, rebates-left: u42, who: 'ST3TRY6QNMZ18FD96BJHEG4KTWVF7AN5PAKDMRRFP } (xchess-core-v1:525)
{ event: "entry-submitted", game: u2, height: u96, sender: 'ST3TRY6QNMZ18FD96BJHEG4KTWVF7AN5PAKDMRRFP, seq: u3, value: "e2e4" } (xchess-core-v1:565)
{ amount: u2000, event: "rebate-paid", game: u2, rebates-left: u41, who: 'ST3TRY6QNMZ18FD96BJHEG4KTWVF7AN5PAKDMRRFP } (xchess-core-v1:525)
{ event: "entry-submitted", game: u2, height: u98, sender: 'ST3TRY6QNMZ18FD96BJHEG4KTWVF7AN5PAKDMRRFP, seq: u4, value: "e2e4" } (xchess-core-v1:565)
{ amount: u2000, event: "rebate-paid", game: u2, rebates-left: u40, who: 'ST3TRY6QNMZ18FD96BJHEG4KTWVF7AN5PAKDMRRFP } (xchess-core-v1:525)
{ event: "entry-submitted", game: u2, height: u100, sender: 'ST3TRY6QNMZ18FD96BJHEG4KTWVF7AN5PAKDMRRFP, seq: u5, value: "e2e4" } (xchess-core-v1:565)
{ amount: u2000, event: "rebate-paid", game: u2, rebates-left: u39, who: 'ST3TRY6QNMZ18FD96BJHEG4KTWVF7AN5PAKDMRRFP } (xchess-core-v1:525)
{ event: "entry-submitted", game: u2, height: u102, sender: 'ST3TRY6QNMZ18FD96BJHEG4KTWVF7AN5PAKDMRRFP, seq: u6, value: "e2e4" } (xchess-core-v1:565)
{ amount: u2000, event: "rebate-paid", game: u2, rebates-left: u38, who: 'ST3TRY6QNMZ18FD96BJHEG4KTWVF7AN5PAKDMRRFP } (xchess-core-v1:525)
{ event: "entry-submitted", game: u2, height: u104, sender: 'ST3TRY6QNMZ18FD96BJHEG4KTWVF7AN5PAKDMRRFP, seq: u7, value: "e2e4" } (xchess-core-v1:565)
{ amount: u2000, event: "rebate-paid", game: u2, rebates-left: u37, who: 'ST3TRY6QNMZ18FD96BJHEG4KTWVF7AN5PAKDMRRFP } (xchess-core-v1:525)
{ event: "entry-submitted", game: u2, height: u106, sender: 'ST3TRY6QNMZ18FD96BJHEG4KTWVF7AN5PAKDMRRFP, seq: u8, value: "e2e4" } (xchess-core-v1:565)
{ amount: u2000, event: "rebate-paid", game: u2, rebates-left: u36, who: 'ST3TRY6QNMZ18FD96BJHEG4KTWVF7AN5PAKDMRRFP } (xchess-core-v1:525)
{ event: "entry-submitted", game: u2, height: u108, sender: 'ST3TRY6QNMZ18FD96BJHEG4KTWVF7AN5PAKDMRRFP, seq: u9, value: "e2e4" } (xchess-core-v1:565)
{ amount: u2000, event: "rebate-paid", game: u2, rebates-left: u35, who: 'ST3TRY6QNMZ18FD96BJHEG4KTWVF7AN5PAKDMRRFP } (xchess-core-v1:525)
{ event: "entry-submitted", game: u2, height: u110, sender: 'ST3TRY6QNMZ18FD96BJHEG4KTWVF7AN5PAKDMRRFP, seq: u10, value: "e2e4" } (xchess-core-v1:565)
{ amount: u2000, event: "rebate-paid", game: u2, rebates-left: u34, who: 'ST3TRY6QNMZ18FD96BJHEG4KTWVF7AN5PAKDMRRFP } (xchess-core-v1:525)
{ event: "entry-submitted", game: u2, height: u112, sender: 'ST3TRY6QNMZ18FD96BJHEG4KTWVF7AN5PAKDMRRFP, seq: u11, value: "e2e4" } (xchess-core-v1:565)
{ amount: u2000, event: "rebate-paid", game: u2, rebates-left: u33, who: 'ST3TRY6QNMZ18FD96BJHEG4KTWVF7AN5PAKDMRRFP } (xchess-core-v1:525)
{ event: "entry-submitted", game: u2, height: u114, sender: 'ST3TRY6QNMZ18FD96BJHEG4KTWVF7AN5PAKDMRRFP, seq: u12, value: "e2e4" } (xchess-core-v1:565)
{ amount: u2000, event: "rebate-paid", game: u2, rebates-left: u32, who: 'ST3TRY6QNMZ18FD96BJHEG4KTWVF7AN5PAKDMRRFP } (xchess-core-v1:525)
{ event: "entry-submitted", game: u2, height: u116, sender: 'ST3TRY6QNMZ18FD96BJHEG4KTWVF7AN5PAKDMRRFP, seq: u13, value: "e2e4" } (xchess-core-v1:565)
{ amount: u2000, event: "rebate-paid", game: u2, rebates-left: u31, who: 'ST3TRY6QNMZ18FD96BJHEG4KTWVF7AN5PAKDMRRFP } (xchess-core-v1:525)
{ event: "entry-submitted", game: u2, height: u118, sender: 'ST3TRY6QNMZ18FD96BJHEG4KTWVF7AN5PAKDMRRFP, seq: u14, value: "e2e4" } (xchess-core-v1:565)
{ amount: u2000, event: "rebate-paid", game: u2, rebates-left: u30, who: 'ST3TRY6QNMZ18FD96BJHEG4KTWVF7AN5PAKDMRRFP } (xchess-core-v1:525)
{ event: "entry-submitted", game: u2, height: u120, sender: 'ST3TRY6QNMZ18FD96BJHEG4KTWVF7AN5PAKDMRRFP, seq: u15, value: "e2e4" } (xchess-core-v1:565)
{ amount: u2000, event: "rebate-paid", game: u2, rebates-left: u29, who: 'ST3TRY6QNMZ18FD96BJHEG4KTWVF7AN5PAKDMRRFP } (xchess-core-v1:525)
{ event: "entry-submitted", game: u2, height: u122, sender: 'ST3TRY6QNMZ18FD96BJHEG4KTWVF7AN5PAKDMRRFP, seq: u16, value: "e2e4" } (xchess-core-v1:565)
{ amount: u2000, event: "rebate-paid", game: u2, rebates-left: u28, who: 'ST3TRY6QNMZ18FD96BJHEG4KTWVF7AN5PAKDMRRFP } (xchess-core-v1:525)
{ event: "entry-submitted", game: u2, height: u124, sender: 'ST3TRY6QNMZ18FD96BJHEG4KTWVF7AN5PAKDMRRFP, seq: u17, value: "e2e4" } (xchess-core-v1:565)
{ amount: u2000, event: "rebate-paid", game: u2, rebates-left: u27, who: 'ST3TRY6QNMZ18FD96BJHEG4KTWVF7AN5PAKDMRRFP } (xchess-core-v1:525)
{ event: "entry-submitted", game: u2, height: u126, sender: 'ST3TRY6QNMZ18FD96BJHEG4KTWVF7AN5PAKDMRRFP, seq: u18, value: "e2e4" } (xchess-core-v1:565)
{ amount: u2000, event: "rebate-paid", game: u2, rebates-left: u26, who: 'ST3TRY6QNMZ18FD96BJHEG4KTWVF7AN5PAKDMRRFP } (xchess-core-v1:525)
{ event: "entry-submitted", game: u2, height: u128, sender: 'ST3TRY6QNMZ18FD96BJHEG4KTWVF7AN5PAKDMRRFP, seq: u19, value: "e2e4" } (xchess-core-v1:565)
{ amount: u2000, event: "rebate-paid", game: u2, rebates-left: u25, who: 'ST3TRY6QNMZ18FD96BJHEG4KTWVF7AN5PAKDMRRFP } (xchess-core-v1:525)
{ event: "entry-submitted", game: u2, height: u130, sender: 'ST3TRY6QNMZ18FD96BJHEG4KTWVF7AN5PAKDMRRFP, seq: u20, value: "e2e4" } (xchess-core-v1:565)
{ amount: u2000, event: "rebate-paid", game: u2, rebates-left: u24, who: 'ST3TRY6QNMZ18FD96BJHEG4KTWVF7AN5PAKDMRRFP } (xchess-core-v1:525)
{ event: "entry-submitted", game: u2, height: u132, sender: 'ST3TRY6QNMZ18FD96BJHEG4KTWVF7AN5PAKDMRRFP, seq: u21, value: "e2e4" } (xchess-core-v1:565)
{ amount: u2000, event: "rebate-paid", game: u2, rebates-left: u23, who: 'ST3TRY6QNMZ18FD96BJHEG4KTWVF7AN5PAKDMRRFP } (xchess-core-v1:525)
{ event: "entry-submitted", game: u2, height: u134, sender: 'ST3TRY6QNMZ18FD96BJHEG4KTWVF7AN5PAKDMRRFP, seq: u22, value: "e2e4" } (xchess-core-v1:565)
{ amount: u2000, event: "rebate-paid", game: u2, rebates-left: u22, who: 'ST3TRY6QNMZ18FD96BJHEG4KTWVF7AN5PAKDMRRFP } (xchess-core-v1:525)
{ event: "entry-submitted", game: u2, height: u136, sender: 'ST3TRY6QNMZ18FD96BJHEG4KTWVF7AN5PAKDMRRFP, seq: u23, value: "e2e4" } (xchess-core-v1:565)
{ amount: u2000, event: "rebate-paid", game: u2, rebates-left: u21, who: 'ST3TRY6QNMZ18FD96BJHEG4KTWVF7AN5PAKDMRRFP } (xchess-core-v1:525)
{ event: "entry-submitted", game: u2, height: u138, sender: 'ST3TRY6QNMZ18FD96BJHEG4KTWVF7AN5PAKDMRRFP, seq: u24, value: "e2e4" } (xchess-core-v1:565)
{ amount: u2000, event: "rebate-paid", game: u2, rebates-left: u20, who: 'ST3TRY6QNMZ18FD96BJHEG4KTWVF7AN5PAKDMRRFP } (xchess-core-v1:525)
{ event: "entry-submitted", game: u2, height: u140, sender: 'ST3TRY6QNMZ18FD96BJHEG4KTWVF7AN5PAKDMRRFP, seq: u25, value: "e2e4" } (xchess-core-v1:565)
{ amount: u2000, event: "rebate-paid", game: u2, rebates-left: u19, who: 'ST3TRY6QNMZ18FD96BJHEG4KTWVF7AN5PAKDMRRFP } (xchess-core-v1:525)
{ event: "entry-submitted", game: u2, height: u142, sender: 'ST3TRY6QNMZ18FD96BJHEG4KTWVF7AN5PAKDMRRFP, seq: u26, value: "e2e4" } (xchess-core-v1:565)
{ amount: u2000, event: "rebate-paid", game: u2, rebates-left: u18, who: 'ST3TRY6QNMZ18FD96BJHEG4KTWVF7AN5PAKDMRRFP } (xchess-core-v1:525)
{ event: "entry-submitted", game: u2, height: u144, sender: 'ST3TRY6QNMZ18FD96BJHEG4KTWVF7AN5PAKDMRRFP, seq: u27, value: "e2e4" } (xchess-core-v1:565)
{ amount: u2000, event: "rebate-paid", game: u2, rebates-left: u17, who: 'ST3TRY6QNMZ18FD96BJHEG4KTWVF7AN5PAKDMRRFP } (xchess-core-v1:525)
{ event: "entry-submitted", game: u2, height: u146, sender: 'ST3TRY6QNMZ18FD96BJHEG4KTWVF7AN5PAKDMRRFP, seq: u28, value: "e2e4" } (xchess-core-v1:565)
{ amount: u2000, event: "rebate-paid", game: u2, rebates-left: u16, who: 'ST3TRY6QNMZ18FD96BJHEG4KTWVF7AN5PAKDMRRFP } (xchess-core-v1:525)
{ event: "entry-submitted", game: u2, height: u148, sender: 'ST3TRY6QNMZ18FD96BJHEG4KTWVF7AN5PAKDMRRFP, seq: u29, value: "e2e4" } (xchess-core-v1:565)
{ amount: u2000, event: "rebate-paid", game: u2, rebates-left: u15, who: 'ST3TRY6QNMZ18FD96BJHEG4KTWVF7AN5PAKDMRRFP } (xchess-core-v1:525)
{ event: "entry-submitted", game: u2, height: u150, sender: 'ST3TRY6QNMZ18FD96BJHEG4KTWVF7AN5PAKDMRRFP, seq: u30, value: "e2e4" } (xchess-core-v1:565)
{ amount: u2000, event: "rebate-paid", game: u2, rebates-left: u14, who: 'ST3TRY6QNMZ18FD96BJHEG4KTWVF7AN5PAKDMRRFP } (xchess-core-v1:525)
{ event: "entry-submitted", game: u2, height: u152, sender: 'ST3TRY6QNMZ18FD96BJHEG4KTWVF7AN5PAKDMRRFP, seq: u31, value: "e2e4" } (xchess-core-v1:565)
{ amount: u2000, event: "rebate-paid", game: u2, rebates-left: u13, who: 'ST3TRY6QNMZ18FD96BJHEG4KTWVF7AN5PAKDMRRFP } (xchess-core-v1:525)
{ event: "entry-submitted", game: u2, height: u154, sender: 'ST3TRY6QNMZ18FD96BJHEG4KTWVF7AN5PAKDMRRFP, seq: u32, value: "e2e4" } (xchess-core-v1:565)
{ amount: u2000, event: "rebate-paid", game: u2, rebates-left: u12, who: 'ST3TRY6QNMZ18FD96BJHEG4KTWVF7AN5PAKDMRRFP } (xchess-core-v1:525)
{ event: "entry-submitted", game: u2, height: u156, sender: 'ST3TRY6QNMZ18FD96BJHEG4KTWVF7AN5PAKDMRRFP, seq: u33, value: "e2e4" } (xchess-core-v1:565)
{ amount: u2000, event: "rebate-paid", game: u2, rebates-left: u11, who: 'ST3TRY6QNMZ18FD96BJHEG4KTWVF7AN5PAKDMRRFP } (xchess-core-v1:525)
{ event: "entry-submitted", game: u2, height: u158, sender: 'ST3TRY6QNMZ18FD96BJHEG4KTWVF7AN5PAKDMRRFP, seq: u34, value: "e2e4" } (xchess-core-v1:565)
{ amount: u2000, event: "rebate-paid", game: u2, rebates-left: u10, who: 'ST3TRY6QNMZ18FD96BJHEG4KTWVF7AN5PAKDMRRFP } (xchess-core-v1:525)
{ event: "entry-submitted", game: u2, height: u160, sender: 'ST3TRY6QNMZ18FD96BJHEG4KTWVF7AN5PAKDMRRFP, seq: u35, value: "e2e4" } (xchess-core-v1:565)
{ amount: u2000, event: "rebate-paid", game: u2, rebates-left: u9, who: 'ST3TRY6QNMZ18FD96BJHEG4KTWVF7AN5PAKDMRRFP } (xchess-core-v1:525)
{ event: "entry-submitted", game: u2, height: u162, sender: 'ST3TRY6QNMZ18FD96BJHEG4KTWVF7AN5PAKDMRRFP, seq: u36, value: "e2e4" } (xchess-core-v1:565)
{ amount: u2000, event: "rebate-paid", game: u2, rebates-left: u8, who: 'ST3TRY6QNMZ18FD96BJHEG4KTWVF7AN5PAKDMRRFP } (xchess-core-v1:525)
{ event: "entry-submitted", game: u2, height: u164, sender: 'ST3TRY6QNMZ18FD96BJHEG4KTWVF7AN5PAKDMRRFP, seq: u37, value: "e2e4" } (xchess-core-v1:565)
{ amount: u2000, event: "rebate-paid", game: u2, rebates-left: u7, who: 'ST3TRY6QNMZ18FD96BJHEG4KTWVF7AN5PAKDMRRFP } (xchess-core-v1:525)
{ event: "entry-submitted", game: u2, height: u166, sender: 'ST3TRY6QNMZ18FD96BJHEG4KTWVF7AN5PAKDMRRFP, seq: u38, value: "e2e4" } (xchess-core-v1:565)
{ amount: u2000, event: "rebate-paid", game: u2, rebates-left: u6, who: 'ST3TRY6QNMZ18FD96BJHEG4KTWVF7AN5PAKDMRRFP } (xchess-core-v1:525)
{ event: "entry-submitted", game: u2, height: u168, sender: 'ST3TRY6QNMZ18FD96BJHEG4KTWVF7AN5PAKDMRRFP, seq: u39, value: "e2e4" } (xchess-core-v1:565)
{ amount: u2000, event: "rebate-paid", game: u2, rebates-left: u5, who: 'ST3TRY6QNMZ18FD96BJHEG4KTWVF7AN5PAKDMRRFP } (xchess-core-v1:525)
{ event: "entry-submitted", game: u2, height: u170, sender: 'ST3TRY6QNMZ18FD96BJHEG4KTWVF7AN5PAKDMRRFP, seq: u40, value: "e2e4" } (xchess-core-v1:565)
{ amount: u2000, event: "rebate-paid", game: u2, rebates-left: u4, who: 'ST3TRY6QNMZ18FD96BJHEG4KTWVF7AN5PAKDMRRFP } (xchess-core-v1:525)
{ event: "game-opened", fee: u1000000, game: u3, height: u172, opened-by: 'ST85J1T8QBRRF1E3X429R720WMMTGMTTBQ1ABDZT, ranked: false, rules-hash: (some 0xabababababababababababababababababababababababababababababababab) } (xchess-core-v1:318)
{ bootstrap: u250000, event: "sponsorship-funded", expiry: u4492, funded-by: 'ST85J1T8QBRRF1E3X429R720WMMTGMTTBQ1ABDZT, game: u3, rebate: u2000, rebates: u45, reserved: u90000, who: 'ST3TRY6QNMZ18FD96BJHEG4KTWVF7AN5PAKDMRRFP } (xchess-core-v1:388)
{ event: "entry-submitted", game: u3, height: u174, sender: 'ST3TRY6QNMZ18FD96BJHEG4KTWVF7AN5PAKDMRRFP, seq: u0, value: "e2e4" } (xchess-core-v1:565)
{ amount: u2000, event: "rebate-paid", game: u3, rebates-left: u44, who: 'ST3TRY6QNMZ18FD96BJHEG4KTWVF7AN5PAKDMRRFP } (xchess-core-v1:525)
{ event: "entry-submitted", game: u3, height: u176, sender: 'ST3TRY6QNMZ18FD96BJHEG4KTWVF7AN5PAKDMRRFP, seq: u1, value: "e2e4" } (xchess-core-v1:565)
{ amount: u2000, event: "rebate-paid", game: u3, rebates-left: u43, who: 'ST3TRY6QNMZ18FD96BJHEG4KTWVF7AN5PAKDMRRFP } (xchess-core-v1:525)
{ event: "entry-submitted", game: u3, height: u178, sender: 'ST3TRY6QNMZ18FD96BJHEG4KTWVF7AN5PAKDMRRFP, seq: u2, value: "e2e4" } (xchess-core-v1:565)
{ amount: u2000, event: "rebate-paid", game: u3, rebates-left: u42, who: 'ST3TRY6QNMZ18FD96BJHEG4KTWVF7AN5PAKDMRRFP } (xchess-core-v1:525)
{ event: "entry-submitted", game: u3, height: u180, sender: 'ST3TRY6QNMZ18FD96BJHEG4KTWVF7AN5PAKDMRRFP, seq: u3, value: "e2e4" } (xchess-core-v1:565)
{ amount: u2000, event: "rebate-paid", game: u3, rebates-left: u41, who: 'ST3TRY6QNMZ18FD96BJHEG4KTWVF7AN5PAKDMRRFP } (xchess-core-v1:525)
{ event: "entry-submitted", game: u3, height: u182, sender: 'ST3TRY6QNMZ18FD96BJHEG4KTWVF7AN5PAKDMRRFP, seq: u4, value: "e2e4" } (xchess-core-v1:565)
{ amount: u2000, event: "rebate-paid", game: u3, rebates-left: u40, who: 'ST3TRY6QNMZ18FD96BJHEG4KTWVF7AN5PAKDMRRFP } (xchess-core-v1:525)
{ event: "entry-submitted", game: u3, height: u184, sender: 'ST3TRY6QNMZ18FD96BJHEG4KTWVF7AN5PAKDMRRFP, seq: u5, value: "e2e4" } (xchess-core-v1:565)
{ amount: u2000, event: "rebate-paid", game: u3, rebates-left: u39, who: 'ST3TRY6QNMZ18FD96BJHEG4KTWVF7AN5PAKDMRRFP } (xchess-core-v1:525)
{ event: "entry-submitted", game: u3, height: u186, sender: 'ST3TRY6QNMZ18FD96BJHEG4KTWVF7AN5PAKDMRRFP, seq: u6, value: "e2e4" } (xchess-core-v1:565)
{ amount: u2000, event: "rebate-paid", game: u3, rebates-left: u38, who: 'ST3TRY6QNMZ18FD96BJHEG4KTWVF7AN5PAKDMRRFP } (xchess-core-v1:525)
{ event: "entry-submitted", game: u3, height: u188, sender: 'ST3TRY6QNMZ18FD96BJHEG4KTWVF7AN5PAKDMRRFP, seq: u7, value: "e2e4" } (xchess-core-v1:565)
{ amount: u2000, event: "rebate-paid", game: u3, rebates-left: u37, who: 'ST3TRY6QNMZ18FD96BJHEG4KTWVF7AN5PAKDMRRFP } (xchess-core-v1:525)
{ event: "entry-submitted", game: u3, height: u190, sender: 'ST3TRY6QNMZ18FD96BJHEG4KTWVF7AN5PAKDMRRFP, seq: u8, value: "e2e4" } (xchess-core-v1:565)
{ amount: u2000, event: "rebate-paid", game: u3, rebates-left: u36, who: 'ST3TRY6QNMZ18FD96BJHEG4KTWVF7AN5PAKDMRRFP } (xchess-core-v1:525)
{ event: "entry-submitted", game: u3, height: u192, sender: 'ST3TRY6QNMZ18FD96BJHEG4KTWVF7AN5PAKDMRRFP, seq: u9, value: "e2e4" } (xchess-core-v1:565)
{ amount: u2000, event: "rebate-paid", game: u3, rebates-left: u35, who: 'ST3TRY6QNMZ18FD96BJHEG4KTWVF7AN5PAKDMRRFP } (xchess-core-v1:525)
{ event: "entry-submitted", game: u3, height: u194, sender: 'ST3TRY6QNMZ18FD96BJHEG4KTWVF7AN5PAKDMRRFP, seq: u10, value: "e2e4" } (xchess-core-v1:565)
{ amount: u2000, event: "rebate-paid", game: u3, rebates-left: u34, who: 'ST3TRY6QNMZ18FD96BJHEG4KTWVF7AN5PAKDMRRFP } (xchess-core-v1:525)
{ event: "entry-submitted", game: u3, height: u196, sender: 'ST3TRY6QNMZ18FD96BJHEG4KTWVF7AN5PAKDMRRFP, seq: u11, value: "e2e4" } (xchess-core-v1:565)
{ amount: u2000, event: "rebate-paid", game: u3, rebates-left: u33, who: 'ST3TRY6QNMZ18FD96BJHEG4KTWVF7AN5PAKDMRRFP } (xchess-core-v1:525)
{ event: "entry-submitted", game: u3, height: u198, sender: 'ST3TRY6QNMZ18FD96BJHEG4KTWVF7AN5PAKDMRRFP, seq: u12, value: "e2e4" } (xchess-core-v1:565)
{ amount: u2000, event: "rebate-paid", game: u3, rebates-left: u32, who: 'ST3TRY6QNMZ18FD96BJHEG4KTWVF7AN5PAKDMRRFP } (xchess-core-v1:525)
{ event: "entry-submitted", game: u3, height: u200, sender: 'ST3TRY6QNMZ18FD96BJHEG4KTWVF7AN5PAKDMRRFP, seq: u13, value: "e2e4" } (xchess-core-v1:565)
{ amount: u2000, event: "rebate-paid", game: u3, rebates-left: u31, who: 'ST3TRY6QNMZ18FD96BJHEG4KTWVF7AN5PAKDMRRFP } (xchess-core-v1:525)
{ event: "entry-submitted", game: u3, height: u202, sender: 'ST3TRY6QNMZ18FD96BJHEG4KTWVF7AN5PAKDMRRFP, seq: u14, value: "e2e4" } (xchess-core-v1:565)
{ amount: u2000, event: "rebate-paid", game: u3, rebates-left: u30, who: 'ST3TRY6QNMZ18FD96BJHEG4KTWVF7AN5PAKDMRRFP } (xchess-core-v1:525)
{ event: "entry-submitted", game: u3, height: u204, sender: 'ST3TRY6QNMZ18FD96BJHEG4KTWVF7AN5PAKDMRRFP, seq: u15, value: "e2e4" } (xchess-core-v1:565)
{ amount: u2000, event: "rebate-paid", game: u3, rebates-left: u29, who: 'ST3TRY6QNMZ18FD96BJHEG4KTWVF7AN5PAKDMRRFP } (xchess-core-v1:525)
{ event: "entry-submitted", game: u3, height: u206, sender: 'ST3TRY6QNMZ18FD96BJHEG4KTWVF7AN5PAKDMRRFP, seq: u16, value: "e2e4" } (xchess-core-v1:565)
{ amount: u2000, event: "rebate-paid", game: u3, rebates-left: u28, who: 'ST3TRY6QNMZ18FD96BJHEG4KTWVF7AN5PAKDMRRFP } (xchess-core-v1:525)
{ event: "entry-submitted", game: u3, height: u208, sender: 'ST3TRY6QNMZ18FD96BJHEG4KTWVF7AN5PAKDMRRFP, seq: u17, value: "e2e4" } (xchess-core-v1:565)
{ amount: u2000, event: "rebate-paid", game: u3, rebates-left: u27, who: 'ST3TRY6QNMZ18FD96BJHEG4KTWVF7AN5PAKDMRRFP } (xchess-core-v1:525)
{ event: "entry-submitted", game: u3, height: u210, sender: 'ST3TRY6QNMZ18FD96BJHEG4KTWVF7AN5PAKDMRRFP, seq: u18, value: "e2e4" } (xchess-core-v1:565)
{ amount: u2000, event: "rebate-paid", game: u3, rebates-left: u26, who: 'ST3TRY6QNMZ18FD96BJHEG4KTWVF7AN5PAKDMRRFP } (xchess-core-v1:525)
{ event: "entry-submitted", game: u3, height: u212, sender: 'ST3TRY6QNMZ18FD96BJHEG4KTWVF7AN5PAKDMRRFP, seq: u19, value: "e2e4" } (xchess-core-v1:565)
{ amount: u2000, event: "rebate-paid", game: u3, rebates-left: u25, who: 'ST3TRY6QNMZ18FD96BJHEG4KTWVF7AN5PAKDMRRFP } (xchess-core-v1:525)
{ event: "entry-submitted", game: u3, height: u214, sender: 'ST3TRY6QNMZ18FD96BJHEG4KTWVF7AN5PAKDMRRFP, seq: u20, value: "e2e4" } (xchess-core-v1:565)
{ amount: u2000, event: "rebate-paid", game: u3, rebates-left: u24, who: 'ST3TRY6QNMZ18FD96BJHEG4KTWVF7AN5PAKDMRRFP } (xchess-core-v1:525)
{ event: "entry-submitted", game: u3, height: u216, sender: 'ST3TRY6QNMZ18FD96BJHEG4KTWVF7AN5PAKDMRRFP, seq: u21, value: "e2e4" } (xchess-core-v1:565)
{ amount: u2000, event: "rebate-paid", game: u3, rebates-left: u23, who: 'ST3TRY6QNMZ18FD96BJHEG4KTWVF7AN5PAKDMRRFP } (xchess-core-v1:525)
{ event: "entry-submitted", game: u3, height: u218, sender: 'ST3TRY6QNMZ18FD96BJHEG4KTWVF7AN5PAKDMRRFP, seq: u22, value: "e2e4" } (xchess-core-v1:565)
{ amount: u2000, event: "rebate-paid", game: u3, rebates-left: u22, who: 'ST3TRY6QNMZ18FD96BJHEG4KTWVF7AN5PAKDMRRFP } (xchess-core-v1:525)
{ event: "entry-submitted", game: u3, height: u220, sender: 'ST3TRY6QNMZ18FD96BJHEG4KTWVF7AN5PAKDMRRFP, seq: u23, value: "e2e4" } (xchess-core-v1:565)
{ amount: u2000, event: "rebate-paid", game: u3, rebates-left: u21, who: 'ST3TRY6QNMZ18FD96BJHEG4KTWVF7AN5PAKDMRRFP } (xchess-core-v1:525)
{ event: "entry-submitted", game: u3, height: u222, sender: 'ST3TRY6QNMZ18FD96BJHEG4KTWVF7AN5PAKDMRRFP, seq: u24, value: "e2e4" } (xchess-core-v1:565)
{ amount: u2000, event: "rebate-paid", game: u3, rebates-left: u20, who: 'ST3TRY6QNMZ18FD96BJHEG4KTWVF7AN5PAKDMRRFP } (xchess-core-v1:525)
{ event: "entry-submitted", game: u3, height: u224, sender: 'ST3TRY6QNMZ18FD96BJHEG4KTWVF7AN5PAKDMRRFP, seq: u25, value: "e2e4" } (xchess-core-v1:565)
{ amount: u2000, event: "rebate-paid", game: u3, rebates-left: u19, who: 'ST3TRY6QNMZ18FD96BJHEG4KTWVF7AN5PAKDMRRFP } (xchess-core-v1:525)
{ event: "entry-submitted", game: u3, height: u226, sender: 'ST3TRY6QNMZ18FD96BJHEG4KTWVF7AN5PAKDMRRFP, seq: u26, value: "e2e4" } (xchess-core-v1:565)
{ amount: u2000, event: "rebate-paid", game: u3, rebates-left: u18, who: 'ST3TRY6QNMZ18FD96BJHEG4KTWVF7AN5PAKDMRRFP } (xchess-core-v1:525)
{ event: "entry-submitted", game: u3, height: u228, sender: 'ST3TRY6QNMZ18FD96BJHEG4KTWVF7AN5PAKDMRRFP, seq: u27, value: "e2e4" } (xchess-core-v1:565)
{ amount: u2000, event: "rebate-paid", game: u3, rebates-left: u17, who: 'ST3TRY6QNMZ18FD96BJHEG4KTWVF7AN5PAKDMRRFP } (xchess-core-v1:525)
{ event: "entry-submitted", game: u3, height: u230, sender: 'ST3TRY6QNMZ18FD96BJHEG4KTWVF7AN5PAKDMRRFP, seq: u28, value: "e2e4" } (xchess-core-v1:565)
{ amount: u2000, event: "rebate-paid", game: u3, rebates-left: u16, who: 'ST3TRY6QNMZ18FD96BJHEG4KTWVF7AN5PAKDMRRFP } (xchess-core-v1:525)
{ event: "entry-submitted", game: u3, height: u232, sender: 'ST3TRY6QNMZ18FD96BJHEG4KTWVF7AN5PAKDMRRFP, seq: u29, value: "e2e4" } (xchess-core-v1:565)
{ amount: u2000, event: "rebate-paid", game: u3, rebates-left: u15, who: 'ST3TRY6QNMZ18FD96BJHEG4KTWVF7AN5PAKDMRRFP } (xchess-core-v1:525)
{ event: "entry-submitted", game: u3, height: u234, sender: 'ST3TRY6QNMZ18FD96BJHEG4KTWVF7AN5PAKDMRRFP, seq: u30, value: "e2e4" } (xchess-core-v1:565)
{ amount: u2000, event: "rebate-paid", game: u3, rebates-left: u14, who: 'ST3TRY6QNMZ18FD96BJHEG4KTWVF7AN5PAKDMRRFP } (xchess-core-v1:525)
{ event: "entry-submitted", game: u3, height: u236, sender: 'ST3TRY6QNMZ18FD96BJHEG4KTWVF7AN5PAKDMRRFP, seq: u31, value: "e2e4" } (xchess-core-v1:565)
{ amount: u2000, event: "rebate-paid", game: u3, rebates-left: u13, who: 'ST3TRY6QNMZ18FD96BJHEG4KTWVF7AN5PAKDMRRFP } (xchess-core-v1:525)
{ event: "entry-submitted", game: u3, height: u238, sender: 'ST3TRY6QNMZ18FD96BJHEG4KTWVF7AN5PAKDMRRFP, seq: u32, value: "e2e4" } (xchess-core-v1:565)
{ amount: u2000, event: "rebate-paid", game: u3, rebates-left: u12, who: 'ST3TRY6QNMZ18FD96BJHEG4KTWVF7AN5PAKDMRRFP } (xchess-core-v1:525)
{ event: "entry-submitted", game: u3, height: u240, sender: 'ST3TRY6QNMZ18FD96BJHEG4KTWVF7AN5PAKDMRRFP, seq: u33, value: "e2e4" } (xchess-core-v1:565)
{ amount: u2000, event: "rebate-paid", game: u3, rebates-left: u11, who: 'ST3TRY6QNMZ18FD96BJHEG4KTWVF7AN5PAKDMRRFP } (xchess-core-v1:525)
{ event: "entry-submitted", game: u3, height: u242, sender: 'ST3TRY6QNMZ18FD96BJHEG4KTWVF7AN5PAKDMRRFP, seq: u34, value: "e2e4" } (xchess-core-v1:565)
{ amount: u2000, event: "rebate-paid", game: u3, rebates-left: u10, who: 'ST3TRY6QNMZ18FD96BJHEG4KTWVF7AN5PAKDMRRFP } (xchess-core-v1:525)
{ event: "entry-submitted", game: u3, height: u244, sender: 'ST3TRY6QNMZ18FD96BJHEG4KTWVF7AN5PAKDMRRFP, seq: u35, value: "e2e4" } (xchess-core-v1:565)
{ amount: u2000, event: "rebate-paid", game: u3, rebates-left: u9, who: 'ST3TRY6QNMZ18FD96BJHEG4KTWVF7AN5PAKDMRRFP } (xchess-core-v1:525)
{ event: "entry-submitted", game: u3, height: u246, sender: 'ST3TRY6QNMZ18FD96BJHEG4KTWVF7AN5PAKDMRRFP, seq: u36, value: "e2e4" } (xchess-core-v1:565)
{ amount: u2000, event: "rebate-paid", game: u3, rebates-left: u8, who: 'ST3TRY6QNMZ18FD96BJHEG4KTWVF7AN5PAKDMRRFP } (xchess-core-v1:525)
{ event: "entry-submitted", game: u3, height: u248, sender: 'ST3TRY6QNMZ18FD96BJHEG4KTWVF7AN5PAKDMRRFP, seq: u37, value: "e2e4" } (xchess-core-v1:565)
{ amount: u2000, event: "rebate-paid", game: u3, rebates-left: u7, who: 'ST3TRY6QNMZ18FD96BJHEG4KTWVF7AN5PAKDMRRFP } (xchess-core-v1:525)
{ event: "entry-submitted", game: u3, height: u250, sender: 'ST3TRY6QNMZ18FD96BJHEG4KTWVF7AN5PAKDMRRFP, seq: u38, value: "e2e4" } (xchess-core-v1:565)
{ amount: u2000, event: "rebate-paid", game: u3, rebates-left: u6, who: 'ST3TRY6QNMZ18FD96BJHEG4KTWVF7AN5PAKDMRRFP } (xchess-core-v1:525)
{ event: "entry-submitted", game: u3, height: u252, sender: 'ST3TRY6QNMZ18FD96BJHEG4KTWVF7AN5PAKDMRRFP, seq: u39, value: "e2e4" } (xchess-core-v1:565)
{ amount: u2000, event: "rebate-paid", game: u3, rebates-left: u5, who: 'ST3TRY6QNMZ18FD96BJHEG4KTWVF7AN5PAKDMRRFP } (xchess-core-v1:525)
{ event: "entry-submitted", game: u3, height: u254, sender: 'ST3TRY6QNMZ18FD96BJHEG4KTWVF7AN5PAKDMRRFP, seq: u40, value: "e2e4" } (xchess-core-v1:565)
{ amount: u2000, event: "rebate-paid", game: u3, rebates-left: u4, who: 'ST3TRY6QNMZ18FD96BJHEG4KTWVF7AN5PAKDMRRFP } (xchess-core-v1:525)
{ event: "game-opened", fee: u1000000, game: u4, height: u256, opened-by: 'ST85J1T8QBRRF1E3X429R720WMMTGMTTBQ1ABDZT, ranked: false, rules-hash: (some 0xabababababababababababababababababababababababababababababababab) } (xchess-core-v1:318)
{ bootstrap: u250000, event: "sponsorship-funded", expiry: u4576, funded-by: 'ST85J1T8QBRRF1E3X429R720WMMTGMTTBQ1ABDZT, game: u4, rebate: u2000, rebates: u45, reserved: u90000, who: 'ST3TRY6QNMZ18FD96BJHEG4KTWVF7AN5PAKDMRRFP } (xchess-core-v1:388)
{ event: "entry-submitted", game: u4, height: u258, sender: 'ST3TRY6QNMZ18FD96BJHEG4KTWVF7AN5PAKDMRRFP, seq: u0, value: "e2e4" } (xchess-core-v1:565)
{ amount: u2000, event: "rebate-paid", game: u4, rebates-left: u44, who: 'ST3TRY6QNMZ18FD96BJHEG4KTWVF7AN5PAKDMRRFP } (xchess-core-v1:525)
{ event: "entry-submitted", game: u4, height: u260, sender: 'ST3TRY6QNMZ18FD96BJHEG4KTWVF7AN5PAKDMRRFP, seq: u1, value: "e2e4" } (xchess-core-v1:565)
{ amount: u2000, event: "rebate-paid", game: u4, rebates-left: u43, who: 'ST3TRY6QNMZ18FD96BJHEG4KTWVF7AN5PAKDMRRFP } (xchess-core-v1:525)
{ event: "entry-submitted", game: u4, height: u262, sender: 'ST3TRY6QNMZ18FD96BJHEG4KTWVF7AN5PAKDMRRFP, seq: u2, value: "e2e4" } (xchess-core-v1:565)
{ amount: u2000, event: "rebate-paid", game: u4, rebates-left: u42, who: 'ST3TRY6QNMZ18FD96BJHEG4KTWVF7AN5PAKDMRRFP } (xchess-core-v1:525)
{ event: "entry-submitted", game: u4, height: u264, sender: 'ST3TRY6QNMZ18FD96BJHEG4KTWVF7AN5PAKDMRRFP, seq: u3, value: "e2e4" } (xchess-core-v1:565)
{ amount: u2000, event: "rebate-paid", game: u4, rebates-left: u41, who: 'ST3TRY6QNMZ18FD96BJHEG4KTWVF7AN5PAKDMRRFP } (xchess-core-v1:525)
{ event: "entry-submitted", game: u4, height: u266, sender: 'ST3TRY6QNMZ18FD96BJHEG4KTWVF7AN5PAKDMRRFP, seq: u4, value: "e2e4" } (xchess-core-v1:565)
{ amount: u2000, event: "rebate-paid", game: u4, rebates-left: u40, who: 'ST3TRY6QNMZ18FD96BJHEG4KTWVF7AN5PAKDMRRFP } (xchess-core-v1:525)
{ event: "entry-submitted", game: u4, height: u268, sender: 'ST3TRY6QNMZ18FD96BJHEG4KTWVF7AN5PAKDMRRFP, seq: u5, value: "e2e4" } (xchess-core-v1:565)
{ amount: u2000, event: "rebate-paid", game: u4, rebates-left: u39, who: 'ST3TRY6QNMZ18FD96BJHEG4KTWVF7AN5PAKDMRRFP } (xchess-core-v1:525)
{ event: "entry-submitted", game: u4, height: u270, sender: 'ST3TRY6QNMZ18FD96BJHEG4KTWVF7AN5PAKDMRRFP, seq: u6, value: "e2e4" } (xchess-core-v1:565)
{ amount: u2000, event: "rebate-paid", game: u4, rebates-left: u38, who: 'ST3TRY6QNMZ18FD96BJHEG4KTWVF7AN5PAKDMRRFP } (xchess-core-v1:525)
{ event: "entry-submitted", game: u4, height: u272, sender: 'ST3TRY6QNMZ18FD96BJHEG4KTWVF7AN5PAKDMRRFP, seq: u7, value: "e2e4" } (xchess-core-v1:565)
{ amount: u2000, event: "rebate-paid", game: u4, rebates-left: u37, who: 'ST3TRY6QNMZ18FD96BJHEG4KTWVF7AN5PAKDMRRFP } (xchess-core-v1:525)
{ event: "entry-submitted", game: u4, height: u274, sender: 'ST3TRY6QNMZ18FD96BJHEG4KTWVF7AN5PAKDMRRFP, seq: u8, value: "e2e4" } (xchess-core-v1:565)
{ amount: u2000, event: "rebate-paid", game: u4, rebates-left: u36, who: 'ST3TRY6QNMZ18FD96BJHEG4KTWVF7AN5PAKDMRRFP } (xchess-core-v1:525)
{ event: "entry-submitted", game: u4, height: u276, sender: 'ST3TRY6QNMZ18FD96BJHEG4KTWVF7AN5PAKDMRRFP, seq: u9, value: "e2e4" } (xchess-core-v1:565)
{ amount: u2000, event: "rebate-paid", game: u4, rebates-left: u35, who: 'ST3TRY6QNMZ18FD96BJHEG4KTWVF7AN5PAKDMRRFP } (xchess-core-v1:525)
{ event: "entry-submitted", game: u4, height: u278, sender: 'ST3TRY6QNMZ18FD96BJHEG4KTWVF7AN5PAKDMRRFP, seq: u10, value: "e2e4" } (xchess-core-v1:565)
{ amount: u2000, event: "rebate-paid", game: u4, rebates-left: u34, who: 'ST3TRY6QNMZ18FD96BJHEG4KTWVF7AN5PAKDMRRFP } (xchess-core-v1:525)
{ event: "entry-submitted", game: u4, height: u280, sender: 'ST3TRY6QNMZ18FD96BJHEG4KTWVF7AN5PAKDMRRFP, seq: u11, value: "e2e4" } (xchess-core-v1:565)
{ amount: u2000, event: "rebate-paid", game: u4, rebates-left: u33, who: 'ST3TRY6QNMZ18FD96BJHEG4KTWVF7AN5PAKDMRRFP } (xchess-core-v1:525)
{ event: "entry-submitted", game: u4, height: u282, sender: 'ST3TRY6QNMZ18FD96BJHEG4KTWVF7AN5PAKDMRRFP, seq: u12, value: "e2e4" } (xchess-core-v1:565)
{ amount: u2000, event: "rebate-paid", game: u4, rebates-left: u32, who: 'ST3TRY6QNMZ18FD96BJHEG4KTWVF7AN5PAKDMRRFP } (xchess-core-v1:525)
{ event: "entry-submitted", game: u4, height: u284, sender: 'ST3TRY6QNMZ18FD96BJHEG4KTWVF7AN5PAKDMRRFP, seq: u13, value: "e2e4" } (xchess-core-v1:565)
{ amount: u2000, event: "rebate-paid", game: u4, rebates-left: u31, who: 'ST3TRY6QNMZ18FD96BJHEG4KTWVF7AN5PAKDMRRFP } (xchess-core-v1:525)
{ event: "entry-submitted", game: u4, height: u286, sender: 'ST3TRY6QNMZ18FD96BJHEG4KTWVF7AN5PAKDMRRFP, seq: u14, value: "e2e4" } (xchess-core-v1:565)
{ amount: u2000, event: "rebate-paid", game: u4, rebates-left: u30, who: 'ST3TRY6QNMZ18FD96BJHEG4KTWVF7AN5PAKDMRRFP } (xchess-core-v1:525)
{ event: "entry-submitted", game: u4, height: u288, sender: 'ST3TRY6QNMZ18FD96BJHEG4KTWVF7AN5PAKDMRRFP, seq: u15, value: "e2e4" } (xchess-core-v1:565)
{ amount: u2000, event: "rebate-paid", game: u4, rebates-left: u29, who: 'ST3TRY6QNMZ18FD96BJHEG4KTWVF7AN5PAKDMRRFP } (xchess-core-v1:525)
{ event: "entry-submitted", game: u4, height: u290, sender: 'ST3TRY6QNMZ18FD96BJHEG4KTWVF7AN5PAKDMRRFP, seq: u16, value: "e2e4" } (xchess-core-v1:565)
{ amount: u2000, event: "rebate-paid", game: u4, rebates-left: u28, who: 'ST3TRY6QNMZ18FD96BJHEG4KTWVF7AN5PAKDMRRFP } (xchess-core-v1:525)
{ event: "entry-submitted", game: u4, height: u292, sender: 'ST3TRY6QNMZ18FD96BJHEG4KTWVF7AN5PAKDMRRFP, seq: u17, value: "e2e4" } (xchess-core-v1:565)
{ amount: u2000, event: "rebate-paid", game: u4, rebates-left: u27, who: 'ST3TRY6QNMZ18FD96BJHEG4KTWVF7AN5PAKDMRRFP } (xchess-core-v1:525)
{ event: "entry-submitted", game: u4, height: u294, sender: 'ST3TRY6QNMZ18FD96BJHEG4KTWVF7AN5PAKDMRRFP, seq: u18, value: "e2e4" } (xchess-core-v1:565)
{ amount: u2000, event: "rebate-paid", game: u4, rebates-left: u26, who: 'ST3TRY6QNMZ18FD96BJHEG4KTWVF7AN5PAKDMRRFP } (xchess-core-v1:525)
{ event: "entry-submitted", game: u4, height: u296, sender: 'ST3TRY6QNMZ18FD96BJHEG4KTWVF7AN5PAKDMRRFP, seq: u19, value: "e2e4" } (xchess-core-v1:565)
{ amount: u2000, event: "rebate-paid", game: u4, rebates-left: u25, who: 'ST3TRY6QNMZ18FD96BJHEG4KTWVF7AN5PAKDMRRFP } (xchess-core-v1:525)
{ event: "entry-submitted", game: u4, height: u298, sender: 'ST3TRY6QNMZ18FD96BJHEG4KTWVF7AN5PAKDMRRFP, seq: u20, value: "e2e4" } (xchess-core-v1:565)
{ amount: u2000, event: "rebate-paid", game: u4, rebates-left: u24, who: 'ST3TRY6QNMZ18FD96BJHEG4KTWVF7AN5PAKDMRRFP } (xchess-core-v1:525)
{ event: "entry-submitted", game: u4, height: u300, sender: 'ST3TRY6QNMZ18FD96BJHEG4KTWVF7AN5PAKDMRRFP, seq: u21, value: "e2e4" } (xchess-core-v1:565)
{ amount: u2000, event: "rebate-paid", game: u4, rebates-left: u23, who: 'ST3TRY6QNMZ18FD96BJHEG4KTWVF7AN5PAKDMRRFP } (xchess-core-v1:525)
{ event: "entry-submitted", game: u4, height: u302, sender: 'ST3TRY6QNMZ18FD96BJHEG4KTWVF7AN5PAKDMRRFP, seq: u22, value: "e2e4" } (xchess-core-v1:565)
{ amount: u2000, event: "rebate-paid", game: u4, rebates-left: u22, who: 'ST3TRY6QNMZ18FD96BJHEG4KTWVF7AN5PAKDMRRFP } (xchess-core-v1:525)
{ event: "entry-submitted", game: u4, height: u304, sender: 'ST3TRY6QNMZ18FD96BJHEG4KTWVF7AN5PAKDMRRFP, seq: u23, value: "e2e4" } (xchess-core-v1:565)
{ amount: u2000, event: "rebate-paid", game: u4, rebates-left: u21, who: 'ST3TRY6QNMZ18FD96BJHEG4KTWVF7AN5PAKDMRRFP } (xchess-core-v1:525)
{ event: "entry-submitted", game: u4, height: u306, sender: 'ST3TRY6QNMZ18FD96BJHEG4KTWVF7AN5PAKDMRRFP, seq: u24, value: "e2e4" } (xchess-core-v1:565)
{ amount: u2000, event: "rebate-paid", game: u4, rebates-left: u20, who: 'ST3TRY6QNMZ18FD96BJHEG4KTWVF7AN5PAKDMRRFP } (xchess-core-v1:525)
{ event: "entry-submitted", game: u4, height: u308, sender: 'ST3TRY6QNMZ18FD96BJHEG4KTWVF7AN5PAKDMRRFP, seq: u25, value: "e2e4" } (xchess-core-v1:565)
{ amount: u2000, event: "rebate-paid", game: u4, rebates-left: u19, who: 'ST3TRY6QNMZ18FD96BJHEG4KTWVF7AN5PAKDMRRFP } (xchess-core-v1:525)
{ event: "entry-submitted", game: u4, height: u310, sender: 'ST3TRY6QNMZ18FD96BJHEG4KTWVF7AN5PAKDMRRFP, seq: u26, value: "e2e4" } (xchess-core-v1:565)
{ amount: u2000, event: "rebate-paid", game: u4, rebates-left: u18, who: 'ST3TRY6QNMZ18FD96BJHEG4KTWVF7AN5PAKDMRRFP } (xchess-core-v1:525)
{ event: "entry-submitted", game: u4, height: u312, sender: 'ST3TRY6QNMZ18FD96BJHEG4KTWVF7AN5PAKDMRRFP, seq: u27, value: "e2e4" } (xchess-core-v1:565)
{ amount: u2000, event: "rebate-paid", game: u4, rebates-left: u17, who: 'ST3TRY6QNMZ18FD96BJHEG4KTWVF7AN5PAKDMRRFP } (xchess-core-v1:525)
{ event: "entry-submitted", game: u4, height: u314, sender: 'ST3TRY6QNMZ18FD96BJHEG4KTWVF7AN5PAKDMRRFP, seq: u28, value: "e2e4" } (xchess-core-v1:565)
{ amount: u2000, event: "rebate-paid", game: u4, rebates-left: u16, who: 'ST3TRY6QNMZ18FD96BJHEG4KTWVF7AN5PAKDMRRFP } (xchess-core-v1:525)
{ event: "entry-submitted", game: u4, height: u316, sender: 'ST3TRY6QNMZ18FD96BJHEG4KTWVF7AN5PAKDMRRFP, seq: u29, value: "e2e4" } (xchess-core-v1:565)
{ amount: u2000, event: "rebate-paid", game: u4, rebates-left: u15, who: 'ST3TRY6QNMZ18FD96BJHEG4KTWVF7AN5PAKDMRRFP } (xchess-core-v1:525)
{ event: "entry-submitted", game: u4, height: u318, sender: 'ST3TRY6QNMZ18FD96BJHEG4KTWVF7AN5PAKDMRRFP, seq: u30, value: "e2e4" } (xchess-core-v1:565)
{ amount: u2000, event: "rebate-paid", game: u4, rebates-left: u14, who: 'ST3TRY6QNMZ18FD96BJHEG4KTWVF7AN5PAKDMRRFP } (xchess-core-v1:525)
{ event: "entry-submitted", game: u4, height: u320, sender: 'ST3TRY6QNMZ18FD96BJHEG4KTWVF7AN5PAKDMRRFP, seq: u31, value: "e2e4" } (xchess-core-v1:565)
{ amount: u2000, event: "rebate-paid", game: u4, rebates-left: u13, who: 'ST3TRY6QNMZ18FD96BJHEG4KTWVF7AN5PAKDMRRFP } (xchess-core-v1:525)
{ event: "entry-submitted", game: u4, height: u322, sender: 'ST3TRY6QNMZ18FD96BJHEG4KTWVF7AN5PAKDMRRFP, seq: u32, value: "e2e4" } (xchess-core-v1:565)
{ amount: u2000, event: "rebate-paid", game: u4, rebates-left: u12, who: 'ST3TRY6QNMZ18FD96BJHEG4KTWVF7AN5PAKDMRRFP } (xchess-core-v1:525)
{ event: "entry-submitted", game: u4, height: u324, sender: 'ST3TRY6QNMZ18FD96BJHEG4KTWVF7AN5PAKDMRRFP, seq: u33, value: "e2e4" } (xchess-core-v1:565)
{ amount: u2000, event: "rebate-paid", game: u4, rebates-left: u11, who: 'ST3TRY6QNMZ18FD96BJHEG4KTWVF7AN5PAKDMRRFP } (xchess-core-v1:525)
{ event: "entry-submitted", game: u4, height: u326, sender: 'ST3TRY6QNMZ18FD96BJHEG4KTWVF7AN5PAKDMRRFP, seq: u34, value: "e2e4" } (xchess-core-v1:565)
{ amount: u2000, event: "rebate-paid", game: u4, rebates-left: u10, who: 'ST3TRY6QNMZ18FD96BJHEG4KTWVF7AN5PAKDMRRFP } (xchess-core-v1:525)
{ event: "entry-submitted", game: u4, height: u328, sender: 'ST3TRY6QNMZ18FD96BJHEG4KTWVF7AN5PAKDMRRFP, seq: u35, value: "e2e4" } (xchess-core-v1:565)
{ amount: u2000, event: "rebate-paid", game: u4, rebates-left: u9, who: 'ST3TRY6QNMZ18FD96BJHEG4KTWVF7AN5PAKDMRRFP } (xchess-core-v1:525)
{ event: "entry-submitted", game: u4, height: u330, sender: 'ST3TRY6QNMZ18FD96BJHEG4KTWVF7AN5PAKDMRRFP, seq: u36, value: "e2e4" } (xchess-core-v1:565)
{ amount: u2000, event: "rebate-paid", game: u4, rebates-left: u8, who: 'ST3TRY6QNMZ18FD96BJHEG4KTWVF7AN5PAKDMRRFP } (xchess-core-v1:525)
{ event: "entry-submitted", game: u4, height: u332, sender: 'ST3TRY6QNMZ18FD96BJHEG4KTWVF7AN5PAKDMRRFP, seq: u37, value: "e2e4" } (xchess-core-v1:565)
{ amount: u2000, event: "rebate-paid", game: u4, rebates-left: u7, who: 'ST3TRY6QNMZ18FD96BJHEG4KTWVF7AN5PAKDMRRFP } (xchess-core-v1:525)
{ event: "entry-submitted", game: u4, height: u334, sender: 'ST3TRY6QNMZ18FD96BJHEG4KTWVF7AN5PAKDMRRFP, seq: u38, value: "e2e4" } (xchess-core-v1:565)
{ amount: u2000, event: "rebate-paid", game: u4, rebates-left: u6, who: 'ST3TRY6QNMZ18FD96BJHEG4KTWVF7AN5PAKDMRRFP } (xchess-core-v1:525)
{ event: "entry-submitted", game: u4, height: u336, sender: 'ST3TRY6QNMZ18FD96BJHEG4KTWVF7AN5PAKDMRRFP, seq: u39, value: "e2e4" } (xchess-core-v1:565)
{ amount: u2000, event: "rebate-paid", game: u4, rebates-left: u5, who: 'ST3TRY6QNMZ18FD96BJHEG4KTWVF7AN5PAKDMRRFP } (xchess-core-v1:525)
{ event: "entry-submitted", game: u4, height: u338, sender: 'ST3TRY6QNMZ18FD96BJHEG4KTWVF7AN5PAKDMRRFP, seq: u40, value: "e2e4" } (xchess-core-v1:565)
{ amount: u2000, event: "rebate-paid", game: u4, rebates-left: u4, who: 'ST3TRY6QNMZ18FD96BJHEG4KTWVF7AN5PAKDMRRFP } (xchess-core-v1:525)
{ event: "game-opened", fee: u1000000, game: u5, height: u340, opened-by: 'ST85J1T8QBRRF1E3X429R720WMMTGMTTBQ1ABDZT, ranked: false, rules-hash: (some 0xabababababababababababababababababababababababababababababababab) } (xchess-core-v1:318)
{ bootstrap: u250000, event: "sponsorship-funded", expiry: u4660, funded-by: 'ST85J1T8QBRRF1E3X429R720WMMTGMTTBQ1ABDZT, game: u5, rebate: u2000, rebates: u45, reserved: u90000, who: 'ST3TRY6QNMZ18FD96BJHEG4KTWVF7AN5PAKDMRRFP } (xchess-core-v1:388)
{ event: "entry-submitted", game: u5, height: u342, sender: 'ST3TRY6QNMZ18FD96BJHEG4KTWVF7AN5PAKDMRRFP, seq: u0, value: "e2e4" } (xchess-core-v1:565)
{ amount: u2000, event: "rebate-paid", game: u5, rebates-left: u44, who: 'ST3TRY6QNMZ18FD96BJHEG4KTWVF7AN5PAKDMRRFP } (xchess-core-v1:525)
{ event: "entry-submitted", game: u5, height: u344, sender: 'ST3TRY6QNMZ18FD96BJHEG4KTWVF7AN5PAKDMRRFP, seq: u1, value: "e2e4" } (xchess-core-v1:565)
{ amount: u2000, event: "rebate-paid", game: u5, rebates-left: u43, who: 'ST3TRY6QNMZ18FD96BJHEG4KTWVF7AN5PAKDMRRFP } (xchess-core-v1:525)
{ event: "entry-submitted", game: u5, height: u346, sender: 'ST3TRY6QNMZ18FD96BJHEG4KTWVF7AN5PAKDMRRFP, seq: u2, value: "e2e4" } (xchess-core-v1:565)
{ amount: u2000, event: "rebate-paid", game: u5, rebates-left: u42, who: 'ST3TRY6QNMZ18FD96BJHEG4KTWVF7AN5PAKDMRRFP } (xchess-core-v1:525)
{ event: "entry-submitted", game: u5, height: u348, sender: 'ST3TRY6QNMZ18FD96BJHEG4KTWVF7AN5PAKDMRRFP, seq: u3, value: "e2e4" } (xchess-core-v1:565)
{ amount: u2000, event: "rebate-paid", game: u5, rebates-left: u41, who: 'ST3TRY6QNMZ18FD96BJHEG4KTWVF7AN5PAKDMRRFP } (xchess-core-v1:525)
{ event: "entry-submitted", game: u5, height: u350, sender: 'ST3TRY6QNMZ18FD96BJHEG4KTWVF7AN5PAKDMRRFP, seq: u4, value: "e2e4" } (xchess-core-v1:565)
{ amount: u2000, event: "rebate-paid", game: u5, rebates-left: u40, who: 'ST3TRY6QNMZ18FD96BJHEG4KTWVF7AN5PAKDMRRFP } (xchess-core-v1:525)
{ event: "entry-submitted", game: u5, height: u352, sender: 'ST3TRY6QNMZ18FD96BJHEG4KTWVF7AN5PAKDMRRFP, seq: u5, value: "e2e4" } (xchess-core-v1:565)
{ amount: u2000, event: "rebate-paid", game: u5, rebates-left: u39, who: 'ST3TRY6QNMZ18FD96BJHEG4KTWVF7AN5PAKDMRRFP } (xchess-core-v1:525)
{ event: "entry-submitted", game: u5, height: u354, sender: 'ST3TRY6QNMZ18FD96BJHEG4KTWVF7AN5PAKDMRRFP, seq: u6, value: "e2e4" } (xchess-core-v1:565)
{ amount: u2000, event: "rebate-paid", game: u5, rebates-left: u38, who: 'ST3TRY6QNMZ18FD96BJHEG4KTWVF7AN5PAKDMRRFP } (xchess-core-v1:525)
{ event: "entry-submitted", game: u5, height: u356, sender: 'ST3TRY6QNMZ18FD96BJHEG4KTWVF7AN5PAKDMRRFP, seq: u7, value: "e2e4" } (xchess-core-v1:565)
{ amount: u2000, event: "rebate-paid", game: u5, rebates-left: u37, who: 'ST3TRY6QNMZ18FD96BJHEG4KTWVF7AN5PAKDMRRFP } (xchess-core-v1:525)
{ event: "entry-submitted", game: u5, height: u358, sender: 'ST3TRY6QNMZ18FD96BJHEG4KTWVF7AN5PAKDMRRFP, seq: u8, value: "e2e4" } (xchess-core-v1:565)
{ amount: u2000, event: "rebate-paid", game: u5, rebates-left: u36, who: 'ST3TRY6QNMZ18FD96BJHEG4KTWVF7AN5PAKDMRRFP } (xchess-core-v1:525)
{ event: "entry-submitted", game: u5, height: u360, sender: 'ST3TRY6QNMZ18FD96BJHEG4KTWVF7AN5PAKDMRRFP, seq: u9, value: "e2e4" } (xchess-core-v1:565)
{ amount: u2000, event: "rebate-paid", game: u5, rebates-left: u35, who: 'ST3TRY6QNMZ18FD96BJHEG4KTWVF7AN5PAKDMRRFP } (xchess-core-v1:525)
{ event: "entry-submitted", game: u5, height: u362, sender: 'ST3TRY6QNMZ18FD96BJHEG4KTWVF7AN5PAKDMRRFP, seq: u10, value: "e2e4" } (xchess-core-v1:565)
{ amount: u2000, event: "rebate-paid", game: u5, rebates-left: u34, who: 'ST3TRY6QNMZ18FD96BJHEG4KTWVF7AN5PAKDMRRFP } (xchess-core-v1:525)
{ event: "entry-submitted", game: u5, height: u364, sender: 'ST3TRY6QNMZ18FD96BJHEG4KTWVF7AN5PAKDMRRFP, seq: u11, value: "e2e4" } (xchess-core-v1:565)
{ amount: u2000, event: "rebate-paid", game: u5, rebates-left: u33, who: 'ST3TRY6QNMZ18FD96BJHEG4KTWVF7AN5PAKDMRRFP } (xchess-core-v1:525)
{ event: "entry-submitted", game: u5, height: u366, sender: 'ST3TRY6QNMZ18FD96BJHEG4KTWVF7AN5PAKDMRRFP, seq: u12, value: "e2e4" } (xchess-core-v1:565)
{ amount: u2000, event: "rebate-paid", game: u5, rebates-left: u32, who: 'ST3TRY6QNMZ18FD96BJHEG4KTWVF7AN5PAKDMRRFP } (xchess-core-v1:525)
{ event: "entry-submitted", game: u5, height: u368, sender: 'ST3TRY6QNMZ18FD96BJHEG4KTWVF7AN5PAKDMRRFP, seq: u13, value: "e2e4" } (xchess-core-v1:565)
{ amount: u2000, event: "rebate-paid", game: u5, rebates-left: u31, who: 'ST3TRY6QNMZ18FD96BJHEG4KTWVF7AN5PAKDMRRFP } (xchess-core-v1:525)
{ event: "entry-submitted", game: u5, height: u370, sender: 'ST3TRY6QNMZ18FD96BJHEG4KTWVF7AN5PAKDMRRFP, seq: u14, value: "e2e4" } (xchess-core-v1:565)
{ amount: u2000, event: "rebate-paid", game: u5, rebates-left: u30, who: 'ST3TRY6QNMZ18FD96BJHEG4KTWVF7AN5PAKDMRRFP } (xchess-core-v1:525)
{ event: "entry-submitted", game: u5, height: u372, sender: 'ST3TRY6QNMZ18FD96BJHEG4KTWVF7AN5PAKDMRRFP, seq: u15, value: "e2e4" } (xchess-core-v1:565)
{ amount: u2000, event: "rebate-paid", game: u5, rebates-left: u29, who: 'ST3TRY6QNMZ18FD96BJHEG4KTWVF7AN5PAKDMRRFP } (xchess-core-v1:525)
{ event: "entry-submitted", game: u5, height: u374, sender: 'ST3TRY6QNMZ18FD96BJHEG4KTWVF7AN5PAKDMRRFP, seq: u16, value: "e2e4" } (xchess-core-v1:565)
{ amount: u2000, event: "rebate-paid", game: u5, rebates-left: u28, who: 'ST3TRY6QNMZ18FD96BJHEG4KTWVF7AN5PAKDMRRFP } (xchess-core-v1:525)
{ event: "entry-submitted", game: u5, height: u376, sender: 'ST3TRY6QNMZ18FD96BJHEG4KTWVF7AN5PAKDMRRFP, seq: u17, value: "e2e4" } (xchess-core-v1:565)
{ amount: u2000, event: "rebate-paid", game: u5, rebates-left: u27, who: 'ST3TRY6QNMZ18FD96BJHEG4KTWVF7AN5PAKDMRRFP } (xchess-core-v1:525)
{ event: "entry-submitted", game: u5, height: u378, sender: 'ST3TRY6QNMZ18FD96BJHEG4KTWVF7AN5PAKDMRRFP, seq: u18, value: "e2e4" } (xchess-core-v1:565)
{ amount: u2000, event: "rebate-paid", game: u5, rebates-left: u26, who: 'ST3TRY6QNMZ18FD96BJHEG4KTWVF7AN5PAKDMRRFP } (xchess-core-v1:525)
{ event: "entry-submitted", game: u5, height: u380, sender: 'ST3TRY6QNMZ18FD96BJHEG4KTWVF7AN5PAKDMRRFP, seq: u19, value: "e2e4" } (xchess-core-v1:565)
{ amount: u2000, event: "rebate-paid", game: u5, rebates-left: u25, who: 'ST3TRY6QNMZ18FD96BJHEG4KTWVF7AN5PAKDMRRFP } (xchess-core-v1:525)
{ event: "entry-submitted", game: u5, height: u382, sender: 'ST3TRY6QNMZ18FD96BJHEG4KTWVF7AN5PAKDMRRFP, seq: u20, value: "e2e4" } (xchess-core-v1:565)
{ amount: u2000, event: "rebate-paid", game: u5, rebates-left: u24, who: 'ST3TRY6QNMZ18FD96BJHEG4KTWVF7AN5PAKDMRRFP } (xchess-core-v1:525)
{ event: "entry-submitted", game: u5, height: u384, sender: 'ST3TRY6QNMZ18FD96BJHEG4KTWVF7AN5PAKDMRRFP, seq: u21, value: "e2e4" } (xchess-core-v1:565)
{ amount: u2000, event: "rebate-paid", game: u5, rebates-left: u23, who: 'ST3TRY6QNMZ18FD96BJHEG4KTWVF7AN5PAKDMRRFP } (xchess-core-v1:525)
{ event: "entry-submitted", game: u5, height: u386, sender: 'ST3TRY6QNMZ18FD96BJHEG4KTWVF7AN5PAKDMRRFP, seq: u22, value: "e2e4" } (xchess-core-v1:565)
{ amount: u2000, event: "rebate-paid", game: u5, rebates-left: u22, who: 'ST3TRY6QNMZ18FD96BJHEG4KTWVF7AN5PAKDMRRFP } (xchess-core-v1:525)
{ event: "entry-submitted", game: u5, height: u388, sender: 'ST3TRY6QNMZ18FD96BJHEG4KTWVF7AN5PAKDMRRFP, seq: u23, value: "e2e4" } (xchess-core-v1:565)
{ amount: u2000, event: "rebate-paid", game: u5, rebates-left: u21, who: 'ST3TRY6QNMZ18FD96BJHEG4KTWVF7AN5PAKDMRRFP } (xchess-core-v1:525)
{ event: "entry-submitted", game: u5, height: u390, sender: 'ST3TRY6QNMZ18FD96BJHEG4KTWVF7AN5PAKDMRRFP, seq: u24, value: "e2e4" } (xchess-core-v1:565)
{ amount: u2000, event: "rebate-paid", game: u5, rebates-left: u20, who: 'ST3TRY6QNMZ18FD96BJHEG4KTWVF7AN5PAKDMRRFP } (xchess-core-v1:525)
{ event: "entry-submitted", game: u5, height: u392, sender: 'ST3TRY6QNMZ18FD96BJHEG4KTWVF7AN5PAKDMRRFP, seq: u25, value: "e2e4" } (xchess-core-v1:565)
{ amount: u2000, event: "rebate-paid", game: u5, rebates-left: u19, who: 'ST3TRY6QNMZ18FD96BJHEG4KTWVF7AN5PAKDMRRFP } (xchess-core-v1:525)
{ event: "entry-submitted", game: u5, height: u394, sender: 'ST3TRY6QNMZ18FD96BJHEG4KTWVF7AN5PAKDMRRFP, seq: u26, value: "e2e4" } (xchess-core-v1:565)
{ amount: u2000, event: "rebate-paid", game: u5, rebates-left: u18, who: 'ST3TRY6QNMZ18FD96BJHEG4KTWVF7AN5PAKDMRRFP } (xchess-core-v1:525)
{ event: "entry-submitted", game: u5, height: u396, sender: 'ST3TRY6QNMZ18FD96BJHEG4KTWVF7AN5PAKDMRRFP, seq: u27, value: "e2e4" } (xchess-core-v1:565)
{ amount: u2000, event: "rebate-paid", game: u5, rebates-left: u17, who: 'ST3TRY6QNMZ18FD96BJHEG4KTWVF7AN5PAKDMRRFP } (xchess-core-v1:525)
{ event: "entry-submitted", game: u5, height: u398, sender: 'ST3TRY6QNMZ18FD96BJHEG4KTWVF7AN5PAKDMRRFP, seq: u28, value: "e2e4" } (xchess-core-v1:565)
{ amount: u2000, event: "rebate-paid", game: u5, rebates-left: u16, who: 'ST3TRY6QNMZ18FD96BJHEG4KTWVF7AN5PAKDMRRFP } (xchess-core-v1:525)
{ event: "entry-submitted", game: u5, height: u400, sender: 'ST3TRY6QNMZ18FD96BJHEG4KTWVF7AN5PAKDMRRFP, seq: u29, value: "e2e4" } (xchess-core-v1:565)
{ amount: u2000, event: "rebate-paid", game: u5, rebates-left: u15, who: 'ST3TRY6QNMZ18FD96BJHEG4KTWVF7AN5PAKDMRRFP } (xchess-core-v1:525)
{ event: "entry-submitted", game: u5, height: u402, sender: 'ST3TRY6QNMZ18FD96BJHEG4KTWVF7AN5PAKDMRRFP, seq: u30, value: "e2e4" } (xchess-core-v1:565)
{ amount: u2000, event: "rebate-paid", game: u5, rebates-left: u14, who: 'ST3TRY6QNMZ18FD96BJHEG4KTWVF7AN5PAKDMRRFP } (xchess-core-v1:525)
{ event: "entry-submitted", game: u5, height: u404, sender: 'ST3TRY6QNMZ18FD96BJHEG4KTWVF7AN5PAKDMRRFP, seq: u31, value: "e2e4" } (xchess-core-v1:565)
{ amount: u2000, event: "rebate-paid", game: u5, rebates-left: u13, who: 'ST3TRY6QNMZ18FD96BJHEG4KTWVF7AN5PAKDMRRFP } (xchess-core-v1:525)
{ event: "entry-submitted", game: u5, height: u406, sender: 'ST3TRY6QNMZ18FD96BJHEG4KTWVF7AN5PAKDMRRFP, seq: u32, value: "e2e4" } (xchess-core-v1:565)
{ amount: u2000, event: "rebate-paid", game: u5, rebates-left: u12, who: 'ST3TRY6QNMZ18FD96BJHEG4KTWVF7AN5PAKDMRRFP } (xchess-core-v1:525)
{ event: "entry-submitted", game: u5, height: u408, sender: 'ST3TRY6QNMZ18FD96BJHEG4KTWVF7AN5PAKDMRRFP, seq: u33, value: "e2e4" } (xchess-core-v1:565)
{ amount: u2000, event: "rebate-paid", game: u5, rebates-left: u11, who: 'ST3TRY6QNMZ18FD96BJHEG4KTWVF7AN5PAKDMRRFP } (xchess-core-v1:525)
{ event: "entry-submitted", game: u5, height: u410, sender: 'ST3TRY6QNMZ18FD96BJHEG4KTWVF7AN5PAKDMRRFP, seq: u34, value: "e2e4" } (xchess-core-v1:565)
{ amount: u2000, event: "rebate-paid", game: u5, rebates-left: u10, who: 'ST3TRY6QNMZ18FD96BJHEG4KTWVF7AN5PAKDMRRFP } (xchess-core-v1:525)
{ event: "entry-submitted", game: u5, height: u412, sender: 'ST3TRY6QNMZ18FD96BJHEG4KTWVF7AN5PAKDMRRFP, seq: u35, value: "e2e4" } (xchess-core-v1:565)
{ amount: u2000, event: "rebate-paid", game: u5, rebates-left: u9, who: 'ST3TRY6QNMZ18FD96BJHEG4KTWVF7AN5PAKDMRRFP } (xchess-core-v1:525)
{ event: "entry-submitted", game: u5, height: u414, sender: 'ST3TRY6QNMZ18FD96BJHEG4KTWVF7AN5PAKDMRRFP, seq: u36, value: "e2e4" } (xchess-core-v1:565)
{ amount: u2000, event: "rebate-paid", game: u5, rebates-left: u8, who: 'ST3TRY6QNMZ18FD96BJHEG4KTWVF7AN5PAKDMRRFP } (xchess-core-v1:525)
{ event: "entry-submitted", game: u5, height: u416, sender: 'ST3TRY6QNMZ18FD96BJHEG4KTWVF7AN5PAKDMRRFP, seq: u37, value: "e2e4" } (xchess-core-v1:565)
{ amount: u2000, event: "rebate-paid", game: u5, rebates-left: u7, who: 'ST3TRY6QNMZ18FD96BJHEG4KTWVF7AN5PAKDMRRFP } (xchess-core-v1:525)
{ event: "entry-submitted", game: u5, height: u418, sender: 'ST3TRY6QNMZ18FD96BJHEG4KTWVF7AN5PAKDMRRFP, seq: u38, value: "e2e4" } (xchess-core-v1:565)
{ amount: u2000, event: "rebate-paid", game: u5, rebates-left: u6, who: 'ST3TRY6QNMZ18FD96BJHEG4KTWVF7AN5PAKDMRRFP } (xchess-core-v1:525)
{ event: "entry-submitted", game: u5, height: u420, sender: 'ST3TRY6QNMZ18FD96BJHEG4KTWVF7AN5PAKDMRRFP, seq: u39, value: "e2e4" } (xchess-core-v1:565)
{ amount: u2000, event: "rebate-paid", game: u5, rebates-left: u5, who: 'ST3TRY6QNMZ18FD96BJHEG4KTWVF7AN5PAKDMRRFP } (xchess-core-v1:525)
{ event: "entry-submitted", game: u5, height: u422, sender: 'ST3TRY6QNMZ18FD96BJHEG4KTWVF7AN5PAKDMRRFP, seq: u40, value: "e2e4" } (xchess-core-v1:565)
{ amount: u2000, event: "rebate-paid", game: u5, rebates-left: u4, who: 'ST3TRY6QNMZ18FD96BJHEG4KTWVF7AN5PAKDMRRFP } (xchess-core-v1:525)
{ event: "game-opened", fee: u1000000, game: u6, height: u424, opened-by: 'ST85J1T8QBRRF1E3X429R720WMMTGMTTBQ1ABDZT, ranked: false, rules-hash: (some 0xabababababababababababababababababababababababababababababababab) } (xchess-core-v1:318)
{ bootstrap: u250000, event: "sponsorship-funded", expiry: u4744, funded-by: 'ST85J1T8QBRRF1E3X429R720WMMTGMTTBQ1ABDZT, game: u6, rebate: u2000, rebates: u45, reserved: u90000, who: 'ST3TRY6QNMZ18FD96BJHEG4KTWVF7AN5PAKDMRRFP } (xchess-core-v1:388)
{ event: "entry-submitted", game: u6, height: u426, sender: 'ST3TRY6QNMZ18FD96BJHEG4KTWVF7AN5PAKDMRRFP, seq: u0, value: "e2e4" } (xchess-core-v1:565)
{ amount: u2000, event: "rebate-paid", game: u6, rebates-left: u44, who: 'ST3TRY6QNMZ18FD96BJHEG4KTWVF7AN5PAKDMRRFP } (xchess-core-v1:525)
{ event: "entry-submitted", game: u6, height: u428, sender: 'ST3TRY6QNMZ18FD96BJHEG4KTWVF7AN5PAKDMRRFP, seq: u1, value: "e2e4" } (xchess-core-v1:565)
{ amount: u2000, event: "rebate-paid", game: u6, rebates-left: u43, who: 'ST3TRY6QNMZ18FD96BJHEG4KTWVF7AN5PAKDMRRFP } (xchess-core-v1:525)
{ event: "entry-submitted", game: u6, height: u430, sender: 'ST3TRY6QNMZ18FD96BJHEG4KTWVF7AN5PAKDMRRFP, seq: u2, value: "e2e4" } (xchess-core-v1:565)
{ amount: u2000, event: "rebate-paid", game: u6, rebates-left: u42, who: 'ST3TRY6QNMZ18FD96BJHEG4KTWVF7AN5PAKDMRRFP } (xchess-core-v1:525)
{ event: "entry-submitted", game: u6, height: u432, sender: 'ST3TRY6QNMZ18FD96BJHEG4KTWVF7AN5PAKDMRRFP, seq: u3, value: "e2e4" } (xchess-core-v1:565)
{ amount: u2000, event: "rebate-paid", game: u6, rebates-left: u41, who: 'ST3TRY6QNMZ18FD96BJHEG4KTWVF7AN5PAKDMRRFP } (xchess-core-v1:525)
{ event: "entry-submitted", game: u6, height: u434, sender: 'ST3TRY6QNMZ18FD96BJHEG4KTWVF7AN5PAKDMRRFP, seq: u4, value: "e2e4" } (xchess-core-v1:565)
{ amount: u2000, event: "rebate-paid", game: u6, rebates-left: u40, who: 'ST3TRY6QNMZ18FD96BJHEG4KTWVF7AN5PAKDMRRFP } (xchess-core-v1:525)
{ event: "entry-submitted", game: u6, height: u436, sender: 'ST3TRY6QNMZ18FD96BJHEG4KTWVF7AN5PAKDMRRFP, seq: u5, value: "e2e4" } (xchess-core-v1:565)
{ amount: u2000, event: "rebate-paid", game: u6, rebates-left: u39, who: 'ST3TRY6QNMZ18FD96BJHEG4KTWVF7AN5PAKDMRRFP } (xchess-core-v1:525)
{ event: "entry-submitted", game: u6, height: u438, sender: 'ST3TRY6QNMZ18FD96BJHEG4KTWVF7AN5PAKDMRRFP, seq: u6, value: "e2e4" } (xchess-core-v1:565)
{ amount: u2000, event: "rebate-paid", game: u6, rebates-left: u38, who: 'ST3TRY6QNMZ18FD96BJHEG4KTWVF7AN5PAKDMRRFP } (xchess-core-v1:525)
{ event: "entry-submitted", game: u6, height: u440, sender: 'ST3TRY6QNMZ18FD96BJHEG4KTWVF7AN5PAKDMRRFP, seq: u7, value: "e2e4" } (xchess-core-v1:565)
{ amount: u2000, event: "rebate-paid", game: u6, rebates-left: u37, who: 'ST3TRY6QNMZ18FD96BJHEG4KTWVF7AN5PAKDMRRFP } (xchess-core-v1:525)
{ event: "entry-submitted", game: u6, height: u442, sender: 'ST3TRY6QNMZ18FD96BJHEG4KTWVF7AN5PAKDMRRFP, seq: u8, value: "e2e4" } (xchess-core-v1:565)
{ amount: u2000, event: "rebate-paid", game: u6, rebates-left: u36, who: 'ST3TRY6QNMZ18FD96BJHEG4KTWVF7AN5PAKDMRRFP } (xchess-core-v1:525)
{ event: "entry-submitted", game: u6, height: u444, sender: 'ST3TRY6QNMZ18FD96BJHEG4KTWVF7AN5PAKDMRRFP, seq: u9, value: "e2e4" } (xchess-core-v1:565)
{ amount: u2000, event: "rebate-paid", game: u6, rebates-left: u35, who: 'ST3TRY6QNMZ18FD96BJHEG4KTWVF7AN5PAKDMRRFP } (xchess-core-v1:525)
{ event: "entry-submitted", game: u6, height: u446, sender: 'ST3TRY6QNMZ18FD96BJHEG4KTWVF7AN5PAKDMRRFP, seq: u10, value: "e2e4" } (xchess-core-v1:565)
{ amount: u2000, event: "rebate-paid", game: u6, rebates-left: u34, who: 'ST3TRY6QNMZ18FD96BJHEG4KTWVF7AN5PAKDMRRFP } (xchess-core-v1:525)
{ event: "entry-submitted", game: u6, height: u448, sender: 'ST3TRY6QNMZ18FD96BJHEG4KTWVF7AN5PAKDMRRFP, seq: u11, value: "e2e4" } (xchess-core-v1:565)
{ amount: u2000, event: "rebate-paid", game: u6, rebates-left: u33, who: 'ST3TRY6QNMZ18FD96BJHEG4KTWVF7AN5PAKDMRRFP } (xchess-core-v1:525)
{ event: "entry-submitted", game: u6, height: u450, sender: 'ST3TRY6QNMZ18FD96BJHEG4KTWVF7AN5PAKDMRRFP, seq: u12, value: "e2e4" } (xchess-core-v1:565)
{ amount: u2000, event: "rebate-paid", game: u6, rebates-left: u32, who: 'ST3TRY6QNMZ18FD96BJHEG4KTWVF7AN5PAKDMRRFP } (xchess-core-v1:525)
{ event: "entry-submitted", game: u6, height: u452, sender: 'ST3TRY6QNMZ18FD96BJHEG4KTWVF7AN5PAKDMRRFP, seq: u13, value: "e2e4" } (xchess-core-v1:565)
{ amount: u2000, event: "rebate-paid", game: u6, rebates-left: u31, who: 'ST3TRY6QNMZ18FD96BJHEG4KTWVF7AN5PAKDMRRFP } (xchess-core-v1:525)
{ event: "entry-submitted", game: u6, height: u454, sender: 'ST3TRY6QNMZ18FD96BJHEG4KTWVF7AN5PAKDMRRFP, seq: u14, value: "e2e4" } (xchess-core-v1:565)
{ amount: u2000, event: "rebate-paid", game: u6, rebates-left: u30, who: 'ST3TRY6QNMZ18FD96BJHEG4KTWVF7AN5PAKDMRRFP } (xchess-core-v1:525)
{ event: "entry-submitted", game: u6, height: u456, sender: 'ST3TRY6QNMZ18FD96BJHEG4KTWVF7AN5PAKDMRRFP, seq: u15, value: "e2e4" } (xchess-core-v1:565)
{ amount: u2000, event: "rebate-paid", game: u6, rebates-left: u29, who: 'ST3TRY6QNMZ18FD96BJHEG4KTWVF7AN5PAKDMRRFP } (xchess-core-v1:525)
{ event: "entry-submitted", game: u6, height: u458, sender: 'ST3TRY6QNMZ18FD96BJHEG4KTWVF7AN5PAKDMRRFP, seq: u16, value: "e2e4" } (xchess-core-v1:565)
{ amount: u2000, event: "rebate-paid", game: u6, rebates-left: u28, who: 'ST3TRY6QNMZ18FD96BJHEG4KTWVF7AN5PAKDMRRFP } (xchess-core-v1:525)
{ event: "entry-submitted", game: u6, height: u460, sender: 'ST3TRY6QNMZ18FD96BJHEG4KTWVF7AN5PAKDMRRFP, seq: u17, value: "e2e4" } (xchess-core-v1:565)
{ amount: u2000, event: "rebate-paid", game: u6, rebates-left: u27, who: 'ST3TRY6QNMZ18FD96BJHEG4KTWVF7AN5PAKDMRRFP } (xchess-core-v1:525)
{ event: "entry-submitted", game: u6, height: u462, sender: 'ST3TRY6QNMZ18FD96BJHEG4KTWVF7AN5PAKDMRRFP, seq: u18, value: "e2e4" } (xchess-core-v1:565)
{ amount: u2000, event: "rebate-paid", game: u6, rebates-left: u26, who: 'ST3TRY6QNMZ18FD96BJHEG4KTWVF7AN5PAKDMRRFP } (xchess-core-v1:525)
{ event: "entry-submitted", game: u6, height: u464, sender: 'ST3TRY6QNMZ18FD96BJHEG4KTWVF7AN5PAKDMRRFP, seq: u19, value: "e2e4" } (xchess-core-v1:565)
{ amount: u2000, event: "rebate-paid", game: u6, rebates-left: u25, who: 'ST3TRY6QNMZ18FD96BJHEG4KTWVF7AN5PAKDMRRFP } (xchess-core-v1:525)
{ event: "entry-submitted", game: u6, height: u466, sender: 'ST3TRY6QNMZ18FD96BJHEG4KTWVF7AN5PAKDMRRFP, seq: u20, value: "e2e4" } (xchess-core-v1:565)
{ amount: u2000, event: "rebate-paid", game: u6, rebates-left: u24, who: 'ST3TRY6QNMZ18FD96BJHEG4KTWVF7AN5PAKDMRRFP } (xchess-core-v1:525)
{ event: "entry-submitted", game: u6, height: u468, sender: 'ST3TRY6QNMZ18FD96BJHEG4KTWVF7AN5PAKDMRRFP, seq: u21, value: "e2e4" } (xchess-core-v1:565)
{ amount: u2000, event: "rebate-paid", game: u6, rebates-left: u23, who: 'ST3TRY6QNMZ18FD96BJHEG4KTWVF7AN5PAKDMRRFP } (xchess-core-v1:525)
{ event: "entry-submitted", game: u6, height: u470, sender: 'ST3TRY6QNMZ18FD96BJHEG4KTWVF7AN5PAKDMRRFP, seq: u22, value: "e2e4" } (xchess-core-v1:565)
{ amount: u2000, event: "rebate-paid", game: u6, rebates-left: u22, who: 'ST3TRY6QNMZ18FD96BJHEG4KTWVF7AN5PAKDMRRFP } (xchess-core-v1:525)
{ event: "entry-submitted", game: u6, height: u472, sender: 'ST3TRY6QNMZ18FD96BJHEG4KTWVF7AN5PAKDMRRFP, seq: u23, value: "e2e4" } (xchess-core-v1:565)
{ amount: u2000, event: "rebate-paid", game: u6, rebates-left: u21, who: 'ST3TRY6QNMZ18FD96BJHEG4KTWVF7AN5PAKDMRRFP } (xchess-core-v1:525)
{ event: "entry-submitted", game: u6, height: u474, sender: 'ST3TRY6QNMZ18FD96BJHEG4KTWVF7AN5PAKDMRRFP, seq: u24, value: "e2e4" } (xchess-core-v1:565)
{ amount: u2000, event: "rebate-paid", game: u6, rebates-left: u20, who: 'ST3TRY6QNMZ18FD96BJHEG4KTWVF7AN5PAKDMRRFP } (xchess-core-v1:525)
{ event: "entry-submitted", game: u6, height: u476, sender: 'ST3TRY6QNMZ18FD96BJHEG4KTWVF7AN5PAKDMRRFP, seq: u25, value: "e2e4" } (xchess-core-v1:565)
{ amount: u2000, event: "rebate-paid", game: u6, rebates-left: u19, who: 'ST3TRY6QNMZ18FD96BJHEG4KTWVF7AN5PAKDMRRFP } (xchess-core-v1:525)
{ event: "entry-submitted", game: u6, height: u478, sender: 'ST3TRY6QNMZ18FD96BJHEG4KTWVF7AN5PAKDMRRFP, seq: u26, value: "e2e4" } (xchess-core-v1:565)
{ amount: u2000, event: "rebate-paid", game: u6, rebates-left: u18, who: 'ST3TRY6QNMZ18FD96BJHEG4KTWVF7AN5PAKDMRRFP } (xchess-core-v1:525)
{ event: "entry-submitted", game: u6, height: u480, sender: 'ST3TRY6QNMZ18FD96BJHEG4KTWVF7AN5PAKDMRRFP, seq: u27, value: "e2e4" } (xchess-core-v1:565)
{ amount: u2000, event: "rebate-paid", game: u6, rebates-left: u17, who: 'ST3TRY6QNMZ18FD96BJHEG4KTWVF7AN5PAKDMRRFP } (xchess-core-v1:525)
{ event: "entry-submitted", game: u6, height: u482, sender: 'ST3TRY6QNMZ18FD96BJHEG4KTWVF7AN5PAKDMRRFP, seq: u28, value: "e2e4" } (xchess-core-v1:565)
{ amount: u2000, event: "rebate-paid", game: u6, rebates-left: u16, who: 'ST3TRY6QNMZ18FD96BJHEG4KTWVF7AN5PAKDMRRFP } (xchess-core-v1:525)
{ event: "entry-submitted", game: u6, height: u484, sender: 'ST3TRY6QNMZ18FD96BJHEG4KTWVF7AN5PAKDMRRFP, seq: u29, value: "e2e4" } (xchess-core-v1:565)
{ amount: u2000, event: "rebate-paid", game: u6, rebates-left: u15, who: 'ST3TRY6QNMZ18FD96BJHEG4KTWVF7AN5PAKDMRRFP } (xchess-core-v1:525)
{ event: "entry-submitted", game: u6, height: u486, sender: 'ST3TRY6QNMZ18FD96BJHEG4KTWVF7AN5PAKDMRRFP, seq: u30, value: "e2e4" } (xchess-core-v1:565)
{ amount: u2000, event: "rebate-paid", game: u6, rebates-left: u14, who: 'ST3TRY6QNMZ18FD96BJHEG4KTWVF7AN5PAKDMRRFP } (xchess-core-v1:525)
{ event: "entry-submitted", game: u6, height: u488, sender: 'ST3TRY6QNMZ18FD96BJHEG4KTWVF7AN5PAKDMRRFP, seq: u31, value: "e2e4" } (xchess-core-v1:565)
{ amount: u2000, event: "rebate-paid", game: u6, rebates-left: u13, who: 'ST3TRY6QNMZ18FD96BJHEG4KTWVF7AN5PAKDMRRFP } (xchess-core-v1:525)
{ event: "entry-submitted", game: u6, height: u490, sender: 'ST3TRY6QNMZ18FD96BJHEG4KTWVF7AN5PAKDMRRFP, seq: u32, value: "e2e4" } (xchess-core-v1:565)
{ amount: u2000, event: "rebate-paid", game: u6, rebates-left: u12, who: 'ST3TRY6QNMZ18FD96BJHEG4KTWVF7AN5PAKDMRRFP } (xchess-core-v1:525)
{ event: "entry-submitted", game: u6, height: u492, sender: 'ST3TRY6QNMZ18FD96BJHEG4KTWVF7AN5PAKDMRRFP, seq: u33, value: "e2e4" } (xchess-core-v1:565)
{ amount: u2000, event: "rebate-paid", game: u6, rebates-left: u11, who: 'ST3TRY6QNMZ18FD96BJHEG4KTWVF7AN5PAKDMRRFP } (xchess-core-v1:525)
{ event: "entry-submitted", game: u6, height: u494, sender: 'ST3TRY6QNMZ18FD96BJHEG4KTWVF7AN5PAKDMRRFP, seq: u34, value: "e2e4" } (xchess-core-v1:565)
{ amount: u2000, event: "rebate-paid", game: u6, rebates-left: u10, who: 'ST3TRY6QNMZ18FD96BJHEG4KTWVF7AN5PAKDMRRFP } (xchess-core-v1:525)
{ event: "entry-submitted", game: u6, height: u496, sender: 'ST3TRY6QNMZ18FD96BJHEG4KTWVF7AN5PAKDMRRFP, seq: u35, value: "e2e4" } (xchess-core-v1:565)
{ amount: u2000, event: "rebate-paid", game: u6, rebates-left: u9, who: 'ST3TRY6QNMZ18FD96BJHEG4KTWVF7AN5PAKDMRRFP } (xchess-core-v1:525)
{ event: "entry-submitted", game: u6, height: u498, sender: 'ST3TRY6QNMZ18FD96BJHEG4KTWVF7AN5PAKDMRRFP, seq: u36, value: "e2e4" } (xchess-core-v1:565)
{ amount: u2000, event: "rebate-paid", game: u6, rebates-left: u8, who: 'ST3TRY6QNMZ18FD96BJHEG4KTWVF7AN5PAKDMRRFP } (xchess-core-v1:525)
{ event: "entry-submitted", game: u6, height: u500, sender: 'ST3TRY6QNMZ18FD96BJHEG4KTWVF7AN5PAKDMRRFP, seq: u37, value: "e2e4" } (xchess-core-v1:565)
{ amount: u2000, event: "rebate-paid", game: u6, rebates-left: u7, who: 'ST3TRY6QNMZ18FD96BJHEG4KTWVF7AN5PAKDMRRFP } (xchess-core-v1:525)
{ event: "entry-submitted", game: u6, height: u502, sender: 'ST3TRY6QNMZ18FD96BJHEG4KTWVF7AN5PAKDMRRFP, seq: u38, value: "e2e4" } (xchess-core-v1:565)
{ amount: u2000, event: "rebate-paid", game: u6, rebates-left: u6, who: 'ST3TRY6QNMZ18FD96BJHEG4KTWVF7AN5PAKDMRRFP } (xchess-core-v1:525)
{ event: "entry-submitted", game: u6, height: u504, sender: 'ST3TRY6QNMZ18FD96BJHEG4KTWVF7AN5PAKDMRRFP, seq: u39, value: "e2e4" } (xchess-core-v1:565)
{ amount: u2000, event: "rebate-paid", game: u6, rebates-left: u5, who: 'ST3TRY6QNMZ18FD96BJHEG4KTWVF7AN5PAKDMRRFP } (xchess-core-v1:525)
{ event: "entry-submitted", game: u6, height: u506, sender: 'ST3TRY6QNMZ18FD96BJHEG4KTWVF7AN5PAKDMRRFP, seq: u40, value: "e2e4" } (xchess-core-v1:565)
{ amount: u2000, event: "rebate-paid", game: u6, rebates-left: u4, who: 'ST3TRY6QNMZ18FD96BJHEG4KTWVF7AN5PAKDMRRFP } (xchess-core-v1:525)
{ event: "game-opened", fee: u1000000, game: u7, height: u508, opened-by: 'ST85J1T8QBRRF1E3X429R720WMMTGMTTBQ1ABDZT, ranked: false, rules-hash: (some 0xabababababababababababababababababababababababababababababababab) } (xchess-core-v1:318)
{ bootstrap: u250000, event: "sponsorship-funded", expiry: u4828, funded-by: 'ST85J1T8QBRRF1E3X429R720WMMTGMTTBQ1ABDZT, game: u7, rebate: u2000, rebates: u45, reserved: u90000, who: 'ST3TRY6QNMZ18FD96BJHEG4KTWVF7AN5PAKDMRRFP } (xchess-core-v1:388)
{ event: "entry-submitted", game: u7, height: u510, sender: 'ST3TRY6QNMZ18FD96BJHEG4KTWVF7AN5PAKDMRRFP, seq: u0, value: "e2e4" } (xchess-core-v1:565)
{ amount: u2000, event: "rebate-paid", game: u7, rebates-left: u44, who: 'ST3TRY6QNMZ18FD96BJHEG4KTWVF7AN5PAKDMRRFP } (xchess-core-v1:525)
{ event: "entry-submitted", game: u7, height: u512, sender: 'ST3TRY6QNMZ18FD96BJHEG4KTWVF7AN5PAKDMRRFP, seq: u1, value: "e2e4" } (xchess-core-v1:565)
{ amount: u2000, event: "rebate-paid", game: u7, rebates-left: u43, who: 'ST3TRY6QNMZ18FD96BJHEG4KTWVF7AN5PAKDMRRFP } (xchess-core-v1:525)
{ event: "entry-submitted", game: u7, height: u514, sender: 'ST3TRY6QNMZ18FD96BJHEG4KTWVF7AN5PAKDMRRFP, seq: u2, value: "e2e4" } (xchess-core-v1:565)
{ amount: u2000, event: "rebate-paid", game: u7, rebates-left: u42, who: 'ST3TRY6QNMZ18FD96BJHEG4KTWVF7AN5PAKDMRRFP } (xchess-core-v1:525)
{ event: "entry-submitted", game: u7, height: u516, sender: 'ST3TRY6QNMZ18FD96BJHEG4KTWVF7AN5PAKDMRRFP, seq: u3, value: "e2e4" } (xchess-core-v1:565)
{ amount: u2000, event: "rebate-paid", game: u7, rebates-left: u41, who: 'ST3TRY6QNMZ18FD96BJHEG4KTWVF7AN5PAKDMRRFP } (xchess-core-v1:525)
{ event: "entry-submitted", game: u7, height: u518, sender: 'ST3TRY6QNMZ18FD96BJHEG4KTWVF7AN5PAKDMRRFP, seq: u4, value: "e2e4" } (xchess-core-v1:565)
{ amount: u2000, event: "rebate-paid", game: u7, rebates-left: u40, who: 'ST3TRY6QNMZ18FD96BJHEG4KTWVF7AN5PAKDMRRFP } (xchess-core-v1:525)
{ event: "entry-submitted", game: u7, height: u520, sender: 'ST3TRY6QNMZ18FD96BJHEG4KTWVF7AN5PAKDMRRFP, seq: u5, value: "e2e4" } (xchess-core-v1:565)
{ amount: u2000, event: "rebate-paid", game: u7, rebates-left: u39, who: 'ST3TRY6QNMZ18FD96BJHEG4KTWVF7AN5PAKDMRRFP } (xchess-core-v1:525)
{ event: "entry-submitted", game: u7, height: u522, sender: 'ST3TRY6QNMZ18FD96BJHEG4KTWVF7AN5PAKDMRRFP, seq: u6, value: "e2e4" } (xchess-core-v1:565)
{ amount: u2000, event: "rebate-paid", game: u7, rebates-left: u38, who: 'ST3TRY6QNMZ18FD96BJHEG4KTWVF7AN5PAKDMRRFP } (xchess-core-v1:525)
{ event: "entry-submitted", game: u7, height: u524, sender: 'ST3TRY6QNMZ18FD96BJHEG4KTWVF7AN5PAKDMRRFP, seq: u7, value: "e2e4" } (xchess-core-v1:565)
{ amount: u2000, event: "rebate-paid", game: u7, rebates-left: u37, who: 'ST3TRY6QNMZ18FD96BJHEG4KTWVF7AN5PAKDMRRFP } (xchess-core-v1:525)
{ event: "entry-submitted", game: u7, height: u526, sender: 'ST3TRY6QNMZ18FD96BJHEG4KTWVF7AN5PAKDMRRFP, seq: u8, value: "e2e4" } (xchess-core-v1:565)
{ amount: u2000, event: "rebate-paid", game: u7, rebates-left: u36, who: 'ST3TRY6QNMZ18FD96BJHEG4KTWVF7AN5PAKDMRRFP } (xchess-core-v1:525)
{ event: "entry-submitted", game: u7, height: u528, sender: 'ST3TRY6QNMZ18FD96BJHEG4KTWVF7AN5PAKDMRRFP, seq: u9, value: "e2e4" } (xchess-core-v1:565)
{ amount: u2000, event: "rebate-paid", game: u7, rebates-left: u35, who: 'ST3TRY6QNMZ18FD96BJHEG4KTWVF7AN5PAKDMRRFP } (xchess-core-v1:525)
{ event: "entry-submitted", game: u7, height: u530, sender: 'ST3TRY6QNMZ18FD96BJHEG4KTWVF7AN5PAKDMRRFP, seq: u10, value: "e2e4" } (xchess-core-v1:565)
{ amount: u2000, event: "rebate-paid", game: u7, rebates-left: u34, who: 'ST3TRY6QNMZ18FD96BJHEG4KTWVF7AN5PAKDMRRFP } (xchess-core-v1:525)
{ event: "entry-submitted", game: u7, height: u532, sender: 'ST3TRY6QNMZ18FD96BJHEG4KTWVF7AN5PAKDMRRFP, seq: u11, value: "e2e4" } (xchess-core-v1:565)
{ amount: u2000, event: "rebate-paid", game: u7, rebates-left: u33, who: 'ST3TRY6QNMZ18FD96BJHEG4KTWVF7AN5PAKDMRRFP } (xchess-core-v1:525)
{ event: "entry-submitted", game: u7, height: u534, sender: 'ST3TRY6QNMZ18FD96BJHEG4KTWVF7AN5PAKDMRRFP, seq: u12, value: "e2e4" } (xchess-core-v1:565)
{ amount: u2000, event: "rebate-paid", game: u7, rebates-left: u32, who: 'ST3TRY6QNMZ18FD96BJHEG4KTWVF7AN5PAKDMRRFP } (xchess-core-v1:525)
{ event: "entry-submitted", game: u7, height: u536, sender: 'ST3TRY6QNMZ18FD96BJHEG4KTWVF7AN5PAKDMRRFP, seq: u13, value: "e2e4" } (xchess-core-v1:565)
{ amount: u2000, event: "rebate-paid", game: u7, rebates-left: u31, who: 'ST3TRY6QNMZ18FD96BJHEG4KTWVF7AN5PAKDMRRFP } (xchess-core-v1:525)
{ event: "entry-submitted", game: u7, height: u538, sender: 'ST3TRY6QNMZ18FD96BJHEG4KTWVF7AN5PAKDMRRFP, seq: u14, value: "e2e4" } (xchess-core-v1:565)
{ amount: u2000, event: "rebate-paid", game: u7, rebates-left: u30, who: 'ST3TRY6QNMZ18FD96BJHEG4KTWVF7AN5PAKDMRRFP } (xchess-core-v1:525)
{ event: "entry-submitted", game: u7, height: u540, sender: 'ST3TRY6QNMZ18FD96BJHEG4KTWVF7AN5PAKDMRRFP, seq: u15, value: "e2e4" } (xchess-core-v1:565)
{ amount: u2000, event: "rebate-paid", game: u7, rebates-left: u29, who: 'ST3TRY6QNMZ18FD96BJHEG4KTWVF7AN5PAKDMRRFP } (xchess-core-v1:525)
{ event: "entry-submitted", game: u7, height: u542, sender: 'ST3TRY6QNMZ18FD96BJHEG4KTWVF7AN5PAKDMRRFP, seq: u16, value: "e2e4" } (xchess-core-v1:565)
{ amount: u2000, event: "rebate-paid", game: u7, rebates-left: u28, who: 'ST3TRY6QNMZ18FD96BJHEG4KTWVF7AN5PAKDMRRFP } (xchess-core-v1:525)
{ event: "entry-submitted", game: u7, height: u544, sender: 'ST3TRY6QNMZ18FD96BJHEG4KTWVF7AN5PAKDMRRFP, seq: u17, value: "e2e4" } (xchess-core-v1:565)
{ amount: u2000, event: "rebate-paid", game: u7, rebates-left: u27, who: 'ST3TRY6QNMZ18FD96BJHEG4KTWVF7AN5PAKDMRRFP } (xchess-core-v1:525)
{ event: "entry-submitted", game: u7, height: u546, sender: 'ST3TRY6QNMZ18FD96BJHEG4KTWVF7AN5PAKDMRRFP, seq: u18, value: "e2e4" } (xchess-core-v1:565)
{ amount: u2000, event: "rebate-paid", game: u7, rebates-left: u26, who: 'ST3TRY6QNMZ18FD96BJHEG4KTWVF7AN5PAKDMRRFP } (xchess-core-v1:525)
{ event: "entry-submitted", game: u7, height: u548, sender: 'ST3TRY6QNMZ18FD96BJHEG4KTWVF7AN5PAKDMRRFP, seq: u19, value: "e2e4" } (xchess-core-v1:565)
{ amount: u2000, event: "rebate-paid", game: u7, rebates-left: u25, who: 'ST3TRY6QNMZ18FD96BJHEG4KTWVF7AN5PAKDMRRFP } (xchess-core-v1:525)
{ event: "entry-submitted", game: u7, height: u550, sender: 'ST3TRY6QNMZ18FD96BJHEG4KTWVF7AN5PAKDMRRFP, seq: u20, value: "e2e4" } (xchess-core-v1:565)
{ amount: u2000, event: "rebate-paid", game: u7, rebates-left: u24, who: 'ST3TRY6QNMZ18FD96BJHEG4KTWVF7AN5PAKDMRRFP } (xchess-core-v1:525)
{ event: "entry-submitted", game: u7, height: u552, sender: 'ST3TRY6QNMZ18FD96BJHEG4KTWVF7AN5PAKDMRRFP, seq: u21, value: "e2e4" } (xchess-core-v1:565)
{ amount: u2000, event: "rebate-paid", game: u7, rebates-left: u23, who: 'ST3TRY6QNMZ18FD96BJHEG4KTWVF7AN5PAKDMRRFP } (xchess-core-v1:525)
{ event: "entry-submitted", game: u7, height: u554, sender: 'ST3TRY6QNMZ18FD96BJHEG4KTWVF7AN5PAKDMRRFP, seq: u22, value: "e2e4" } (xchess-core-v1:565)
{ amount: u2000, event: "rebate-paid", game: u7, rebates-left: u22, who: 'ST3TRY6QNMZ18FD96BJHEG4KTWVF7AN5PAKDMRRFP } (xchess-core-v1:525)
{ event: "entry-submitted", game: u7, height: u556, sender: 'ST3TRY6QNMZ18FD96BJHEG4KTWVF7AN5PAKDMRRFP, seq: u23, value: "e2e4" } (xchess-core-v1:565)
{ amount: u2000, event: "rebate-paid", game: u7, rebates-left: u21, who: 'ST3TRY6QNMZ18FD96BJHEG4KTWVF7AN5PAKDMRRFP } (xchess-core-v1:525)
{ event: "entry-submitted", game: u7, height: u558, sender: 'ST3TRY6QNMZ18FD96BJHEG4KTWVF7AN5PAKDMRRFP, seq: u24, value: "e2e4" } (xchess-core-v1:565)
{ amount: u2000, event: "rebate-paid", game: u7, rebates-left: u20, who: 'ST3TRY6QNMZ18FD96BJHEG4KTWVF7AN5PAKDMRRFP } (xchess-core-v1:525)
{ event: "entry-submitted", game: u7, height: u560, sender: 'ST3TRY6QNMZ18FD96BJHEG4KTWVF7AN5PAKDMRRFP, seq: u25, value: "e2e4" } (xchess-core-v1:565)
{ amount: u2000, event: "rebate-paid", game: u7, rebates-left: u19, who: 'ST3TRY6QNMZ18FD96BJHEG4KTWVF7AN5PAKDMRRFP } (xchess-core-v1:525)
{ event: "entry-submitted", game: u7, height: u562, sender: 'ST3TRY6QNMZ18FD96BJHEG4KTWVF7AN5PAKDMRRFP, seq: u26, value: "e2e4" } (xchess-core-v1:565)
{ amount: u2000, event: "rebate-paid", game: u7, rebates-left: u18, who: 'ST3TRY6QNMZ18FD96BJHEG4KTWVF7AN5PAKDMRRFP } (xchess-core-v1:525)
{ event: "entry-submitted", game: u7, height: u564, sender: 'ST3TRY6QNMZ18FD96BJHEG4KTWVF7AN5PAKDMRRFP, seq: u27, value: "e2e4" } (xchess-core-v1:565)
{ amount: u2000, event: "rebate-paid", game: u7, rebates-left: u17, who: 'ST3TRY6QNMZ18FD96BJHEG4KTWVF7AN5PAKDMRRFP } (xchess-core-v1:525)
{ event: "entry-submitted", game: u7, height: u566, sender: 'ST3TRY6QNMZ18FD96BJHEG4KTWVF7AN5PAKDMRRFP, seq: u28, value: "e2e4" } (xchess-core-v1:565)
{ amount: u2000, event: "rebate-paid", game: u7, rebates-left: u16, who: 'ST3TRY6QNMZ18FD96BJHEG4KTWVF7AN5PAKDMRRFP } (xchess-core-v1:525)
{ event: "entry-submitted", game: u7, height: u568, sender: 'ST3TRY6QNMZ18FD96BJHEG4KTWVF7AN5PAKDMRRFP, seq: u29, value: "e2e4" } (xchess-core-v1:565)
{ amount: u2000, event: "rebate-paid", game: u7, rebates-left: u15, who: 'ST3TRY6QNMZ18FD96BJHEG4KTWVF7AN5PAKDMRRFP } (xchess-core-v1:525)
{ event: "entry-submitted", game: u7, height: u570, sender: 'ST3TRY6QNMZ18FD96BJHEG4KTWVF7AN5PAKDMRRFP, seq: u30, value: "e2e4" } (xchess-core-v1:565)
{ amount: u2000, event: "rebate-paid", game: u7, rebates-left: u14, who: 'ST3TRY6QNMZ18FD96BJHEG4KTWVF7AN5PAKDMRRFP } (xchess-core-v1:525)
{ event: "entry-submitted", game: u7, height: u572, sender: 'ST3TRY6QNMZ18FD96BJHEG4KTWVF7AN5PAKDMRRFP, seq: u31, value: "e2e4" } (xchess-core-v1:565)
{ amount: u2000, event: "rebate-paid", game: u7, rebates-left: u13, who: 'ST3TRY6QNMZ18FD96BJHEG4KTWVF7AN5PAKDMRRFP } (xchess-core-v1:525)
{ event: "entry-submitted", game: u7, height: u574, sender: 'ST3TRY6QNMZ18FD96BJHEG4KTWVF7AN5PAKDMRRFP, seq: u32, value: "e2e4" } (xchess-core-v1:565)
{ amount: u2000, event: "rebate-paid", game: u7, rebates-left: u12, who: 'ST3TRY6QNMZ18FD96BJHEG4KTWVF7AN5PAKDMRRFP } (xchess-core-v1:525)
{ event: "entry-submitted", game: u7, height: u576, sender: 'ST3TRY6QNMZ18FD96BJHEG4KTWVF7AN5PAKDMRRFP, seq: u33, value: "e2e4" } (xchess-core-v1:565)
{ amount: u2000, event: "rebate-paid", game: u7, rebates-left: u11, who: 'ST3TRY6QNMZ18FD96BJHEG4KTWVF7AN5PAKDMRRFP } (xchess-core-v1:525)
{ event: "entry-submitted", game: u7, height: u578, sender: 'ST3TRY6QNMZ18FD96BJHEG4KTWVF7AN5PAKDMRRFP, seq: u34, value: "e2e4" } (xchess-core-v1:565)
{ amount: u2000, event: "rebate-paid", game: u7, rebates-left: u10, who: 'ST3TRY6QNMZ18FD96BJHEG4KTWVF7AN5PAKDMRRFP } (xchess-core-v1:525)
{ event: "entry-submitted", game: u7, height: u580, sender: 'ST3TRY6QNMZ18FD96BJHEG4KTWVF7AN5PAKDMRRFP, seq: u35, value: "e2e4" } (xchess-core-v1:565)
{ amount: u2000, event: "rebate-paid", game: u7, rebates-left: u9, who: 'ST3TRY6QNMZ18FD96BJHEG4KTWVF7AN5PAKDMRRFP } (xchess-core-v1:525)
{ event: "entry-submitted", game: u7, height: u582, sender: 'ST3TRY6QNMZ18FD96BJHEG4KTWVF7AN5PAKDMRRFP, seq: u36, value: "e2e4" } (xchess-core-v1:565)
{ amount: u2000, event: "rebate-paid", game: u7, rebates-left: u8, who: 'ST3TRY6QNMZ18FD96BJHEG4KTWVF7AN5PAKDMRRFP } (xchess-core-v1:525)
{ event: "entry-submitted", game: u7, height: u584, sender: 'ST3TRY6QNMZ18FD96BJHEG4KTWVF7AN5PAKDMRRFP, seq: u37, value: "e2e4" } (xchess-core-v1:565)
{ amount: u2000, event: "rebate-paid", game: u7, rebates-left: u7, who: 'ST3TRY6QNMZ18FD96BJHEG4KTWVF7AN5PAKDMRRFP } (xchess-core-v1:525)
{ event: "entry-submitted", game: u7, height: u586, sender: 'ST3TRY6QNMZ18FD96BJHEG4KTWVF7AN5PAKDMRRFP, seq: u38, value: "e2e4" } (xchess-core-v1:565)
{ amount: u2000, event: "rebate-paid", game: u7, rebates-left: u6, who: 'ST3TRY6QNMZ18FD96BJHEG4KTWVF7AN5PAKDMRRFP } (xchess-core-v1:525)
{ event: "entry-submitted", game: u7, height: u588, sender: 'ST3TRY6QNMZ18FD96BJHEG4KTWVF7AN5PAKDMRRFP, seq: u39, value: "e2e4" } (xchess-core-v1:565)
{ amount: u2000, event: "rebate-paid", game: u7, rebates-left: u5, who: 'ST3TRY6QNMZ18FD96BJHEG4KTWVF7AN5PAKDMRRFP } (xchess-core-v1:525)
{ event: "entry-submitted", game: u7, height: u590, sender: 'ST3TRY6QNMZ18FD96BJHEG4KTWVF7AN5PAKDMRRFP, seq: u40, value: "e2e4" } (xchess-core-v1:565)
{ amount: u2000, event: "rebate-paid", game: u7, rebates-left: u4, who: 'ST3TRY6QNMZ18FD96BJHEG4KTWVF7AN5PAKDMRRFP } (xchess-core-v1:525)
{ event: "game-opened", fee: u1000000, game: u8, height: u592, opened-by: 'ST85J1T8QBRRF1E3X429R720WMMTGMTTBQ1ABDZT, ranked: false, rules-hash: (some 0xabababababababababababababababababababababababababababababababab) } (xchess-core-v1:318)
{ bootstrap: u250000, event: "sponsorship-funded", expiry: u4912, funded-by: 'ST85J1T8QBRRF1E3X429R720WMMTGMTTBQ1ABDZT, game: u8, rebate: u2000, rebates: u45, reserved: u90000, who: 'ST3TRY6QNMZ18FD96BJHEG4KTWVF7AN5PAKDMRRFP } (xchess-core-v1:388)
{ event: "entry-submitted", game: u8, height: u594, sender: 'ST3TRY6QNMZ18FD96BJHEG4KTWVF7AN5PAKDMRRFP, seq: u0, value: "e2e4" } (xchess-core-v1:565)
{ amount: u2000, event: "rebate-paid", game: u8, rebates-left: u44, who: 'ST3TRY6QNMZ18FD96BJHEG4KTWVF7AN5PAKDMRRFP } (xchess-core-v1:525)
{ event: "entry-submitted", game: u8, height: u596, sender: 'ST3TRY6QNMZ18FD96BJHEG4KTWVF7AN5PAKDMRRFP, seq: u1, value: "e2e4" } (xchess-core-v1:565)
{ amount: u2000, event: "rebate-paid", game: u8, rebates-left: u43, who: 'ST3TRY6QNMZ18FD96BJHEG4KTWVF7AN5PAKDMRRFP } (xchess-core-v1:525)
{ event: "entry-submitted", game: u8, height: u598, sender: 'ST3TRY6QNMZ18FD96BJHEG4KTWVF7AN5PAKDMRRFP, seq: u2, value: "e2e4" } (xchess-core-v1:565)
{ amount: u2000, event: "rebate-paid", game: u8, rebates-left: u42, who: 'ST3TRY6QNMZ18FD96BJHEG4KTWVF7AN5PAKDMRRFP } (xchess-core-v1:525)
{ event: "entry-submitted", game: u8, height: u600, sender: 'ST3TRY6QNMZ18FD96BJHEG4KTWVF7AN5PAKDMRRFP, seq: u3, value: "e2e4" } (xchess-core-v1:565)
{ amount: u2000, event: "rebate-paid", game: u8, rebates-left: u41, who: 'ST3TRY6QNMZ18FD96BJHEG4KTWVF7AN5PAKDMRRFP } (xchess-core-v1:525)
{ event: "entry-submitted", game: u8, height: u602, sender: 'ST3TRY6QNMZ18FD96BJHEG4KTWVF7AN5PAKDMRRFP, seq: u4, value: "e2e4" } (xchess-core-v1:565)
{ amount: u2000, event: "rebate-paid", game: u8, rebates-left: u40, who: 'ST3TRY6QNMZ18FD96BJHEG4KTWVF7AN5PAKDMRRFP } (xchess-core-v1:525)
{ event: "entry-submitted", game: u8, height: u604, sender: 'ST3TRY6QNMZ18FD96BJHEG4KTWVF7AN5PAKDMRRFP, seq: u5, value: "e2e4" } (xchess-core-v1:565)
{ amount: u2000, event: "rebate-paid", game: u8, rebates-left: u39, who: 'ST3TRY6QNMZ18FD96BJHEG4KTWVF7AN5PAKDMRRFP } (xchess-core-v1:525)
{ event: "entry-submitted", game: u8, height: u606, sender: 'ST3TRY6QNMZ18FD96BJHEG4KTWVF7AN5PAKDMRRFP, seq: u6, value: "e2e4" } (xchess-core-v1:565)
{ amount: u2000, event: "rebate-paid", game: u8, rebates-left: u38, who: 'ST3TRY6QNMZ18FD96BJHEG4KTWVF7AN5PAKDMRRFP } (xchess-core-v1:525)
{ event: "entry-submitted", game: u8, height: u608, sender: 'ST3TRY6QNMZ18FD96BJHEG4KTWVF7AN5PAKDMRRFP, seq: u7, value: "e2e4" } (xchess-core-v1:565)
{ amount: u2000, event: "rebate-paid", game: u8, rebates-left: u37, who: 'ST3TRY6QNMZ18FD96BJHEG4KTWVF7AN5PAKDMRRFP } (xchess-core-v1:525)
{ event: "entry-submitted", game: u8, height: u610, sender: 'ST3TRY6QNMZ18FD96BJHEG4KTWVF7AN5PAKDMRRFP, seq: u8, value: "e2e4" } (xchess-core-v1:565)
{ amount: u2000, event: "rebate-paid", game: u8, rebates-left: u36, who: 'ST3TRY6QNMZ18FD96BJHEG4KTWVF7AN5PAKDMRRFP } (xchess-core-v1:525)
{ event: "entry-submitted", game: u8, height: u612, sender: 'ST3TRY6QNMZ18FD96BJHEG4KTWVF7AN5PAKDMRRFP, seq: u9, value: "e2e4" } (xchess-core-v1:565)
{ amount: u2000, event: "rebate-paid", game: u8, rebates-left: u35, who: 'ST3TRY6QNMZ18FD96BJHEG4KTWVF7AN5PAKDMRRFP } (xchess-core-v1:525)
{ event: "entry-submitted", game: u8, height: u614, sender: 'ST3TRY6QNMZ18FD96BJHEG4KTWVF7AN5PAKDMRRFP, seq: u10, value: "e2e4" } (xchess-core-v1:565)
{ amount: u2000, event: "rebate-paid", game: u8, rebates-left: u34, who: 'ST3TRY6QNMZ18FD96BJHEG4KTWVF7AN5PAKDMRRFP } (xchess-core-v1:525)
{ event: "entry-submitted", game: u8, height: u616, sender: 'ST3TRY6QNMZ18FD96BJHEG4KTWVF7AN5PAKDMRRFP, seq: u11, value: "e2e4" } (xchess-core-v1:565)
{ amount: u2000, event: "rebate-paid", game: u8, rebates-left: u33, who: 'ST3TRY6QNMZ18FD96BJHEG4KTWVF7AN5PAKDMRRFP } (xchess-core-v1:525)
{ event: "entry-submitted", game: u8, height: u618, sender: 'ST3TRY6QNMZ18FD96BJHEG4KTWVF7AN5PAKDMRRFP, seq: u12, value: "e2e4" } (xchess-core-v1:565)
{ amount: u2000, event: "rebate-paid", game: u8, rebates-left: u32, who: 'ST3TRY6QNMZ18FD96BJHEG4KTWVF7AN5PAKDMRRFP } (xchess-core-v1:525)
{ event: "entry-submitted", game: u8, height: u620, sender: 'ST3TRY6QNMZ18FD96BJHEG4KTWVF7AN5PAKDMRRFP, seq: u13, value: "e2e4" } (xchess-core-v1:565)
{ amount: u2000, event: "rebate-paid", game: u8, rebates-left: u31, who: 'ST3TRY6QNMZ18FD96BJHEG4KTWVF7AN5PAKDMRRFP } (xchess-core-v1:525)
{ event: "entry-submitted", game: u8, height: u622, sender: 'ST3TRY6QNMZ18FD96BJHEG4KTWVF7AN5PAKDMRRFP, seq: u14, value: "e2e4" } (xchess-core-v1:565)
{ amount: u2000, event: "rebate-paid", game: u8, rebates-left: u30, who: 'ST3TRY6QNMZ18FD96BJHEG4KTWVF7AN5PAKDMRRFP } (xchess-core-v1:525)
{ event: "entry-submitted", game: u8, height: u624, sender: 'ST3TRY6QNMZ18FD96BJHEG4KTWVF7AN5PAKDMRRFP, seq: u15, value: "e2e4" } (xchess-core-v1:565)
{ amount: u2000, event: "rebate-paid", game: u8, rebates-left: u29, who: 'ST3TRY6QNMZ18FD96BJHEG4KTWVF7AN5PAKDMRRFP } (xchess-core-v1:525)
{ event: "entry-submitted", game: u8, height: u626, sender: 'ST3TRY6QNMZ18FD96BJHEG4KTWVF7AN5PAKDMRRFP, seq: u16, value: "e2e4" } (xchess-core-v1:565)
{ amount: u2000, event: "rebate-paid", game: u8, rebates-left: u28, who: 'ST3TRY6QNMZ18FD96BJHEG4KTWVF7AN5PAKDMRRFP } (xchess-core-v1:525)
{ event: "entry-submitted", game: u8, height: u628, sender: 'ST3TRY6QNMZ18FD96BJHEG4KTWVF7AN5PAKDMRRFP, seq: u17, value: "e2e4" } (xchess-core-v1:565)
{ amount: u2000, event: "rebate-paid", game: u8, rebates-left: u27, who: 'ST3TRY6QNMZ18FD96BJHEG4KTWVF7AN5PAKDMRRFP } (xchess-core-v1:525)
{ event: "entry-submitted", game: u8, height: u630, sender: 'ST3TRY6QNMZ18FD96BJHEG4KTWVF7AN5PAKDMRRFP, seq: u18, value: "e2e4" } (xchess-core-v1:565)
{ amount: u2000, event: "rebate-paid", game: u8, rebates-left: u26, who: 'ST3TRY6QNMZ18FD96BJHEG4KTWVF7AN5PAKDMRRFP } (xchess-core-v1:525)
{ event: "entry-submitted", game: u8, height: u632, sender: 'ST3TRY6QNMZ18FD96BJHEG4KTWVF7AN5PAKDMRRFP, seq: u19, value: "e2e4" } (xchess-core-v1:565)
{ amount: u2000, event: "rebate-paid", game: u8, rebates-left: u25, who: 'ST3TRY6QNMZ18FD96BJHEG4KTWVF7AN5PAKDMRRFP } (xchess-core-v1:525)
{ event: "entry-submitted", game: u8, height: u634, sender: 'ST3TRY6QNMZ18FD96BJHEG4KTWVF7AN5PAKDMRRFP, seq: u20, value: "e2e4" } (xchess-core-v1:565)
{ amount: u2000, event: "rebate-paid", game: u8, rebates-left: u24, who: 'ST3TRY6QNMZ18FD96BJHEG4KTWVF7AN5PAKDMRRFP } (xchess-core-v1:525)
{ event: "entry-submitted", game: u8, height: u636, sender: 'ST3TRY6QNMZ18FD96BJHEG4KTWVF7AN5PAKDMRRFP, seq: u21, value: "e2e4" } (xchess-core-v1:565)
{ amount: u2000, event: "rebate-paid", game: u8, rebates-left: u23, who: 'ST3TRY6QNMZ18FD96BJHEG4KTWVF7AN5PAKDMRRFP } (xchess-core-v1:525)
{ event: "entry-submitted", game: u8, height: u638, sender: 'ST3TRY6QNMZ18FD96BJHEG4KTWVF7AN5PAKDMRRFP, seq: u22, value: "e2e4" } (xchess-core-v1:565)
{ amount: u2000, event: "rebate-paid", game: u8, rebates-left: u22, who: 'ST3TRY6QNMZ18FD96BJHEG4KTWVF7AN5PAKDMRRFP } (xchess-core-v1:525)
{ event: "entry-submitted", game: u8, height: u640, sender: 'ST3TRY6QNMZ18FD96BJHEG4KTWVF7AN5PAKDMRRFP, seq: u23, value: "e2e4" } (xchess-core-v1:565)
{ amount: u2000, event: "rebate-paid", game: u8, rebates-left: u21, who: 'ST3TRY6QNMZ18FD96BJHEG4KTWVF7AN5PAKDMRRFP } (xchess-core-v1:525)
{ event: "entry-submitted", game: u8, height: u642, sender: 'ST3TRY6QNMZ18FD96BJHEG4KTWVF7AN5PAKDMRRFP, seq: u24, value: "e2e4" } (xchess-core-v1:565)
{ amount: u2000, event: "rebate-paid", game: u8, rebates-left: u20, who: 'ST3TRY6QNMZ18FD96BJHEG4KTWVF7AN5PAKDMRRFP } (xchess-core-v1:525)
{ event: "entry-submitted", game: u8, height: u644, sender: 'ST3TRY6QNMZ18FD96BJHEG4KTWVF7AN5PAKDMRRFP, seq: u25, value: "e2e4" } (xchess-core-v1:565)
{ amount: u2000, event: "rebate-paid", game: u8, rebates-left: u19, who: 'ST3TRY6QNMZ18FD96BJHEG4KTWVF7AN5PAKDMRRFP } (xchess-core-v1:525)
{ event: "entry-submitted", game: u8, height: u646, sender: 'ST3TRY6QNMZ18FD96BJHEG4KTWVF7AN5PAKDMRRFP, seq: u26, value: "e2e4" } (xchess-core-v1:565)
{ amount: u2000, event: "rebate-paid", game: u8, rebates-left: u18, who: 'ST3TRY6QNMZ18FD96BJHEG4KTWVF7AN5PAKDMRRFP } (xchess-core-v1:525)
{ event: "entry-submitted", game: u8, height: u648, sender: 'ST3TRY6QNMZ18FD96BJHEG4KTWVF7AN5PAKDMRRFP, seq: u27, value: "e2e4" } (xchess-core-v1:565)
{ amount: u2000, event: "rebate-paid", game: u8, rebates-left: u17, who: 'ST3TRY6QNMZ18FD96BJHEG4KTWVF7AN5PAKDMRRFP } (xchess-core-v1:525)
{ event: "entry-submitted", game: u8, height: u650, sender: 'ST3TRY6QNMZ18FD96BJHEG4KTWVF7AN5PAKDMRRFP, seq: u28, value: "e2e4" } (xchess-core-v1:565)
{ amount: u2000, event: "rebate-paid", game: u8, rebates-left: u16, who: 'ST3TRY6QNMZ18FD96BJHEG4KTWVF7AN5PAKDMRRFP } (xchess-core-v1:525)
{ event: "entry-submitted", game: u8, height: u652, sender: 'ST3TRY6QNMZ18FD96BJHEG4KTWVF7AN5PAKDMRRFP, seq: u29, value: "e2e4" } (xchess-core-v1:565)
{ amount: u2000, event: "rebate-paid", game: u8, rebates-left: u15, who: 'ST3TRY6QNMZ18FD96BJHEG4KTWVF7AN5PAKDMRRFP } (xchess-core-v1:525)
{ event: "entry-submitted", game: u8, height: u654, sender: 'ST3TRY6QNMZ18FD96BJHEG4KTWVF7AN5PAKDMRRFP, seq: u30, value: "e2e4" } (xchess-core-v1:565)
{ amount: u2000, event: "rebate-paid", game: u8, rebates-left: u14, who: 'ST3TRY6QNMZ18FD96BJHEG4KTWVF7AN5PAKDMRRFP } (xchess-core-v1:525)
{ event: "game-opened", fee: u1000000, game: u9, height: u656, opened-by: 'ST85J1T8QBRRF1E3X429R720WMMTGMTTBQ1ABDZT, ranked: false, rules-hash: (some 0xabababababababababababababababababababababababababababababababab) } (xchess-core-v1:318)
{ bootstrap: u250000, event: "sponsorship-funded", expiry: u4976, funded-by: 'ST85J1T8QBRRF1E3X429R720WMMTGMTTBQ1ABDZT, game: u9, rebate: u2000, rebates: u45, reserved: u90000, who: 'ST3TRY6QNMZ18FD96BJHEG4KTWVF7AN5PAKDMRRFP } (xchess-core-v1:388)
{ event: "entry-submitted", game: u9, height: u658, sender: 'ST3TRY6QNMZ18FD96BJHEG4KTWVF7AN5PAKDMRRFP, seq: u0, value: "e2e4" } (xchess-core-v1:565)
{ amount: u2000, event: "rebate-paid", game: u9, rebates-left: u44, who: 'ST3TRY6QNMZ18FD96BJHEG4KTWVF7AN5PAKDMRRFP } (xchess-core-v1:525)
{ event: "entry-submitted", game: u9, height: u660, sender: 'ST3TRY6QNMZ18FD96BJHEG4KTWVF7AN5PAKDMRRFP, seq: u1, value: "e2e4" } (xchess-core-v1:565)
{ amount: u2000, event: "rebate-paid", game: u9, rebates-left: u43, who: 'ST3TRY6QNMZ18FD96BJHEG4KTWVF7AN5PAKDMRRFP } (xchess-core-v1:525)
{ event: "entry-submitted", game: u9, height: u662, sender: 'ST3TRY6QNMZ18FD96BJHEG4KTWVF7AN5PAKDMRRFP, seq: u2, value: "e2e4" } (xchess-core-v1:565)
{ amount: u2000, event: "rebate-paid", game: u9, rebates-left: u42, who: 'ST3TRY6QNMZ18FD96BJHEG4KTWVF7AN5PAKDMRRFP } (xchess-core-v1:525)
{ event: "entry-submitted", game: u9, height: u664, sender: 'ST3TRY6QNMZ18FD96BJHEG4KTWVF7AN5PAKDMRRFP, seq: u3, value: "e2e4" } (xchess-core-v1:565)
{ amount: u2000, event: "rebate-paid", game: u9, rebates-left: u41, who: 'ST3TRY6QNMZ18FD96BJHEG4KTWVF7AN5PAKDMRRFP } (xchess-core-v1:525)
{ event: "entry-submitted", game: u9, height: u666, sender: 'ST3TRY6QNMZ18FD96BJHEG4KTWVF7AN5PAKDMRRFP, seq: u4, value: "e2e4" } (xchess-core-v1:565)
{ amount: u2000, event: "rebate-paid", game: u9, rebates-left: u40, who: 'ST3TRY6QNMZ18FD96BJHEG4KTWVF7AN5PAKDMRRFP } (xchess-core-v1:525)
{ event: "entry-submitted", game: u9, height: u668, sender: 'ST3TRY6QNMZ18FD96BJHEG4KTWVF7AN5PAKDMRRFP, seq: u5, value: "e2e4" } (xchess-core-v1:565)
{ amount: u2000, event: "rebate-paid", game: u9, rebates-left: u39, who: 'ST3TRY6QNMZ18FD96BJHEG4KTWVF7AN5PAKDMRRFP } (xchess-core-v1:525)
{ event: "entry-submitted", game: u9, height: u670, sender: 'ST3TRY6QNMZ18FD96BJHEG4KTWVF7AN5PAKDMRRFP, seq: u6, value: "e2e4" } (xchess-core-v1:565)
{ amount: u2000, event: "rebate-paid", game: u9, rebates-left: u38, who: 'ST3TRY6QNMZ18FD96BJHEG4KTWVF7AN5PAKDMRRFP } (xchess-core-v1:525)
{ event: "entry-submitted", game: u9, height: u672, sender: 'ST3TRY6QNMZ18FD96BJHEG4KTWVF7AN5PAKDMRRFP, seq: u7, value: "e2e4" } (xchess-core-v1:565)
{ amount: u2000, event: "rebate-paid", game: u9, rebates-left: u37, who: 'ST3TRY6QNMZ18FD96BJHEG4KTWVF7AN5PAKDMRRFP } (xchess-core-v1:525)
{ event: "entry-submitted", game: u9, height: u674, sender: 'ST3TRY6QNMZ18FD96BJHEG4KTWVF7AN5PAKDMRRFP, seq: u8, value: "e2e4" } (xchess-core-v1:565)
{ amount: u2000, event: "rebate-paid", game: u9, rebates-left: u36, who: 'ST3TRY6QNMZ18FD96BJHEG4KTWVF7AN5PAKDMRRFP } (xchess-core-v1:525)
{ event: "entry-submitted", game: u9, height: u676, sender: 'ST3TRY6QNMZ18FD96BJHEG4KTWVF7AN5PAKDMRRFP, seq: u9, value: "e2e4" } (xchess-core-v1:565)
{ amount: u2000, event: "rebate-paid", game: u9, rebates-left: u35, who: 'ST3TRY6QNMZ18FD96BJHEG4KTWVF7AN5PAKDMRRFP } (xchess-core-v1:525)
{ event: "entry-submitted", game: u9, height: u678, sender: 'ST3TRY6QNMZ18FD96BJHEG4KTWVF7AN5PAKDMRRFP, seq: u10, value: "e2e4" } (xchess-core-v1:565)
{ amount: u2000, event: "rebate-paid", game: u9, rebates-left: u34, who: 'ST3TRY6QNMZ18FD96BJHEG4KTWVF7AN5PAKDMRRFP } (xchess-core-v1:525)
{ event: "entry-submitted", game: u9, height: u680, sender: 'ST3TRY6QNMZ18FD96BJHEG4KTWVF7AN5PAKDMRRFP, seq: u11, value: "e2e4" } (xchess-core-v1:565)
{ amount: u2000, event: "rebate-paid", game: u9, rebates-left: u33, who: 'ST3TRY6QNMZ18FD96BJHEG4KTWVF7AN5PAKDMRRFP } (xchess-core-v1:525)
{ event: "entry-submitted", game: u9, height: u682, sender: 'ST3TRY6QNMZ18FD96BJHEG4KTWVF7AN5PAKDMRRFP, seq: u12, value: "e2e4" } (xchess-core-v1:565)
{ amount: u2000, event: "rebate-paid", game: u9, rebates-left: u32, who: 'ST3TRY6QNMZ18FD96BJHEG4KTWVF7AN5PAKDMRRFP } (xchess-core-v1:525)
{ event: "entry-submitted", game: u9, height: u684, sender: 'ST3TRY6QNMZ18FD96BJHEG4KTWVF7AN5PAKDMRRFP, seq: u13, value: "e2e4" } (xchess-core-v1:565)
{ amount: u2000, event: "rebate-paid", game: u9, rebates-left: u31, who: 'ST3TRY6QNMZ18FD96BJHEG4KTWVF7AN5PAKDMRRFP } (xchess-core-v1:525)
{ event: "entry-submitted", game: u9, height: u686, sender: 'ST3TRY6QNMZ18FD96BJHEG4KTWVF7AN5PAKDMRRFP, seq: u14, value: "e2e4" } (xchess-core-v1:565)
{ amount: u2000, event: "rebate-paid", game: u9, rebates-left: u30, who: 'ST3TRY6QNMZ18FD96BJHEG4KTWVF7AN5PAKDMRRFP } (xchess-core-v1:525)
{ event: "entry-submitted", game: u9, height: u688, sender: 'ST3TRY6QNMZ18FD96BJHEG4KTWVF7AN5PAKDMRRFP, seq: u15, value: "e2e4" } (xchess-core-v1:565)
{ amount: u2000, event: "rebate-paid", game: u9, rebates-left: u29, who: 'ST3TRY6QNMZ18FD96BJHEG4KTWVF7AN5PAKDMRRFP } (xchess-core-v1:525)
{ event: "entry-submitted", game: u9, height: u690, sender: 'ST3TRY6QNMZ18FD96BJHEG4KTWVF7AN5PAKDMRRFP, seq: u16, value: "e2e4" } (xchess-core-v1:565)
{ amount: u2000, event: "rebate-paid", game: u9, rebates-left: u28, who: 'ST3TRY6QNMZ18FD96BJHEG4KTWVF7AN5PAKDMRRFP } (xchess-core-v1:525)
{ event: "entry-submitted", game: u9, height: u692, sender: 'ST3TRY6QNMZ18FD96BJHEG4KTWVF7AN5PAKDMRRFP, seq: u17, value: "e2e4" } (xchess-core-v1:565)
{ amount: u2000, event: "rebate-paid", game: u9, rebates-left: u27, who: 'ST3TRY6QNMZ18FD96BJHEG4KTWVF7AN5PAKDMRRFP } (xchess-core-v1:525)
{ event: "entry-submitted", game: u9, height: u694, sender: 'ST3TRY6QNMZ18FD96BJHEG4KTWVF7AN5PAKDMRRFP, seq: u18, value: "e2e4" } (xchess-core-v1:565)
{ amount: u2000, event: "rebate-paid", game: u9, rebates-left: u26, who: 'ST3TRY6QNMZ18FD96BJHEG4KTWVF7AN5PAKDMRRFP } (xchess-core-v1:525)
{ event: "game-opened", fee: u1000000, game: u10, height: u696, opened-by: 'ST85J1T8QBRRF1E3X429R720WMMTGMTTBQ1ABDZT, ranked: false, rules-hash: (some 0xabababababababababababababababababababababababababababababababab) } (xchess-core-v1:318)
{ bootstrap: u250000, event: "sponsorship-funded", expiry: u5016, funded-by: 'ST85J1T8QBRRF1E3X429R720WMMTGMTTBQ1ABDZT, game: u10, rebate: u2000, rebates: u45, reserved: u90000, who: 'ST3TRY6QNMZ18FD96BJHEG4KTWVF7AN5PAKDMRRFP } (xchess-core-v1:388)
{ event: "entry-submitted", game: u10, height: u698, sender: 'ST3TRY6QNMZ18FD96BJHEG4KTWVF7AN5PAKDMRRFP, seq: u0, value: "e2e4" } (xchess-core-v1:565)
{ amount: u2000, event: "rebate-paid", game: u10, rebates-left: u44, who: 'ST3TRY6QNMZ18FD96BJHEG4KTWVF7AN5PAKDMRRFP } (xchess-core-v1:525)
{ event: "entry-submitted", game: u10, height: u700, sender: 'ST3TRY6QNMZ18FD96BJHEG4KTWVF7AN5PAKDMRRFP, seq: u1, value: "e2e4" } (xchess-core-v1:565)
{ amount: u2000, event: "rebate-paid", game: u10, rebates-left: u43, who: 'ST3TRY6QNMZ18FD96BJHEG4KTWVF7AN5PAKDMRRFP } (xchess-core-v1:525)
{ event: "entry-submitted", game: u10, height: u702, sender: 'ST3TRY6QNMZ18FD96BJHEG4KTWVF7AN5PAKDMRRFP, seq: u2, value: "e2e4" } (xchess-core-v1:565)
{ amount: u2000, event: "rebate-paid", game: u10, rebates-left: u42, who: 'ST3TRY6QNMZ18FD96BJHEG4KTWVF7AN5PAKDMRRFP } (xchess-core-v1:525)
{ event: "entry-submitted", game: u10, height: u704, sender: 'ST3TRY6QNMZ18FD96BJHEG4KTWVF7AN5PAKDMRRFP, seq: u3, value: "e2e4" } (xchess-core-v1:565)
{ amount: u2000, event: "rebate-paid", game: u10, rebates-left: u41, who: 'ST3TRY6QNMZ18FD96BJHEG4KTWVF7AN5PAKDMRRFP } (xchess-core-v1:525)
{ event: "entry-submitted", game: u10, height: u706, sender: 'ST3TRY6QNMZ18FD96BJHEG4KTWVF7AN5PAKDMRRFP, seq: u4, value: "e2e4" } (xchess-core-v1:565)
{ amount: u2000, event: "rebate-paid", game: u10, rebates-left: u40, who: 'ST3TRY6QNMZ18FD96BJHEG4KTWVF7AN5PAKDMRRFP } (xchess-core-v1:525)
{ event: "entry-submitted", game: u10, height: u708, sender: 'ST3TRY6QNMZ18FD96BJHEG4KTWVF7AN5PAKDMRRFP, seq: u5, value: "e2e4" } (xchess-core-v1:565)
{ amount: u2000, event: "rebate-paid", game: u10, rebates-left: u39, who: 'ST3TRY6QNMZ18FD96BJHEG4KTWVF7AN5PAKDMRRFP } (xchess-core-v1:525)
{ event: "entry-submitted", game: u10, height: u710, sender: 'ST3TRY6QNMZ18FD96BJHEG4KTWVF7AN5PAKDMRRFP, seq: u6, value: "e2e4" } (xchess-core-v1:565)
{ amount: u2000, event: "rebate-paid", game: u10, rebates-left: u38, who: 'ST3TRY6QNMZ18FD96BJHEG4KTWVF7AN5PAKDMRRFP } (xchess-core-v1:525)
{ event: "entry-submitted", game: u10, height: u712, sender: 'ST3TRY6QNMZ18FD96BJHEG4KTWVF7AN5PAKDMRRFP, seq: u7, value: "e2e4" } (xchess-core-v1:565)
{ amount: u2000, event: "rebate-paid", game: u10, rebates-left: u37, who: 'ST3TRY6QNMZ18FD96BJHEG4KTWVF7AN5PAKDMRRFP } (xchess-core-v1:525)
{ event: "entry-submitted", game: u10, height: u714, sender: 'ST3TRY6QNMZ18FD96BJHEG4KTWVF7AN5PAKDMRRFP, seq: u8, value: "e2e4" } (xchess-core-v1:565)
{ amount: u2000, event: "rebate-paid", game: u10, rebates-left: u36, who: 'ST3TRY6QNMZ18FD96BJHEG4KTWVF7AN5PAKDMRRFP } (xchess-core-v1:525)
{ event: "entry-submitted", game: u10, height: u716, sender: 'ST3TRY6QNMZ18FD96BJHEG4KTWVF7AN5PAKDMRRFP, seq: u9, value: "e2e4" } (xchess-core-v1:565)
{ amount: u2000, event: "rebate-paid", game: u10, rebates-left: u35, who: 'ST3TRY6QNMZ18FD96BJHEG4KTWVF7AN5PAKDMRRFP } (xchess-core-v1:525)
{ event: "entry-submitted", game: u10, height: u718, sender: 'ST3TRY6QNMZ18FD96BJHEG4KTWVF7AN5PAKDMRRFP, seq: u10, value: "e2e4" } (xchess-core-v1:565)
{ amount: u2000, event: "rebate-paid", game: u10, rebates-left: u34, who: 'ST3TRY6QNMZ18FD96BJHEG4KTWVF7AN5PAKDMRRFP } (xchess-core-v1:525)
{ event: "entry-submitted", game: u10, height: u720, sender: 'ST3TRY6QNMZ18FD96BJHEG4KTWVF7AN5PAKDMRRFP, seq: u11, value: "e2e4" } (xchess-core-v1:565)
{ amount: u2000, event: "rebate-paid", game: u10, rebates-left: u33, who: 'ST3TRY6QNMZ18FD96BJHEG4KTWVF7AN5PAKDMRRFP } (xchess-core-v1:525)
{ event: "entry-submitted", game: u10, height: u722, sender: 'ST3TRY6QNMZ18FD96BJHEG4KTWVF7AN5PAKDMRRFP, seq: u12, value: "e2e4" } (xchess-core-v1:565)
{ amount: u2000, event: "rebate-paid", game: u10, rebates-left: u32, who: 'ST3TRY6QNMZ18FD96BJHEG4KTWVF7AN5PAKDMRRFP } (xchess-core-v1:525)
{ event: "game-opened", fee: u1000000, game: u11, height: u724, opened-by: 'ST85J1T8QBRRF1E3X429R720WMMTGMTTBQ1ABDZT, ranked: false, rules-hash: (some 0xabababababababababababababababababababababababababababababababab) } (xchess-core-v1:318)
{ bootstrap: u250000, event: "sponsorship-funded", expiry: u5044, funded-by: 'ST85J1T8QBRRF1E3X429R720WMMTGMTTBQ1ABDZT, game: u11, rebate: u2000, rebates: u45, reserved: u90000, who: 'ST3TRY6QNMZ18FD96BJHEG4KTWVF7AN5PAKDMRRFP } (xchess-core-v1:388)
{ event: "entry-submitted", game: u11, height: u726, sender: 'ST3TRY6QNMZ18FD96BJHEG4KTWVF7AN5PAKDMRRFP, seq: u0, value: "e2e4" } (xchess-core-v1:565)
{ amount: u2000, event: "rebate-paid", game: u11, rebates-left: u44, who: 'ST3TRY6QNMZ18FD96BJHEG4KTWVF7AN5PAKDMRRFP } (xchess-core-v1:525)
{ event: "entry-submitted", game: u11, height: u728, sender: 'ST3TRY6QNMZ18FD96BJHEG4KTWVF7AN5PAKDMRRFP, seq: u1, value: "e2e4" } (xchess-core-v1:565)
{ amount: u2000, event: "rebate-paid", game: u11, rebates-left: u43, who: 'ST3TRY6QNMZ18FD96BJHEG4KTWVF7AN5PAKDMRRFP } (xchess-core-v1:525)
{ event: "entry-submitted", game: u11, height: u730, sender: 'ST3TRY6QNMZ18FD96BJHEG4KTWVF7AN5PAKDMRRFP, seq: u2, value: "e2e4" } (xchess-core-v1:565)
{ amount: u2000, event: "rebate-paid", game: u11, rebates-left: u42, who: 'ST3TRY6QNMZ18FD96BJHEG4KTWVF7AN5PAKDMRRFP } (xchess-core-v1:525)
{ event: "entry-submitted", game: u11, height: u732, sender: 'ST3TRY6QNMZ18FD96BJHEG4KTWVF7AN5PAKDMRRFP, seq: u3, value: "e2e4" } (xchess-core-v1:565)
{ amount: u2000, event: "rebate-paid", game: u11, rebates-left: u41, who: 'ST3TRY6QNMZ18FD96BJHEG4KTWVF7AN5PAKDMRRFP } (xchess-core-v1:525)
{ event: "entry-submitted", game: u11, height: u734, sender: 'ST3TRY6QNMZ18FD96BJHEG4KTWVF7AN5PAKDMRRFP, seq: u4, value: "e2e4" } (xchess-core-v1:565)
{ amount: u2000, event: "rebate-paid", game: u11, rebates-left: u40, who: 'ST3TRY6QNMZ18FD96BJHEG4KTWVF7AN5PAKDMRRFP } (xchess-core-v1:525)
{ event: "entry-submitted", game: u11, height: u736, sender: 'ST3TRY6QNMZ18FD96BJHEG4KTWVF7AN5PAKDMRRFP, seq: u5, value: "e2e4" } (xchess-core-v1:565)
{ amount: u2000, event: "rebate-paid", game: u11, rebates-left: u39, who: 'ST3TRY6QNMZ18FD96BJHEG4KTWVF7AN5PAKDMRRFP } (xchess-core-v1:525)
{ event: "entry-submitted", game: u11, height: u738, sender: 'ST3TRY6QNMZ18FD96BJHEG4KTWVF7AN5PAKDMRRFP, seq: u6, value: "e2e4" } (xchess-core-v1:565)
{ amount: u2000, event: "rebate-paid", game: u11, rebates-left: u38, who: 'ST3TRY6QNMZ18FD96BJHEG4KTWVF7AN5PAKDMRRFP } (xchess-core-v1:525)
{ event: "entry-submitted", game: u11, height: u740, sender: 'ST3TRY6QNMZ18FD96BJHEG4KTWVF7AN5PAKDMRRFP, seq: u7, value: "e2e4" } (xchess-core-v1:565)
{ amount: u2000, event: "rebate-paid", game: u11, rebates-left: u37, who: 'ST3TRY6QNMZ18FD96BJHEG4KTWVF7AN5PAKDMRRFP } (xchess-core-v1:525)

stdout | tests/sponsorship/zero-stx.test.ts > the fee sweep that fixes the launch constants > states plainly how far the bootstrap alone carries a player above the rebate
{ event: "game-opened", fee: u1000000, game: u1, height: u4, opened-by: 'ST85J1T8QBRRF1E3X429R720WMMTGMTTBQ1ABDZT, ranked: false, rules-hash: (some 0xabababababababababababababababababababababababababababababababab) } (xchess-core-v1:318)
{ bootstrap: u250000, event: "sponsorship-funded", expiry: u4324, funded-by: 'ST85J1T8QBRRF1E3X429R720WMMTGMTTBQ1ABDZT, game: u1, rebate: u2000, rebates: u45, reserved: u90000, who: 'ST3TRY6QNMZ18FD96BJHEG4KTWVF7AN5PAKDMRRFP } (xchess-core-v1:388)
{ event: "entry-submitted", game: u1, height: u6, sender: 'ST3TRY6QNMZ18FD96BJHEG4KTWVF7AN5PAKDMRRFP, seq: u0, value: "e2e4" } (xchess-core-v1:565)
{ amount: u2000, event: "rebate-paid", game: u1, rebates-left: u44, who: 'ST3TRY6QNMZ18FD96BJHEG4KTWVF7AN5PAKDMRRFP } (xchess-core-v1:525)
{ event: "entry-submitted", game: u1, height: u8, sender: 'ST3TRY6QNMZ18FD96BJHEG4KTWVF7AN5PAKDMRRFP, seq: u1, value: "e2e4" } (xchess-core-v1:565)
{ amount: u2000, event: "rebate-paid", game: u1, rebates-left: u43, who: 'ST3TRY6QNMZ18FD96BJHEG4KTWVF7AN5PAKDMRRFP } (xchess-core-v1:525)
{ event: "entry-submitted", game: u1, height: u10, sender: 'ST3TRY6QNMZ18FD96BJHEG4KTWVF7AN5PAKDMRRFP, seq: u2, value: "e2e4" } (xchess-core-v1:565)
{ amount: u2000, event: "rebate-paid", game: u1, rebates-left: u42, who: 'ST3TRY6QNMZ18FD96BJHEG4KTWVF7AN5PAKDMRRFP } (xchess-core-v1:525)
{ event: "entry-submitted", game: u1, height: u12, sender: 'ST3TRY6QNMZ18FD96BJHEG4KTWVF7AN5PAKDMRRFP, seq: u3, value: "e2e4" } (xchess-core-v1:565)
{ amount: u2000, event: "rebate-paid", game: u1, rebates-left: u41, who: 'ST3TRY6QNMZ18FD96BJHEG4KTWVF7AN5PAKDMRRFP } (xchess-core-v1:525)
{ event: "entry-submitted", game: u1, height: u14, sender: 'ST3TRY6QNMZ18FD96BJHEG4KTWVF7AN5PAKDMRRFP, seq: u4, value: "e2e4" } (xchess-core-v1:565)
{ amount: u2000, event: "rebate-paid", game: u1, rebates-left: u40, who: 'ST3TRY6QNMZ18FD96BJHEG4KTWVF7AN5PAKDMRRFP } (xchess-core-v1:525)
{ event: "entry-submitted", game: u1, height: u16, sender: 'ST3TRY6QNMZ18FD96BJHEG4KTWVF7AN5PAKDMRRFP, seq: u5, value: "e2e4" } (xchess-core-v1:565)
{ amount: u2000, event: "rebate-paid", game: u1, rebates-left: u39, who: 'ST3TRY6QNMZ18FD96BJHEG4KTWVF7AN5PAKDMRRFP } (xchess-core-v1:525)
{ event: "entry-submitted", game: u1, height: u18, sender: 'ST3TRY6QNMZ18FD96BJHEG4KTWVF7AN5PAKDMRRFP, seq: u6, value: "e2e4" } (xchess-core-v1:565)
{ amount: u2000, event: "rebate-paid", game: u1, rebates-left: u38, who: 'ST3TRY6QNMZ18FD96BJHEG4KTWVF7AN5PAKDMRRFP } (xchess-core-v1:525)
{ event: "entry-submitted", game: u1, height: u20, sender: 'ST3TRY6QNMZ18FD96BJHEG4KTWVF7AN5PAKDMRRFP, seq: u7, value: "e2e4" } (xchess-core-v1:565)
{ amount: u2000, event: "rebate-paid", game: u1, rebates-left: u37, who: 'ST3TRY6QNMZ18FD96BJHEG4KTWVF7AN5PAKDMRRFP } (xchess-core-v1:525)
{ event: "entry-submitted", game: u1, height: u22, sender: 'ST3TRY6QNMZ18FD96BJHEG4KTWVF7AN5PAKDMRRFP, seq: u8, value: "e2e4" } (xchess-core-v1:565)
{ amount: u2000, event: "rebate-paid", game: u1, rebates-left: u36, who: 'ST3TRY6QNMZ18FD96BJHEG4KTWVF7AN5PAKDMRRFP } (xchess-core-v1:525)
{ event: "entry-submitted", game: u1, height: u24, sender: 'ST3TRY6QNMZ18FD96BJHEG4KTWVF7AN5PAKDMRRFP, seq: u9, value: "e2e4" } (xchess-core-v1:565)
{ amount: u2000, event: "rebate-paid", game: u1, rebates-left: u35, who: 'ST3TRY6QNMZ18FD96BJHEG4KTWVF7AN5PAKDMRRFP } (xchess-core-v1:525)
{ event: "entry-submitted", game: u1, height: u26, sender: 'ST3TRY6QNMZ18FD96BJHEG4KTWVF7AN5PAKDMRRFP, seq: u10, value: "e2e4" } (xchess-core-v1:565)
{ amount: u2000, event: "rebate-paid", game: u1, rebates-left: u34, who: 'ST3TRY6QNMZ18FD96BJHEG4KTWVF7AN5PAKDMRRFP } (xchess-core-v1:525)
{ event: "entry-submitted", game: u1, height: u28, sender: 'ST3TRY6QNMZ18FD96BJHEG4KTWVF7AN5PAKDMRRFP, seq: u11, value: "e2e4" } (xchess-core-v1:565)
{ amount: u2000, event: "rebate-paid", game: u1, rebates-left: u33, who: 'ST3TRY6QNMZ18FD96BJHEG4KTWVF7AN5PAKDMRRFP } (xchess-core-v1:525)
{ event: "entry-submitted", game: u1, height: u30, sender: 'ST3TRY6QNMZ18FD96BJHEG4KTWVF7AN5PAKDMRRFP, seq: u12, value: "e2e4" } (xchess-core-v1:565)
{ amount: u2000, event: "rebate-paid", game: u1, rebates-left: u32, who: 'ST3TRY6QNMZ18FD96BJHEG4KTWVF7AN5PAKDMRRFP } (xchess-core-v1:525)
{ event: "entry-submitted", game: u1, height: u32, sender: 'ST3TRY6QNMZ18FD96BJHEG4KTWVF7AN5PAKDMRRFP, seq: u13, value: "e2e4" } (xchess-core-v1:565)
{ amount: u2000, event: "rebate-paid", game: u1, rebates-left: u31, who: 'ST3TRY6QNMZ18FD96BJHEG4KTWVF7AN5PAKDMRRFP } (xchess-core-v1:525)
{ event: "entry-submitted", game: u1, height: u34, sender: 'ST3TRY6QNMZ18FD96BJHEG4KTWVF7AN5PAKDMRRFP, seq: u14, value: "e2e4" } (xchess-core-v1:565)
{ amount: u2000, event: "rebate-paid", game: u1, rebates-left: u30, who: 'ST3TRY6QNMZ18FD96BJHEG4KTWVF7AN5PAKDMRRFP } (xchess-core-v1:525)
{ event: "entry-submitted", game: u1, height: u36, sender: 'ST3TRY6QNMZ18FD96BJHEG4KTWVF7AN5PAKDMRRFP, seq: u15, value: "e2e4" } (xchess-core-v1:565)
{ amount: u2000, event: "rebate-paid", game: u1, rebates-left: u29, who: 'ST3TRY6QNMZ18FD96BJHEG4KTWVF7AN5PAKDMRRFP } (xchess-core-v1:525)
{ event: "entry-submitted", game: u1, height: u38, sender: 'ST3TRY6QNMZ18FD96BJHEG4KTWVF7AN5PAKDMRRFP, seq: u16, value: "e2e4" } (xchess-core-v1:565)
{ amount: u2000, event: "rebate-paid", game: u1, rebates-left: u28, who: 'ST3TRY6QNMZ18FD96BJHEG4KTWVF7AN5PAKDMRRFP } (xchess-core-v1:525)
{ event: "entry-submitted", game: u1, height: u40, sender: 'ST3TRY6QNMZ18FD96BJHEG4KTWVF7AN5PAKDMRRFP, seq: u17, value: "e2e4" } (xchess-core-v1:565)
{ amount: u2000, event: "rebate-paid", game: u1, rebates-left: u27, who: 'ST3TRY6QNMZ18FD96BJHEG4KTWVF7AN5PAKDMRRFP } (xchess-core-v1:525)
{ event: "entry-submitted", game: u1, height: u42, sender: 'ST3TRY6QNMZ18FD96BJHEG4KTWVF7AN5PAKDMRRFP, seq: u18, value: "e2e4" } (xchess-core-v1:565)
{ amount: u2000, event: "rebate-paid", game: u1, rebates-left: u26, who: 'ST3TRY6QNMZ18FD96BJHEG4KTWVF7AN5PAKDMRRFP } (xchess-core-v1:525)
{ event: "entry-submitted", game: u1, height: u44, sender: 'ST3TRY6QNMZ18FD96BJHEG4KTWVF7AN5PAKDMRRFP, seq: u19, value: "e2e4" } (xchess-core-v1:565)
{ amount: u2000, event: "rebate-paid", game: u1, rebates-left: u25, who: 'ST3TRY6QNMZ18FD96BJHEG4KTWVF7AN5PAKDMRRFP } (xchess-core-v1:525)
{ event: "entry-submitted", game: u1, height: u46, sender: 'ST3TRY6QNMZ18FD96BJHEG4KTWVF7AN5PAKDMRRFP, seq: u20, value: "e2e4" } (xchess-core-v1:565)
{ amount: u2000, event: "rebate-paid", game: u1, rebates-left: u24, who: 'ST3TRY6QNMZ18FD96BJHEG4KTWVF7AN5PAKDMRRFP } (xchess-core-v1:525)
{ event: "entry-submitted", game: u1, height: u48, sender: 'ST3TRY6QNMZ18FD96BJHEG4KTWVF7AN5PAKDMRRFP, seq: u21, value: "e2e4" } (xchess-core-v1:565)
{ amount: u2000, event: "rebate-paid", game: u1, rebates-left: u23, who: 'ST3TRY6QNMZ18FD96BJHEG4KTWVF7AN5PAKDMRRFP } (xchess-core-v1:525)
{ event: "entry-submitted", game: u1, height: u50, sender: 'ST3TRY6QNMZ18FD96BJHEG4KTWVF7AN5PAKDMRRFP, seq: u22, value: "e2e4" } (xchess-core-v1:565)
{ amount: u2000, event: "rebate-paid", game: u1, rebates-left: u22, who: 'ST3TRY6QNMZ18FD96BJHEG4KTWVF7AN5PAKDMRRFP } (xchess-core-v1:525)
{ event: "entry-submitted", game: u1, height: u52, sender: 'ST3TRY6QNMZ18FD96BJHEG4KTWVF7AN5PAKDMRRFP, seq: u23, value: "e2e4" } (xchess-core-v1:565)
{ amount: u2000, event: "rebate-paid", game: u1, rebates-left: u21, who: 'ST3TRY6QNMZ18FD96BJHEG4KTWVF7AN5PAKDMRRFP } (xchess-core-v1:525)
{ event: "entry-submitted", game: u1, height: u54, sender: 'ST3TRY6QNMZ18FD96BJHEG4KTWVF7AN5PAKDMRRFP, seq: u24, value: "e2e4" } (xchess-core-v1:565)
{ amount: u2000, event: "rebate-paid", game: u1, rebates-left: u20, who: 'ST3TRY6QNMZ18FD96BJHEG4KTWVF7AN5PAKDMRRFP } (xchess-core-v1:525)
{ event: "entry-submitted", game: u1, height: u56, sender: 'ST3TRY6QNMZ18FD96BJHEG4KTWVF7AN5PAKDMRRFP, seq: u25, value: "e2e4" } (xchess-core-v1:565)
{ amount: u2000, event: "rebate-paid", game: u1, rebates-left: u19, who: 'ST3TRY6QNMZ18FD96BJHEG4KTWVF7AN5PAKDMRRFP } (xchess-core-v1:525)
{ event: "entry-submitted", game: u1, height: u58, sender: 'ST3TRY6QNMZ18FD96BJHEG4KTWVF7AN5PAKDMRRFP, seq: u26, value: "e2e4" } (xchess-core-v1:565)
{ amount: u2000, event: "rebate-paid", game: u1, rebates-left: u18, who: 'ST3TRY6QNMZ18FD96BJHEG4KTWVF7AN5PAKDMRRFP } (xchess-core-v1:525)
{ event: "entry-submitted", game: u1, height: u60, sender: 'ST3TRY6QNMZ18FD96BJHEG4KTWVF7AN5PAKDMRRFP, seq: u27, value: "e2e4" } (xchess-core-v1:565)
{ amount: u2000, event: "rebate-paid", game: u1, rebates-left: u17, who: 'ST3TRY6QNMZ18FD96BJHEG4KTWVF7AN5PAKDMRRFP } (xchess-core-v1:525)
{ event: "entry-submitted", game: u1, height: u62, sender: 'ST3TRY6QNMZ18FD96BJHEG4KTWVF7AN5PAKDMRRFP, seq: u28, value: "e2e4" } (xchess-core-v1:565)
{ amount: u2000, event: "rebate-paid", game: u1, rebates-left: u16, who: 'ST3TRY6QNMZ18FD96BJHEG4KTWVF7AN5PAKDMRRFP } (xchess-core-v1:525)
{ event: "entry-submitted", game: u1, height: u64, sender: 'ST3TRY6QNMZ18FD96BJHEG4KTWVF7AN5PAKDMRRFP, seq: u29, value: "e2e4" } (xchess-core-v1:565)
{ amount: u2000, event: "rebate-paid", game: u1, rebates-left: u15, who: 'ST3TRY6QNMZ18FD96BJHEG4KTWVF7AN5PAKDMRRFP } (xchess-core-v1:525)
{ event: "entry-submitted", game: u1, height: u66, sender: 'ST3TRY6QNMZ18FD96BJHEG4KTWVF7AN5PAKDMRRFP, seq: u30, value: "e2e4" } (xchess-core-v1:565)
{ amount: u2000, event: "rebate-paid", game: u1, rebates-left: u14, who: 'ST3TRY6QNMZ18FD96BJHEG4KTWVF7AN5PAKDMRRFP } (xchess-core-v1:525)
{ event: "entry-submitted", game: u1, height: u68, sender: 'ST3TRY6QNMZ18FD96BJHEG4KTWVF7AN5PAKDMRRFP, seq: u31, value: "e2e4" } (xchess-core-v1:565)
{ amount: u2000, event: "rebate-paid", game: u1, rebates-left: u13, who: 'ST3TRY6QNMZ18FD96BJHEG4KTWVF7AN5PAKDMRRFP } (xchess-core-v1:525)
{ event: "entry-submitted", game: u1, height: u70, sender: 'ST3TRY6QNMZ18FD96BJHEG4KTWVF7AN5PAKDMRRFP, seq: u32, value: "e2e4" } (xchess-core-v1:565)
{ amount: u2000, event: "rebate-paid", game: u1, rebates-left: u12, who: 'ST3TRY6QNMZ18FD96BJHEG4KTWVF7AN5PAKDMRRFP } (xchess-core-v1:525)
{ event: "entry-submitted", game: u1, height: u72, sender: 'ST3TRY6QNMZ18FD96BJHEG4KTWVF7AN5PAKDMRRFP, seq: u33, value: "e2e4" } (xchess-core-v1:565)
{ amount: u2000, event: "rebate-paid", game: u1, rebates-left: u11, who: 'ST3TRY6QNMZ18FD96BJHEG4KTWVF7AN5PAKDMRRFP } (xchess-core-v1:525)
{ event: "entry-submitted", game: u1, height: u74, sender: 'ST3TRY6QNMZ18FD96BJHEG4KTWVF7AN5PAKDMRRFP, seq: u34, value: "e2e4" } (xchess-core-v1:565)
{ amount: u2000, event: "rebate-paid", game: u1, rebates-left: u10, who: 'ST3TRY6QNMZ18FD96BJHEG4KTWVF7AN5PAKDMRRFP } (xchess-core-v1:525)
{ event: "entry-submitted", game: u1, height: u76, sender: 'ST3TRY6QNMZ18FD96BJHEG4KTWVF7AN5PAKDMRRFP, seq: u35, value: "e2e4" } (xchess-core-v1:565)
{ amount: u2000, event: "rebate-paid", game: u1, rebates-left: u9, who: 'ST3TRY6QNMZ18FD96BJHEG4KTWVF7AN5PAKDMRRFP } (xchess-core-v1:525)
{ event: "entry-submitted", game: u1, height: u78, sender: 'ST3TRY6QNMZ18FD96BJHEG4KTWVF7AN5PAKDMRRFP, seq: u36, value: "e2e4" } (xchess-core-v1:565)
{ amount: u2000, event: "rebate-paid", game: u1, rebates-left: u8, who: 'ST3TRY6QNMZ18FD96BJHEG4KTWVF7AN5PAKDMRRFP } (xchess-core-v1:525)
{ event: "entry-submitted", game: u1, height: u80, sender: 'ST3TRY6QNMZ18FD96BJHEG4KTWVF7AN5PAKDMRRFP, seq: u37, value: "e2e4" } (xchess-core-v1:565)
{ amount: u2000, event: "rebate-paid", game: u1, rebates-left: u7, who: 'ST3TRY6QNMZ18FD96BJHEG4KTWVF7AN5PAKDMRRFP } (xchess-core-v1:525)
{ event: "entry-submitted", game: u1, height: u82, sender: 'ST3TRY6QNMZ18FD96BJHEG4KTWVF7AN5PAKDMRRFP, seq: u38, value: "e2e4" } (xchess-core-v1:565)
{ amount: u2000, event: "rebate-paid", game: u1, rebates-left: u6, who: 'ST3TRY6QNMZ18FD96BJHEG4KTWVF7AN5PAKDMRRFP } (xchess-core-v1:525)
{ event: "entry-submitted", game: u1, height: u84, sender: 'ST3TRY6QNMZ18FD96BJHEG4KTWVF7AN5PAKDMRRFP, seq: u39, value: "e2e4" } (xchess-core-v1:565)
{ amount: u2000, event: "rebate-paid", game: u1, rebates-left: u5, who: 'ST3TRY6QNMZ18FD96BJHEG4KTWVF7AN5PAKDMRRFP } (xchess-core-v1:525)
{ event: "entry-submitted", game: u1, height: u86, sender: 'ST3TRY6QNMZ18FD96BJHEG4KTWVF7AN5PAKDMRRFP, seq: u40, value: "e2e4" } (xchess-core-v1:565)
{ amount: u2000, event: "rebate-paid", game: u1, rebates-left: u4, who: 'ST3TRY6QNMZ18FD96BJHEG4KTWVF7AN5PAKDMRRFP } (xchess-core-v1:525)
{ event: "game-opened", fee: u1000000, game: u2, height: u88, opened-by: 'ST85J1T8QBRRF1E3X429R720WMMTGMTTBQ1ABDZT, ranked: false, rules-hash: (some 0xabababababababababababababababababababababababababababababababab) } (xchess-core-v1:318)
{ bootstrap: u250000, event: "sponsorship-funded", expiry: u4408, funded-by: 'ST85J1T8QBRRF1E3X429R720WMMTGMTTBQ1ABDZT, game: u2, rebate: u2000, rebates: u45, reserved: u90000, who: 'ST3TRY6QNMZ18FD96BJHEG4KTWVF7AN5PAKDMRRFP } (xchess-core-v1:388)
{ event: "entry-submitted", game: u2, height: u90, sender: 'ST3TRY6QNMZ18FD96BJHEG4KTWVF7AN5PAKDMRRFP, seq: u0, value: "e2e4" } (xchess-core-v1:565)
{ amount: u2000, event: "rebate-paid", game: u2, rebates-left: u44, who: 'ST3TRY6QNMZ18FD96BJHEG4KTWVF7AN5PAKDMRRFP } (xchess-core-v1:525)
{ event: "entry-submitted", game: u2, height: u92, sender: 'ST3TRY6QNMZ18FD96BJHEG4KTWVF7AN5PAKDMRRFP, seq: u1, value: "e2e4" } (xchess-core-v1:565)
{ amount: u2000, event: "rebate-paid", game: u2, rebates-left: u43, who: 'ST3TRY6QNMZ18FD96BJHEG4KTWVF7AN5PAKDMRRFP } (xchess-core-v1:525)
{ event: "entry-submitted", game: u2, height: u94, sender: 'ST3TRY6QNMZ18FD96BJHEG4KTWVF7AN5PAKDMRRFP, seq: u2, value: "e2e4" } (xchess-core-v1:565)
{ amount: u2000, event: "rebate-paid", game: u2, rebates-left: u42, who: 'ST3TRY6QNMZ18FD96BJHEG4KTWVF7AN5PAKDMRRFP } (xchess-core-v1:525)
{ event: "entry-submitted", game: u2, height: u96, sender: 'ST3TRY6QNMZ18FD96BJHEG4KTWVF7AN5PAKDMRRFP, seq: u3, value: "e2e4" } (xchess-core-v1:565)
{ amount: u2000, event: "rebate-paid", game: u2, rebates-left: u41, who: 'ST3TRY6QNMZ18FD96BJHEG4KTWVF7AN5PAKDMRRFP } (xchess-core-v1:525)
{ event: "entry-submitted", game: u2, height: u98, sender: 'ST3TRY6QNMZ18FD96BJHEG4KTWVF7AN5PAKDMRRFP, seq: u4, value: "e2e4" } (xchess-core-v1:565)
{ amount: u2000, event: "rebate-paid", game: u2, rebates-left: u40, who: 'ST3TRY6QNMZ18FD96BJHEG4KTWVF7AN5PAKDMRRFP } (xchess-core-v1:525)
{ event: "entry-submitted", game: u2, height: u100, sender: 'ST3TRY6QNMZ18FD96BJHEG4KTWVF7AN5PAKDMRRFP, seq: u5, value: "e2e4" } (xchess-core-v1:565)
{ amount: u2000, event: "rebate-paid", game: u2, rebates-left: u39, who: 'ST3TRY6QNMZ18FD96BJHEG4KTWVF7AN5PAKDMRRFP } (xchess-core-v1:525)
{ event: "entry-submitted", game: u2, height: u102, sender: 'ST3TRY6QNMZ18FD96BJHEG4KTWVF7AN5PAKDMRRFP, seq: u6, value: "e2e4" } (xchess-core-v1:565)
{ amount: u2000, event: "rebate-paid", game: u2, rebates-left: u38, who: 'ST3TRY6QNMZ18FD96BJHEG4KTWVF7AN5PAKDMRRFP } (xchess-core-v1:525)
{ event: "entry-submitted", game: u2, height: u104, sender: 'ST3TRY6QNMZ18FD96BJHEG4KTWVF7AN5PAKDMRRFP, seq: u7, value: "e2e4" } (xchess-core-v1:565)
{ amount: u2000, event: "rebate-paid", game: u2, rebates-left: u37, who: 'ST3TRY6QNMZ18FD96BJHEG4KTWVF7AN5PAKDMRRFP } (xchess-core-v1:525)
{ event: "entry-submitted", game: u2, height: u106, sender: 'ST3TRY6QNMZ18FD96BJHEG4KTWVF7AN5PAKDMRRFP, seq: u8, value: "e2e4" } (xchess-core-v1:565)
{ amount: u2000, event: "rebate-paid", game: u2, rebates-left: u36, who: 'ST3TRY6QNMZ18FD96BJHEG4KTWVF7AN5PAKDMRRFP } (xchess-core-v1:525)
{ event: "entry-submitted", game: u2, height: u108, sender: 'ST3TRY6QNMZ18FD96BJHEG4KTWVF7AN5PAKDMRRFP, seq: u9, value: "e2e4" } (xchess-core-v1:565)
{ amount: u2000, event: "rebate-paid", game: u2, rebates-left: u35, who: 'ST3TRY6QNMZ18FD96BJHEG4KTWVF7AN5PAKDMRRFP } (xchess-core-v1:525)
{ event: "entry-submitted", game: u2, height: u110, sender: 'ST3TRY6QNMZ18FD96BJHEG4KTWVF7AN5PAKDMRRFP, seq: u10, value: "e2e4" } (xchess-core-v1:565)
{ amount: u2000, event: "rebate-paid", game: u2, rebates-left: u34, who: 'ST3TRY6QNMZ18FD96BJHEG4KTWVF7AN5PAKDMRRFP } (xchess-core-v1:525)
{ event: "entry-submitted", game: u2, height: u112, sender: 'ST3TRY6QNMZ18FD96BJHEG4KTWVF7AN5PAKDMRRFP, seq: u11, value: "e2e4" } (xchess-core-v1:565)
{ amount: u2000, event: "rebate-paid", game: u2, rebates-left: u33, who: 'ST3TRY6QNMZ18FD96BJHEG4KTWVF7AN5PAKDMRRFP } (xchess-core-v1:525)
{ event: "entry-submitted", game: u2, height: u114, sender: 'ST3TRY6QNMZ18FD96BJHEG4KTWVF7AN5PAKDMRRFP, seq: u12, value: "e2e4" } (xchess-core-v1:565)
{ amount: u2000, event: "rebate-paid", game: u2, rebates-left: u32, who: 'ST3TRY6QNMZ18FD96BJHEG4KTWVF7AN5PAKDMRRFP } (xchess-core-v1:525)
{ event: "entry-submitted", game: u2, height: u116, sender: 'ST3TRY6QNMZ18FD96BJHEG4KTWVF7AN5PAKDMRRFP, seq: u13, value: "e2e4" } (xchess-core-v1:565)
{ amount: u2000, event: "rebate-paid", game: u2, rebates-left: u31, who: 'ST3TRY6QNMZ18FD96BJHEG4KTWVF7AN5PAKDMRRFP } (xchess-core-v1:525)
{ event: "entry-submitted", game: u2, height: u118, sender: 'ST3TRY6QNMZ18FD96BJHEG4KTWVF7AN5PAKDMRRFP, seq: u14, value: "e2e4" } (xchess-core-v1:565)
{ amount: u2000, event: "rebate-paid", game: u2, rebates-left: u30, who: 'ST3TRY6QNMZ18FD96BJHEG4KTWVF7AN5PAKDMRRFP } (xchess-core-v1:525)
{ event: "entry-submitted", game: u2, height: u120, sender: 'ST3TRY6QNMZ18FD96BJHEG4KTWVF7AN5PAKDMRRFP, seq: u15, value: "e2e4" } (xchess-core-v1:565)
{ amount: u2000, event: "rebate-paid", game: u2, rebates-left: u29, who: 'ST3TRY6QNMZ18FD96BJHEG4KTWVF7AN5PAKDMRRFP } (xchess-core-v1:525)
{ event: "entry-submitted", game: u2, height: u122, sender: 'ST3TRY6QNMZ18FD96BJHEG4KTWVF7AN5PAKDMRRFP, seq: u16, value: "e2e4" } (xchess-core-v1:565)
{ amount: u2000, event: "rebate-paid", game: u2, rebates-left: u28, who: 'ST3TRY6QNMZ18FD96BJHEG4KTWVF7AN5PAKDMRRFP } (xchess-core-v1:525)
{ event: "entry-submitted", game: u2, height: u124, sender: 'ST3TRY6QNMZ18FD96BJHEG4KTWVF7AN5PAKDMRRFP, seq: u17, value: "e2e4" } (xchess-core-v1:565)
{ amount: u2000, event: "rebate-paid", game: u2, rebates-left: u27, who: 'ST3TRY6QNMZ18FD96BJHEG4KTWVF7AN5PAKDMRRFP } (xchess-core-v1:525)
{ event: "entry-submitted", game: u2, height: u126, sender: 'ST3TRY6QNMZ18FD96BJHEG4KTWVF7AN5PAKDMRRFP, seq: u18, value: "e2e4" } (xchess-core-v1:565)
{ amount: u2000, event: "rebate-paid", game: u2, rebates-left: u26, who: 'ST3TRY6QNMZ18FD96BJHEG4KTWVF7AN5PAKDMRRFP } (xchess-core-v1:525)
{ event: "entry-submitted", game: u2, height: u128, sender: 'ST3TRY6QNMZ18FD96BJHEG4KTWVF7AN5PAKDMRRFP, seq: u19, value: "e2e4" } (xchess-core-v1:565)
{ amount: u2000, event: "rebate-paid", game: u2, rebates-left: u25, who: 'ST3TRY6QNMZ18FD96BJHEG4KTWVF7AN5PAKDMRRFP } (xchess-core-v1:525)
{ event: "entry-submitted", game: u2, height: u130, sender: 'ST3TRY6QNMZ18FD96BJHEG4KTWVF7AN5PAKDMRRFP, seq: u20, value: "e2e4" } (xchess-core-v1:565)
{ amount: u2000, event: "rebate-paid", game: u2, rebates-left: u24, who: 'ST3TRY6QNMZ18FD96BJHEG4KTWVF7AN5PAKDMRRFP } (xchess-core-v1:525)
{ event: "entry-submitted", game: u2, height: u132, sender: 'ST3TRY6QNMZ18FD96BJHEG4KTWVF7AN5PAKDMRRFP, seq: u21, value: "e2e4" } (xchess-core-v1:565)
{ amount: u2000, event: "rebate-paid", game: u2, rebates-left: u23, who: 'ST3TRY6QNMZ18FD96BJHEG4KTWVF7AN5PAKDMRRFP } (xchess-core-v1:525)
{ event: "entry-submitted", game: u2, height: u134, sender: 'ST3TRY6QNMZ18FD96BJHEG4KTWVF7AN5PAKDMRRFP, seq: u22, value: "e2e4" } (xchess-core-v1:565)
{ amount: u2000, event: "rebate-paid", game: u2, rebates-left: u22, who: 'ST3TRY6QNMZ18FD96BJHEG4KTWVF7AN5PAKDMRRFP } (xchess-core-v1:525)
{ event: "entry-submitted", game: u2, height: u136, sender: 'ST3TRY6QNMZ18FD96BJHEG4KTWVF7AN5PAKDMRRFP, seq: u23, value: "e2e4" } (xchess-core-v1:565)
{ amount: u2000, event: "rebate-paid", game: u2, rebates-left: u21, who: 'ST3TRY6QNMZ18FD96BJHEG4KTWVF7AN5PAKDMRRFP } (xchess-core-v1:525)
{ event: "entry-submitted", game: u2, height: u138, sender: 'ST3TRY6QNMZ18FD96BJHEG4KTWVF7AN5PAKDMRRFP, seq: u24, value: "e2e4" } (xchess-core-v1:565)
{ amount: u2000, event: "rebate-paid", game: u2, rebates-left: u20, who: 'ST3TRY6QNMZ18FD96BJHEG4KTWVF7AN5PAKDMRRFP } (xchess-core-v1:525)
{ event: "entry-submitted", game: u2, height: u140, sender: 'ST3TRY6QNMZ18FD96BJHEG4KTWVF7AN5PAKDMRRFP, seq: u25, value: "e2e4" } (xchess-core-v1:565)
{ amount: u2000, event: "rebate-paid", game: u2, rebates-left: u19, who: 'ST3TRY6QNMZ18FD96BJHEG4KTWVF7AN5PAKDMRRFP } (xchess-core-v1:525)
{ event: "entry-submitted", game: u2, height: u142, sender: 'ST3TRY6QNMZ18FD96BJHEG4KTWVF7AN5PAKDMRRFP, seq: u26, value: "e2e4" } (xchess-core-v1:565)
{ amount: u2000, event: "rebate-paid", game: u2, rebates-left: u18, who: 'ST3TRY6QNMZ18FD96BJHEG4KTWVF7AN5PAKDMRRFP } (xchess-core-v1:525)
{ event: "entry-submitted", game: u2, height: u144, sender: 'ST3TRY6QNMZ18FD96BJHEG4KTWVF7AN5PAKDMRRFP, seq: u27, value: "e2e4" } (xchess-core-v1:565)
{ amount: u2000, event: "rebate-paid", game: u2, rebates-left: u17, who: 'ST3TRY6QNMZ18FD96BJHEG4KTWVF7AN5PAKDMRRFP } (xchess-core-v1:525)
{ event: "entry-submitted", game: u2, height: u146, sender: 'ST3TRY6QNMZ18FD96BJHEG4KTWVF7AN5PAKDMRRFP, seq: u28, value: "e2e4" } (xchess-core-v1:565)
{ amount: u2000, event: "rebate-paid", game: u2, rebates-left: u16, who: 'ST3TRY6QNMZ18FD96BJHEG4KTWVF7AN5PAKDMRRFP } (xchess-core-v1:525)
{ event: "entry-submitted", game: u2, height: u148, sender: 'ST3TRY6QNMZ18FD96BJHEG4KTWVF7AN5PAKDMRRFP, seq: u29, value: "e2e4" } (xchess-core-v1:565)
{ amount: u2000, event: "rebate-paid", game: u2, rebates-left: u15, who: 'ST3TRY6QNMZ18FD96BJHEG4KTWVF7AN5PAKDMRRFP } (xchess-core-v1:525)
{ event: "entry-submitted", game: u2, height: u150, sender: 'ST3TRY6QNMZ18FD96BJHEG4KTWVF7AN5PAKDMRRFP, seq: u30, value: "e2e4" } (xchess-core-v1:565)
{ amount: u2000, event: "rebate-paid", game: u2, rebates-left: u14, who: 'ST3TRY6QNMZ18FD96BJHEG4KTWVF7AN5PAKDMRRFP } (xchess-core-v1:525)
{ event: "entry-submitted", game: u2, height: u152, sender: 'ST3TRY6QNMZ18FD96BJHEG4KTWVF7AN5PAKDMRRFP, seq: u31, value: "e2e4" } (xchess-core-v1:565)
{ amount: u2000, event: "rebate-paid", game: u2, rebates-left: u13, who: 'ST3TRY6QNMZ18FD96BJHEG4KTWVF7AN5PAKDMRRFP } (xchess-core-v1:525)
{ event: "entry-submitted", game: u2, height: u154, sender: 'ST3TRY6QNMZ18FD96BJHEG4KTWVF7AN5PAKDMRRFP, seq: u32, value: "e2e4" } (xchess-core-v1:565)
{ amount: u2000, event: "rebate-paid", game: u2, rebates-left: u12, who: 'ST3TRY6QNMZ18FD96BJHEG4KTWVF7AN5PAKDMRRFP } (xchess-core-v1:525)
{ event: "entry-submitted", game: u2, height: u156, sender: 'ST3TRY6QNMZ18FD96BJHEG4KTWVF7AN5PAKDMRRFP, seq: u33, value: "e2e4" } (xchess-core-v1:565)
{ amount: u2000, event: "rebate-paid", game: u2, rebates-left: u11, who: 'ST3TRY6QNMZ18FD96BJHEG4KTWVF7AN5PAKDMRRFP } (xchess-core-v1:525)
{ event: "entry-submitted", game: u2, height: u158, sender: 'ST3TRY6QNMZ18FD96BJHEG4KTWVF7AN5PAKDMRRFP, seq: u34, value: "e2e4" } (xchess-core-v1:565)
{ amount: u2000, event: "rebate-paid", game: u2, rebates-left: u10, who: 'ST3TRY6QNMZ18FD96BJHEG4KTWVF7AN5PAKDMRRFP } (xchess-core-v1:525)
{ event: "entry-submitted", game: u2, height: u160, sender: 'ST3TRY6QNMZ18FD96BJHEG4KTWVF7AN5PAKDMRRFP, seq: u35, value: "e2e4" } (xchess-core-v1:565)
{ amount: u2000, event: "rebate-paid", game: u2, rebates-left: u9, who: 'ST3TRY6QNMZ18FD96BJHEG4KTWVF7AN5PAKDMRRFP } (xchess-core-v1:525)
{ event: "entry-submitted", game: u2, height: u162, sender: 'ST3TRY6QNMZ18FD96BJHEG4KTWVF7AN5PAKDMRRFP, seq: u36, value: "e2e4" } (xchess-core-v1:565)
{ amount: u2000, event: "rebate-paid", game: u2, rebates-left: u8, who: 'ST3TRY6QNMZ18FD96BJHEG4KTWVF7AN5PAKDMRRFP } (xchess-core-v1:525)
{ event: "entry-submitted", game: u2, height: u164, sender: 'ST3TRY6QNMZ18FD96BJHEG4KTWVF7AN5PAKDMRRFP, seq: u37, value: "e2e4" } (xchess-core-v1:565)
{ amount: u2000, event: "rebate-paid", game: u2, rebates-left: u7, who: 'ST3TRY6QNMZ18FD96BJHEG4KTWVF7AN5PAKDMRRFP } (xchess-core-v1:525)
{ event: "entry-submitted", game: u2, height: u166, sender: 'ST3TRY6QNMZ18FD96BJHEG4KTWVF7AN5PAKDMRRFP, seq: u38, value: "e2e4" } (xchess-core-v1:565)
{ amount: u2000, event: "rebate-paid", game: u2, rebates-left: u6, who: 'ST3TRY6QNMZ18FD96BJHEG4KTWVF7AN5PAKDMRRFP } (xchess-core-v1:525)
{ event: "entry-submitted", game: u2, height: u168, sender: 'ST3TRY6QNMZ18FD96BJHEG4KTWVF7AN5PAKDMRRFP, seq: u39, value: "e2e4" } (xchess-core-v1:565)
{ amount: u2000, event: "rebate-paid", game: u2, rebates-left: u5, who: 'ST3TRY6QNMZ18FD96BJHEG4KTWVF7AN5PAKDMRRFP } (xchess-core-v1:525)
{ event: "entry-submitted", game: u2, height: u170, sender: 'ST3TRY6QNMZ18FD96BJHEG4KTWVF7AN5PAKDMRRFP, seq: u40, value: "e2e4" } (xchess-core-v1:565)
{ amount: u2000, event: "rebate-paid", game: u2, rebates-left: u4, who: 'ST3TRY6QNMZ18FD96BJHEG4KTWVF7AN5PAKDMRRFP } (xchess-core-v1:525)
{ event: "game-opened", fee: u1000000, game: u3, height: u172, opened-by: 'ST85J1T8QBRRF1E3X429R720WMMTGMTTBQ1ABDZT, ranked: false, rules-hash: (some 0xabababababababababababababababababababababababababababababababab) } (xchess-core-v1:318)
{ bootstrap: u250000, event: "sponsorship-funded", expiry: u4492, funded-by: 'ST85J1T8QBRRF1E3X429R720WMMTGMTTBQ1ABDZT, game: u3, rebate: u2000, rebates: u45, reserved: u90000, who: 'ST3TRY6QNMZ18FD96BJHEG4KTWVF7AN5PAKDMRRFP } (xchess-core-v1:388)
{ event: "entry-submitted", game: u3, height: u174, sender: 'ST3TRY6QNMZ18FD96BJHEG4KTWVF7AN5PAKDMRRFP, seq: u0, value: "e2e4" } (xchess-core-v1:565)
{ amount: u2000, event: "rebate-paid", game: u3, rebates-left: u44, who: 'ST3TRY6QNMZ18FD96BJHEG4KTWVF7AN5PAKDMRRFP } (xchess-core-v1:525)
{ event: "entry-submitted", game: u3, height: u176, sender: 'ST3TRY6QNMZ18FD96BJHEG4KTWVF7AN5PAKDMRRFP, seq: u1, value: "e2e4" } (xchess-core-v1:565)
{ amount: u2000, event: "rebate-paid", game: u3, rebates-left: u43, who: 'ST3TRY6QNMZ18FD96BJHEG4KTWVF7AN5PAKDMRRFP } (xchess-core-v1:525)
{ event: "entry-submitted", game: u3, height: u178, sender: 'ST3TRY6QNMZ18FD96BJHEG4KTWVF7AN5PAKDMRRFP, seq: u2, value: "e2e4" } (xchess-core-v1:565)
{ amount: u2000, event: "rebate-paid", game: u3, rebates-left: u42, who: 'ST3TRY6QNMZ18FD96BJHEG4KTWVF7AN5PAKDMRRFP } (xchess-core-v1:525)
{ event: "entry-submitted", game: u3, height: u180, sender: 'ST3TRY6QNMZ18FD96BJHEG4KTWVF7AN5PAKDMRRFP, seq: u3, value: "e2e4" } (xchess-core-v1:565)
{ amount: u2000, event: "rebate-paid", game: u3, rebates-left: u41, who: 'ST3TRY6QNMZ18FD96BJHEG4KTWVF7AN5PAKDMRRFP } (xchess-core-v1:525)
{ event: "entry-submitted", game: u3, height: u182, sender: 'ST3TRY6QNMZ18FD96BJHEG4KTWVF7AN5PAKDMRRFP, seq: u4, value: "e2e4" } (xchess-core-v1:565)
{ amount: u2000, event: "rebate-paid", game: u3, rebates-left: u40, who: 'ST3TRY6QNMZ18FD96BJHEG4KTWVF7AN5PAKDMRRFP } (xchess-core-v1:525)
{ event: "entry-submitted", game: u3, height: u184, sender: 'ST3TRY6QNMZ18FD96BJHEG4KTWVF7AN5PAKDMRRFP, seq: u5, value: "e2e4" } (xchess-core-v1:565)
{ amount: u2000, event: "rebate-paid", game: u3, rebates-left: u39, who: 'ST3TRY6QNMZ18FD96BJHEG4KTWVF7AN5PAKDMRRFP } (xchess-core-v1:525)
{ event: "entry-submitted", game: u3, height: u186, sender: 'ST3TRY6QNMZ18FD96BJHEG4KTWVF7AN5PAKDMRRFP, seq: u6, value: "e2e4" } (xchess-core-v1:565)
{ amount: u2000, event: "rebate-paid", game: u3, rebates-left: u38, who: 'ST3TRY6QNMZ18FD96BJHEG4KTWVF7AN5PAKDMRRFP } (xchess-core-v1:525)
{ event: "entry-submitted", game: u3, height: u188, sender: 'ST3TRY6QNMZ18FD96BJHEG4KTWVF7AN5PAKDMRRFP, seq: u7, value: "e2e4" } (xchess-core-v1:565)
{ amount: u2000, event: "rebate-paid", game: u3, rebates-left: u37, who: 'ST3TRY6QNMZ18FD96BJHEG4KTWVF7AN5PAKDMRRFP } (xchess-core-v1:525)
{ event: "entry-submitted", game: u3, height: u190, sender: 'ST3TRY6QNMZ18FD96BJHEG4KTWVF7AN5PAKDMRRFP, seq: u8, value: "e2e4" } (xchess-core-v1:565)
{ amount: u2000, event: "rebate-paid", game: u3, rebates-left: u36, who: 'ST3TRY6QNMZ18FD96BJHEG4KTWVF7AN5PAKDMRRFP } (xchess-core-v1:525)
{ event: "entry-submitted", game: u3, height: u192, sender: 'ST3TRY6QNMZ18FD96BJHEG4KTWVF7AN5PAKDMRRFP, seq: u9, value: "e2e4" } (xchess-core-v1:565)
{ amount: u2000, event: "rebate-paid", game: u3, rebates-left: u35, who: 'ST3TRY6QNMZ18FD96BJHEG4KTWVF7AN5PAKDMRRFP } (xchess-core-v1:525)
{ event: "entry-submitted", game: u3, height: u194, sender: 'ST3TRY6QNMZ18FD96BJHEG4KTWVF7AN5PAKDMRRFP, seq: u10, value: "e2e4" } (xchess-core-v1:565)
{ amount: u2000, event: "rebate-paid", game: u3, rebates-left: u34, who: 'ST3TRY6QNMZ18FD96BJHEG4KTWVF7AN5PAKDMRRFP } (xchess-core-v1:525)
{ event: "entry-submitted", game: u3, height: u196, sender: 'ST3TRY6QNMZ18FD96BJHEG4KTWVF7AN5PAKDMRRFP, seq: u11, value: "e2e4" } (xchess-core-v1:565)
{ amount: u2000, event: "rebate-paid", game: u3, rebates-left: u33, who: 'ST3TRY6QNMZ18FD96BJHEG4KTWVF7AN5PAKDMRRFP } (xchess-core-v1:525)
{ event: "entry-submitted", game: u3, height: u198, sender: 'ST3TRY6QNMZ18FD96BJHEG4KTWVF7AN5PAKDMRRFP, seq: u12, value: "e2e4" } (xchess-core-v1:565)
{ amount: u2000, event: "rebate-paid", game: u3, rebates-left: u32, who: 'ST3TRY6QNMZ18FD96BJHEG4KTWVF7AN5PAKDMRRFP } (xchess-core-v1:525)
{ event: "entry-submitted", game: u3, height: u200, sender: 'ST3TRY6QNMZ18FD96BJHEG4KTWVF7AN5PAKDMRRFP, seq: u13, value: "e2e4" } (xchess-core-v1:565)
{ amount: u2000, event: "rebate-paid", game: u3, rebates-left: u31, who: 'ST3TRY6QNMZ18FD96BJHEG4KTWVF7AN5PAKDMRRFP } (xchess-core-v1:525)
{ event: "entry-submitted", game: u3, height: u202, sender: 'ST3TRY6QNMZ18FD96BJHEG4KTWVF7AN5PAKDMRRFP, seq: u14, value: "e2e4" } (xchess-core-v1:565)
{ amount: u2000, event: "rebate-paid", game: u3, rebates-left: u30, who: 'ST3TRY6QNMZ18FD96BJHEG4KTWVF7AN5PAKDMRRFP } (xchess-core-v1:525)
{ event: "entry-submitted", game: u3, height: u204, sender: 'ST3TRY6QNMZ18FD96BJHEG4KTWVF7AN5PAKDMRRFP, seq: u15, value: "e2e4" } (xchess-core-v1:565)
{ amount: u2000, event: "rebate-paid", game: u3, rebates-left: u29, who: 'ST3TRY6QNMZ18FD96BJHEG4KTWVF7AN5PAKDMRRFP } (xchess-core-v1:525)
{ event: "entry-submitted", game: u3, height: u206, sender: 'ST3TRY6QNMZ18FD96BJHEG4KTWVF7AN5PAKDMRRFP, seq: u16, value: "e2e4" } (xchess-core-v1:565)
{ amount: u2000, event: "rebate-paid", game: u3, rebates-left: u28, who: 'ST3TRY6QNMZ18FD96BJHEG4KTWVF7AN5PAKDMRRFP } (xchess-core-v1:525)
{ event: "entry-submitted", game: u3, height: u208, sender: 'ST3TRY6QNMZ18FD96BJHEG4KTWVF7AN5PAKDMRRFP, seq: u17, value: "e2e4" } (xchess-core-v1:565)
{ amount: u2000, event: "rebate-paid", game: u3, rebates-left: u27, who: 'ST3TRY6QNMZ18FD96BJHEG4KTWVF7AN5PAKDMRRFP } (xchess-core-v1:525)
{ event: "entry-submitted", game: u3, height: u210, sender: 'ST3TRY6QNMZ18FD96BJHEG4KTWVF7AN5PAKDMRRFP, seq: u18, value: "e2e4" } (xchess-core-v1:565)
{ amount: u2000, event: "rebate-paid", game: u3, rebates-left: u26, who: 'ST3TRY6QNMZ18FD96BJHEG4KTWVF7AN5PAKDMRRFP } (xchess-core-v1:525)
{ event: "entry-submitted", game: u3, height: u212, sender: 'ST3TRY6QNMZ18FD96BJHEG4KTWVF7AN5PAKDMRRFP, seq: u19, value: "e2e4" } (xchess-core-v1:565)
{ amount: u2000, event: "rebate-paid", game: u3, rebates-left: u25, who: 'ST3TRY6QNMZ18FD96BJHEG4KTWVF7AN5PAKDMRRFP } (xchess-core-v1:525)
{ event: "entry-submitted", game: u3, height: u214, sender: 'ST3TRY6QNMZ18FD96BJHEG4KTWVF7AN5PAKDMRRFP, seq: u20, value: "e2e4" } (xchess-core-v1:565)
{ amount: u2000, event: "rebate-paid", game: u3, rebates-left: u24, who: 'ST3TRY6QNMZ18FD96BJHEG4KTWVF7AN5PAKDMRRFP } (xchess-core-v1:525)
{ event: "entry-submitted", game: u3, height: u216, sender: 'ST3TRY6QNMZ18FD96BJHEG4KTWVF7AN5PAKDMRRFP, seq: u21, value: "e2e4" } (xchess-core-v1:565)
{ amount: u2000, event: "rebate-paid", game: u3, rebates-left: u23, who: 'ST3TRY6QNMZ18FD96BJHEG4KTWVF7AN5PAKDMRRFP } (xchess-core-v1:525)
{ event: "entry-submitted", game: u3, height: u218, sender: 'ST3TRY6QNMZ18FD96BJHEG4KTWVF7AN5PAKDMRRFP, seq: u22, value: "e2e4" } (xchess-core-v1:565)
{ amount: u2000, event: "rebate-paid", game: u3, rebates-left: u22, who: 'ST3TRY6QNMZ18FD96BJHEG4KTWVF7AN5PAKDMRRFP } (xchess-core-v1:525)
{ event: "entry-submitted", game: u3, height: u220, sender: 'ST3TRY6QNMZ18FD96BJHEG4KTWVF7AN5PAKDMRRFP, seq: u23, value: "e2e4" } (xchess-core-v1:565)
{ amount: u2000, event: "rebate-paid", game: u3, rebates-left: u21, who: 'ST3TRY6QNMZ18FD96BJHEG4KTWVF7AN5PAKDMRRFP } (xchess-core-v1:525)
{ event: "entry-submitted", game: u3, height: u222, sender: 'ST3TRY6QNMZ18FD96BJHEG4KTWVF7AN5PAKDMRRFP, seq: u24, value: "e2e4" } (xchess-core-v1:565)
{ amount: u2000, event: "rebate-paid", game: u3, rebates-left: u20, who: 'ST3TRY6QNMZ18FD96BJHEG4KTWVF7AN5PAKDMRRFP } (xchess-core-v1:525)
{ event: "entry-submitted", game: u3, height: u224, sender: 'ST3TRY6QNMZ18FD96BJHEG4KTWVF7AN5PAKDMRRFP, seq: u25, value: "e2e4" } (xchess-core-v1:565)
{ amount: u2000, event: "rebate-paid", game: u3, rebates-left: u19, who: 'ST3TRY6QNMZ18FD96BJHEG4KTWVF7AN5PAKDMRRFP } (xchess-core-v1:525)
{ event: "entry-submitted", game: u3, height: u226, sender: 'ST3TRY6QNMZ18FD96BJHEG4KTWVF7AN5PAKDMRRFP, seq: u26, value: "e2e4" } (xchess-core-v1:565)
{ amount: u2000, event: "rebate-paid", game: u3, rebates-left: u18, who: 'ST3TRY6QNMZ18FD96BJHEG4KTWVF7AN5PAKDMRRFP } (xchess-core-v1:525)
{ event: "entry-submitted", game: u3, height: u228, sender: 'ST3TRY6QNMZ18FD96BJHEG4KTWVF7AN5PAKDMRRFP, seq: u27, value: "e2e4" } (xchess-core-v1:565)
{ amount: u2000, event: "rebate-paid", game: u3, rebates-left: u17, who: 'ST3TRY6QNMZ18FD96BJHEG4KTWVF7AN5PAKDMRRFP } (xchess-core-v1:525)
{ event: "entry-submitted", game: u3, height: u230, sender: 'ST3TRY6QNMZ18FD96BJHEG4KTWVF7AN5PAKDMRRFP, seq: u28, value: "e2e4" } (xchess-core-v1:565)
{ amount: u2000, event: "rebate-paid", game: u3, rebates-left: u16, who: 'ST3TRY6QNMZ18FD96BJHEG4KTWVF7AN5PAKDMRRFP } (xchess-core-v1:525)
{ event: "entry-submitted", game: u3, height: u232, sender: 'ST3TRY6QNMZ18FD96BJHEG4KTWVF7AN5PAKDMRRFP, seq: u29, value: "e2e4" } (xchess-core-v1:565)
{ amount: u2000, event: "rebate-paid", game: u3, rebates-left: u15, who: 'ST3TRY6QNMZ18FD96BJHEG4KTWVF7AN5PAKDMRRFP } (xchess-core-v1:525)
{ event: "entry-submitted", game: u3, height: u234, sender: 'ST3TRY6QNMZ18FD96BJHEG4KTWVF7AN5PAKDMRRFP, seq: u30, value: "e2e4" } (xchess-core-v1:565)
{ amount: u2000, event: "rebate-paid", game: u3, rebates-left: u14, who: 'ST3TRY6QNMZ18FD96BJHEG4KTWVF7AN5PAKDMRRFP } (xchess-core-v1:525)
{ event: "entry-submitted", game: u3, height: u236, sender: 'ST3TRY6QNMZ18FD96BJHEG4KTWVF7AN5PAKDMRRFP, seq: u31, value: "e2e4" } (xchess-core-v1:565)
{ amount: u2000, event: "rebate-paid", game: u3, rebates-left: u13, who: 'ST3TRY6QNMZ18FD96BJHEG4KTWVF7AN5PAKDMRRFP } (xchess-core-v1:525)
{ event: "entry-submitted", game: u3, height: u238, sender: 'ST3TRY6QNMZ18FD96BJHEG4KTWVF7AN5PAKDMRRFP, seq: u32, value: "e2e4" } (xchess-core-v1:565)
{ amount: u2000, event: "rebate-paid", game: u3, rebates-left: u12, who: 'ST3TRY6QNMZ18FD96BJHEG4KTWVF7AN5PAKDMRRFP } (xchess-core-v1:525)
{ event: "entry-submitted", game: u3, height: u240, sender: 'ST3TRY6QNMZ18FD96BJHEG4KTWVF7AN5PAKDMRRFP, seq: u33, value: "e2e4" } (xchess-core-v1:565)
{ amount: u2000, event: "rebate-paid", game: u3, rebates-left: u11, who: 'ST3TRY6QNMZ18FD96BJHEG4KTWVF7AN5PAKDMRRFP } (xchess-core-v1:525)
{ event: "entry-submitted", game: u3, height: u242, sender: 'ST3TRY6QNMZ18FD96BJHEG4KTWVF7AN5PAKDMRRFP, seq: u34, value: "e2e4" } (xchess-core-v1:565)
{ amount: u2000, event: "rebate-paid", game: u3, rebates-left: u10, who: 'ST3TRY6QNMZ18FD96BJHEG4KTWVF7AN5PAKDMRRFP } (xchess-core-v1:525)
{ event: "entry-submitted", game: u3, height: u244, sender: 'ST3TRY6QNMZ18FD96BJHEG4KTWVF7AN5PAKDMRRFP, seq: u35, value: "e2e4" } (xchess-core-v1:565)
{ amount: u2000, event: "rebate-paid", game: u3, rebates-left: u9, who: 'ST3TRY6QNMZ18FD96BJHEG4KTWVF7AN5PAKDMRRFP } (xchess-core-v1:525)
{ event: "entry-submitted", game: u3, height: u246, sender: 'ST3TRY6QNMZ18FD96BJHEG4KTWVF7AN5PAKDMRRFP, seq: u36, value: "e2e4" } (xchess-core-v1:565)
{ amount: u2000, event: "rebate-paid", game: u3, rebates-left: u8, who: 'ST3TRY6QNMZ18FD96BJHEG4KTWVF7AN5PAKDMRRFP } (xchess-core-v1:525)
{ event: "entry-submitted", game: u3, height: u248, sender: 'ST3TRY6QNMZ18FD96BJHEG4KTWVF7AN5PAKDMRRFP, seq: u37, value: "e2e4" } (xchess-core-v1:565)
{ amount: u2000, event: "rebate-paid", game: u3, rebates-left: u7, who: 'ST3TRY6QNMZ18FD96BJHEG4KTWVF7AN5PAKDMRRFP } (xchess-core-v1:525)
{ event: "entry-submitted", game: u3, height: u250, sender: 'ST3TRY6QNMZ18FD96BJHEG4KTWVF7AN5PAKDMRRFP, seq: u38, value: "e2e4" } (xchess-core-v1:565)
{ amount: u2000, event: "rebate-paid", game: u3, rebates-left: u6, who: 'ST3TRY6QNMZ18FD96BJHEG4KTWVF7AN5PAKDMRRFP } (xchess-core-v1:525)
{ event: "entry-submitted", game: u3, height: u252, sender: 'ST3TRY6QNMZ18FD96BJHEG4KTWVF7AN5PAKDMRRFP, seq: u39, value: "e2e4" } (xchess-core-v1:565)
{ amount: u2000, event: "rebate-paid", game: u3, rebates-left: u5, who: 'ST3TRY6QNMZ18FD96BJHEG4KTWVF7AN5PAKDMRRFP } (xchess-core-v1:525)
{ event: "entry-submitted", game: u3, height: u254, sender: 'ST3TRY6QNMZ18FD96BJHEG4KTWVF7AN5PAKDMRRFP, seq: u40, value: "e2e4" } (xchess-core-v1:565)
{ amount: u2000, event: "rebate-paid", game: u3, rebates-left: u4, who: 'ST3TRY6QNMZ18FD96BJHEG4KTWVF7AN5PAKDMRRFP } (xchess-core-v1:525)
{ event: "game-opened", fee: u1000000, game: u4, height: u256, opened-by: 'ST85J1T8QBRRF1E3X429R720WMMTGMTTBQ1ABDZT, ranked: false, rules-hash: (some 0xabababababababababababababababababababababababababababababababab) } (xchess-core-v1:318)
{ bootstrap: u250000, event: "sponsorship-funded", expiry: u4576, funded-by: 'ST85J1T8QBRRF1E3X429R720WMMTGMTTBQ1ABDZT, game: u4, rebate: u2000, rebates: u45, reserved: u90000, who: 'ST3TRY6QNMZ18FD96BJHEG4KTWVF7AN5PAKDMRRFP } (xchess-core-v1:388)
{ event: "entry-submitted", game: u4, height: u258, sender: 'ST3TRY6QNMZ18FD96BJHEG4KTWVF7AN5PAKDMRRFP, seq: u0, value: "e2e4" } (xchess-core-v1:565)
{ amount: u2000, event: "rebate-paid", game: u4, rebates-left: u44, who: 'ST3TRY6QNMZ18FD96BJHEG4KTWVF7AN5PAKDMRRFP } (xchess-core-v1:525)
{ event: "entry-submitted", game: u4, height: u260, sender: 'ST3TRY6QNMZ18FD96BJHEG4KTWVF7AN5PAKDMRRFP, seq: u1, value: "e2e4" } (xchess-core-v1:565)
{ amount: u2000, event: "rebate-paid", game: u4, rebates-left: u43, who: 'ST3TRY6QNMZ18FD96BJHEG4KTWVF7AN5PAKDMRRFP } (xchess-core-v1:525)
{ event: "entry-submitted", game: u4, height: u262, sender: 'ST3TRY6QNMZ18FD96BJHEG4KTWVF7AN5PAKDMRRFP, seq: u2, value: "e2e4" } (xchess-core-v1:565)
{ amount: u2000, event: "rebate-paid", game: u4, rebates-left: u42, who: 'ST3TRY6QNMZ18FD96BJHEG4KTWVF7AN5PAKDMRRFP } (xchess-core-v1:525)
{ event: "entry-submitted", game: u4, height: u264, sender: 'ST3TRY6QNMZ18FD96BJHEG4KTWVF7AN5PAKDMRRFP, seq: u3, value: "e2e4" } (xchess-core-v1:565)
{ amount: u2000, event: "rebate-paid", game: u4, rebates-left: u41, who: 'ST3TRY6QNMZ18FD96BJHEG4KTWVF7AN5PAKDMRRFP } (xchess-core-v1:525)
{ event: "entry-submitted", game: u4, height: u266, sender: 'ST3TRY6QNMZ18FD96BJHEG4KTWVF7AN5PAKDMRRFP, seq: u4, value: "e2e4" } (xchess-core-v1:565)
{ amount: u2000, event: "rebate-paid", game: u4, rebates-left: u40, who: 'ST3TRY6QNMZ18FD96BJHEG4KTWVF7AN5PAKDMRRFP } (xchess-core-v1:525)
{ event: "entry-submitted", game: u4, height: u268, sender: 'ST3TRY6QNMZ18FD96BJHEG4KTWVF7AN5PAKDMRRFP, seq: u5, value: "e2e4" } (xchess-core-v1:565)
{ amount: u2000, event: "rebate-paid", game: u4, rebates-left: u39, who: 'ST3TRY6QNMZ18FD96BJHEG4KTWVF7AN5PAKDMRRFP } (xchess-core-v1:525)
{ event: "entry-submitted", game: u4, height: u270, sender: 'ST3TRY6QNMZ18FD96BJHEG4KTWVF7AN5PAKDMRRFP, seq: u6, value: "e2e4" } (xchess-core-v1:565)
{ amount: u2000, event: "rebate-paid", game: u4, rebates-left: u38, who: 'ST3TRY6QNMZ18FD96BJHEG4KTWVF7AN5PAKDMRRFP } (xchess-core-v1:525)
{ event: "entry-submitted", game: u4, height: u272, sender: 'ST3TRY6QNMZ18FD96BJHEG4KTWVF7AN5PAKDMRRFP, seq: u7, value: "e2e4" } (xchess-core-v1:565)
{ amount: u2000, event: "rebate-paid", game: u4, rebates-left: u37, who: 'ST3TRY6QNMZ18FD96BJHEG4KTWVF7AN5PAKDMRRFP } (xchess-core-v1:525)
{ event: "entry-submitted", game: u4, height: u274, sender: 'ST3TRY6QNMZ18FD96BJHEG4KTWVF7AN5PAKDMRRFP, seq: u8, value: "e2e4" } (xchess-core-v1:565)
{ amount: u2000, event: "rebate-paid", game: u4, rebates-left: u36, who: 'ST3TRY6QNMZ18FD96BJHEG4KTWVF7AN5PAKDMRRFP } (xchess-core-v1:525)
{ event: "entry-submitted", game: u4, height: u276, sender: 'ST3TRY6QNMZ18FD96BJHEG4KTWVF7AN5PAKDMRRFP, seq: u9, value: "e2e4" } (xchess-core-v1:565)
{ amount: u2000, event: "rebate-paid", game: u4, rebates-left: u35, who: 'ST3TRY6QNMZ18FD96BJHEG4KTWVF7AN5PAKDMRRFP } (xchess-core-v1:525)
{ event: "entry-submitted", game: u4, height: u278, sender: 'ST3TRY6QNMZ18FD96BJHEG4KTWVF7AN5PAKDMRRFP, seq: u10, value: "e2e4" } (xchess-core-v1:565)
{ amount: u2000, event: "rebate-paid", game: u4, rebates-left: u34, who: 'ST3TRY6QNMZ18FD96BJHEG4KTWVF7AN5PAKDMRRFP } (xchess-core-v1:525)
{ event: "entry-submitted", game: u4, height: u280, sender: 'ST3TRY6QNMZ18FD96BJHEG4KTWVF7AN5PAKDMRRFP, seq: u11, value: "e2e4" } (xchess-core-v1:565)
{ amount: u2000, event: "rebate-paid", game: u4, rebates-left: u33, who: 'ST3TRY6QNMZ18FD96BJHEG4KTWVF7AN5PAKDMRRFP } (xchess-core-v1:525)
{ event: "entry-submitted", game: u4, height: u282, sender: 'ST3TRY6QNMZ18FD96BJHEG4KTWVF7AN5PAKDMRRFP, seq: u12, value: "e2e4" } (xchess-core-v1:565)
{ amount: u2000, event: "rebate-paid", game: u4, rebates-left: u32, who: 'ST3TRY6QNMZ18FD96BJHEG4KTWVF7AN5PAKDMRRFP } (xchess-core-v1:525)
{ event: "entry-submitted", game: u4, height: u284, sender: 'ST3TRY6QNMZ18FD96BJHEG4KTWVF7AN5PAKDMRRFP, seq: u13, value: "e2e4" } (xchess-core-v1:565)
{ amount: u2000, event: "rebate-paid", game: u4, rebates-left: u31, who: 'ST3TRY6QNMZ18FD96BJHEG4KTWVF7AN5PAKDMRRFP } (xchess-core-v1:525)
{ event: "entry-submitted", game: u4, height: u286, sender: 'ST3TRY6QNMZ18FD96BJHEG4KTWVF7AN5PAKDMRRFP, seq: u14, value: "e2e4" } (xchess-core-v1:565)
{ amount: u2000, event: "rebate-paid", game: u4, rebates-left: u30, who: 'ST3TRY6QNMZ18FD96BJHEG4KTWVF7AN5PAKDMRRFP } (xchess-core-v1:525)
{ event: "entry-submitted", game: u4, height: u288, sender: 'ST3TRY6QNMZ18FD96BJHEG4KTWVF7AN5PAKDMRRFP, seq: u15, value: "e2e4" } (xchess-core-v1:565)
{ amount: u2000, event: "rebate-paid", game: u4, rebates-left: u29, who: 'ST3TRY6QNMZ18FD96BJHEG4KTWVF7AN5PAKDMRRFP } (xchess-core-v1:525)
{ event: "entry-submitted", game: u4, height: u290, sender: 'ST3TRY6QNMZ18FD96BJHEG4KTWVF7AN5PAKDMRRFP, seq: u16, value: "e2e4" } (xchess-core-v1:565)
{ amount: u2000, event: "rebate-paid", game: u4, rebates-left: u28, who: 'ST3TRY6QNMZ18FD96BJHEG4KTWVF7AN5PAKDMRRFP } (xchess-core-v1:525)
{ event: "entry-submitted", game: u4, height: u292, sender: 'ST3TRY6QNMZ18FD96BJHEG4KTWVF7AN5PAKDMRRFP, seq: u17, value: "e2e4" } (xchess-core-v1:565)
{ amount: u2000, event: "rebate-paid", game: u4, rebates-left: u27, who: 'ST3TRY6QNMZ18FD96BJHEG4KTWVF7AN5PAKDMRRFP } (xchess-core-v1:525)
{ event: "entry-submitted", game: u4, height: u294, sender: 'ST3TRY6QNMZ18FD96BJHEG4KTWVF7AN5PAKDMRRFP, seq: u18, value: "e2e4" } (xchess-core-v1:565)
{ amount: u2000, event: "rebate-paid", game: u4, rebates-left: u26, who: 'ST3TRY6QNMZ18FD96BJHEG4KTWVF7AN5PAKDMRRFP } (xchess-core-v1:525)
{ event: "entry-submitted", game: u4, height: u296, sender: 'ST3TRY6QNMZ18FD96BJHEG4KTWVF7AN5PAKDMRRFP, seq: u19, value: "e2e4" } (xchess-core-v1:565)
{ amount: u2000, event: "rebate-paid", game: u4, rebates-left: u25, who: 'ST3TRY6QNMZ18FD96BJHEG4KTWVF7AN5PAKDMRRFP } (xchess-core-v1:525)
{ event: "entry-submitted", game: u4, height: u298, sender: 'ST3TRY6QNMZ18FD96BJHEG4KTWVF7AN5PAKDMRRFP, seq: u20, value: "e2e4" } (xchess-core-v1:565)
{ amount: u2000, event: "rebate-paid", game: u4, rebates-left: u24, who: 'ST3TRY6QNMZ18FD96BJHEG4KTWVF7AN5PAKDMRRFP } (xchess-core-v1:525)
{ event: "entry-submitted", game: u4, height: u300, sender: 'ST3TRY6QNMZ18FD96BJHEG4KTWVF7AN5PAKDMRRFP, seq: u21, value: "e2e4" } (xchess-core-v1:565)
{ amount: u2000, event: "rebate-paid", game: u4, rebates-left: u23, who: 'ST3TRY6QNMZ18FD96BJHEG4KTWVF7AN5PAKDMRRFP } (xchess-core-v1:525)
{ event: "entry-submitted", game: u4, height: u302, sender: 'ST3TRY6QNMZ18FD96BJHEG4KTWVF7AN5PAKDMRRFP, seq: u22, value: "e2e4" } (xchess-core-v1:565)
{ amount: u2000, event: "rebate-paid", game: u4, rebates-left: u22, who: 'ST3TRY6QNMZ18FD96BJHEG4KTWVF7AN5PAKDMRRFP } (xchess-core-v1:525)
{ event: "entry-submitted", game: u4, height: u304, sender: 'ST3TRY6QNMZ18FD96BJHEG4KTWVF7AN5PAKDMRRFP, seq: u23, value: "e2e4" } (xchess-core-v1:565)
{ amount: u2000, event: "rebate-paid", game: u4, rebates-left: u21, who: 'ST3TRY6QNMZ18FD96BJHEG4KTWVF7AN5PAKDMRRFP } (xchess-core-v1:525)
{ event: "entry-submitted", game: u4, height: u306, sender: 'ST3TRY6QNMZ18FD96BJHEG4KTWVF7AN5PAKDMRRFP, seq: u24, value: "e2e4" } (xchess-core-v1:565)
{ amount: u2000, event: "rebate-paid", game: u4, rebates-left: u20, who: 'ST3TRY6QNMZ18FD96BJHEG4KTWVF7AN5PAKDMRRFP } (xchess-core-v1:525)
{ event: "entry-submitted", game: u4, height: u308, sender: 'ST3TRY6QNMZ18FD96BJHEG4KTWVF7AN5PAKDMRRFP, seq: u25, value: "e2e4" } (xchess-core-v1:565)
{ amount: u2000, event: "rebate-paid", game: u4, rebates-left: u19, who: 'ST3TRY6QNMZ18FD96BJHEG4KTWVF7AN5PAKDMRRFP } (xchess-core-v1:525)
{ event: "entry-submitted", game: u4, height: u310, sender: 'ST3TRY6QNMZ18FD96BJHEG4KTWVF7AN5PAKDMRRFP, seq: u26, value: "e2e4" } (xchess-core-v1:565)
{ amount: u2000, event: "rebate-paid", game: u4, rebates-left: u18, who: 'ST3TRY6QNMZ18FD96BJHEG4KTWVF7AN5PAKDMRRFP } (xchess-core-v1:525)
{ event: "entry-submitted", game: u4, height: u312, sender: 'ST3TRY6QNMZ18FD96BJHEG4KTWVF7AN5PAKDMRRFP, seq: u27, value: "e2e4" } (xchess-core-v1:565)
{ amount: u2000, event: "rebate-paid", game: u4, rebates-left: u17, who: 'ST3TRY6QNMZ18FD96BJHEG4KTWVF7AN5PAKDMRRFP } (xchess-core-v1:525)
{ event: "entry-submitted", game: u4, height: u314, sender: 'ST3TRY6QNMZ18FD96BJHEG4KTWVF7AN5PAKDMRRFP, seq: u28, value: "e2e4" } (xchess-core-v1:565)
{ amount: u2000, event: "rebate-paid", game: u4, rebates-left: u16, who: 'ST3TRY6QNMZ18FD96BJHEG4KTWVF7AN5PAKDMRRFP } (xchess-core-v1:525)
{ event: "entry-submitted", game: u4, height: u316, sender: 'ST3TRY6QNMZ18FD96BJHEG4KTWVF7AN5PAKDMRRFP, seq: u29, value: "e2e4" } (xchess-core-v1:565)
{ amount: u2000, event: "rebate-paid", game: u4, rebates-left: u15, who: 'ST3TRY6QNMZ18FD96BJHEG4KTWVF7AN5PAKDMRRFP } (xchess-core-v1:525)
{ event: "entry-submitted", game: u4, height: u318, sender: 'ST3TRY6QNMZ18FD96BJHEG4KTWVF7AN5PAKDMRRFP, seq: u30, value: "e2e4" } (xchess-core-v1:565)
{ amount: u2000, event: "rebate-paid", game: u4, rebates-left: u14, who: 'ST3TRY6QNMZ18FD96BJHEG4KTWVF7AN5PAKDMRRFP } (xchess-core-v1:525)
{ event: "game-opened", fee: u1000000, game: u5, height: u320, opened-by: 'ST85J1T8QBRRF1E3X429R720WMMTGMTTBQ1ABDZT, ranked: false, rules-hash: (some 0xabababababababababababababababababababababababababababababababab) } (xchess-core-v1:318)
{ bootstrap: u250000, event: "sponsorship-funded", expiry: u4640, funded-by: 'ST85J1T8QBRRF1E3X429R720WMMTGMTTBQ1ABDZT, game: u5, rebate: u2000, rebates: u45, reserved: u90000, who: 'ST3TRY6QNMZ18FD96BJHEG4KTWVF7AN5PAKDMRRFP } (xchess-core-v1:388)
{ event: "entry-submitted", game: u5, height: u322, sender: 'ST3TRY6QNMZ18FD96BJHEG4KTWVF7AN5PAKDMRRFP, seq: u0, value: "e2e4" } (xchess-core-v1:565)
{ amount: u2000, event: "rebate-paid", game: u5, rebates-left: u44, who: 'ST3TRY6QNMZ18FD96BJHEG4KTWVF7AN5PAKDMRRFP } (xchess-core-v1:525)
{ event: "entry-submitted", game: u5, height: u324, sender: 'ST3TRY6QNMZ18FD96BJHEG4KTWVF7AN5PAKDMRRFP, seq: u1, value: "e2e4" } (xchess-core-v1:565)
{ amount: u2000, event: "rebate-paid", game: u5, rebates-left: u43, who: 'ST3TRY6QNMZ18FD96BJHEG4KTWVF7AN5PAKDMRRFP } (xchess-core-v1:525)
{ event: "entry-submitted", game: u5, height: u326, sender: 'ST3TRY6QNMZ18FD96BJHEG4KTWVF7AN5PAKDMRRFP, seq: u2, value: "e2e4" } (xchess-core-v1:565)
{ amount: u2000, event: "rebate-paid", game: u5, rebates-left: u42, who: 'ST3TRY6QNMZ18FD96BJHEG4KTWVF7AN5PAKDMRRFP } (xchess-core-v1:525)
{ event: "entry-submitted", game: u5, height: u328, sender: 'ST3TRY6QNMZ18FD96BJHEG4KTWVF7AN5PAKDMRRFP, seq: u3, value: "e2e4" } (xchess-core-v1:565)
{ amount: u2000, event: "rebate-paid", game: u5, rebates-left: u41, who: 'ST3TRY6QNMZ18FD96BJHEG4KTWVF7AN5PAKDMRRFP } (xchess-core-v1:525)
{ event: "entry-submitted", game: u5, height: u330, sender: 'ST3TRY6QNMZ18FD96BJHEG4KTWVF7AN5PAKDMRRFP, seq: u4, value: "e2e4" } (xchess-core-v1:565)
{ amount: u2000, event: "rebate-paid", game: u5, rebates-left: u40, who: 'ST3TRY6QNMZ18FD96BJHEG4KTWVF7AN5PAKDMRRFP } (xchess-core-v1:525)
{ event: "entry-submitted", game: u5, height: u332, sender: 'ST3TRY6QNMZ18FD96BJHEG4KTWVF7AN5PAKDMRRFP, seq: u5, value: "e2e4" } (xchess-core-v1:565)
{ amount: u2000, event: "rebate-paid", game: u5, rebates-left: u39, who: 'ST3TRY6QNMZ18FD96BJHEG4KTWVF7AN5PAKDMRRFP } (xchess-core-v1:525)
{ event: "entry-submitted", game: u5, height: u334, sender: 'ST3TRY6QNMZ18FD96BJHEG4KTWVF7AN5PAKDMRRFP, seq: u6, value: "e2e4" } (xchess-core-v1:565)
{ amount: u2000, event: "rebate-paid", game: u5, rebates-left: u38, who: 'ST3TRY6QNMZ18FD96BJHEG4KTWVF7AN5PAKDMRRFP } (xchess-core-v1:525)
{ event: "entry-submitted", game: u5, height: u336, sender: 'ST3TRY6QNMZ18FD96BJHEG4KTWVF7AN5PAKDMRRFP, seq: u7, value: "e2e4" } (xchess-core-v1:565)
{ amount: u2000, event: "rebate-paid", game: u5, rebates-left: u37, who: 'ST3TRY6QNMZ18FD96BJHEG4KTWVF7AN5PAKDMRRFP } (xchess-core-v1:525)
{ event: "entry-submitted", game: u5, height: u338, sender: 'ST3TRY6QNMZ18FD96BJHEG4KTWVF7AN5PAKDMRRFP, seq: u8, value: "e2e4" } (xchess-core-v1:565)
{ amount: u2000, event: "rebate-paid", game: u5, rebates-left: u36, who: 'ST3TRY6QNMZ18FD96BJHEG4KTWVF7AN5PAKDMRRFP } (xchess-core-v1:525)
{ event: "entry-submitted", game: u5, height: u340, sender: 'ST3TRY6QNMZ18FD96BJHEG4KTWVF7AN5PAKDMRRFP, seq: u9, value: "e2e4" } (xchess-core-v1:565)
{ amount: u2000, event: "rebate-paid", game: u5, rebates-left: u35, who: 'ST3TRY6QNMZ18FD96BJHEG4KTWVF7AN5PAKDMRRFP } (xchess-core-v1:525)
{ event: "entry-submitted", game: u5, height: u342, sender: 'ST3TRY6QNMZ18FD96BJHEG4KTWVF7AN5PAKDMRRFP, seq: u10, value: "e2e4" } (xchess-core-v1:565)
{ amount: u2000, event: "rebate-paid", game: u5, rebates-left: u34, who: 'ST3TRY6QNMZ18FD96BJHEG4KTWVF7AN5PAKDMRRFP } (xchess-core-v1:525)
{ event: "entry-submitted", game: u5, height: u344, sender: 'ST3TRY6QNMZ18FD96BJHEG4KTWVF7AN5PAKDMRRFP, seq: u11, value: "e2e4" } (xchess-core-v1:565)
{ amount: u2000, event: "rebate-paid", game: u5, rebates-left: u33, who: 'ST3TRY6QNMZ18FD96BJHEG4KTWVF7AN5PAKDMRRFP } (xchess-core-v1:525)
{ event: "entry-submitted", game: u5, height: u346, sender: 'ST3TRY6QNMZ18FD96BJHEG4KTWVF7AN5PAKDMRRFP, seq: u12, value: "e2e4" } (xchess-core-v1:565)
{ amount: u2000, event: "rebate-paid", game: u5, rebates-left: u32, who: 'ST3TRY6QNMZ18FD96BJHEG4KTWVF7AN5PAKDMRRFP } (xchess-core-v1:525)
{ event: "entry-submitted", game: u5, height: u348, sender: 'ST3TRY6QNMZ18FD96BJHEG4KTWVF7AN5PAKDMRRFP, seq: u13, value: "e2e4" } (xchess-core-v1:565)
{ amount: u2000, event: "rebate-paid", game: u5, rebates-left: u31, who: 'ST3TRY6QNMZ18FD96BJHEG4KTWVF7AN5PAKDMRRFP } (xchess-core-v1:525)
{ event: "entry-submitted", game: u5, height: u350, sender: 'ST3TRY6QNMZ18FD96BJHEG4KTWVF7AN5PAKDMRRFP, seq: u14, value: "e2e4" } (xchess-core-v1:565)
{ amount: u2000, event: "rebate-paid", game: u5, rebates-left: u30, who: 'ST3TRY6QNMZ18FD96BJHEG4KTWVF7AN5PAKDMRRFP } (xchess-core-v1:525)
{ event: "entry-submitted", game: u5, height: u352, sender: 'ST3TRY6QNMZ18FD96BJHEG4KTWVF7AN5PAKDMRRFP, seq: u15, value: "e2e4" } (xchess-core-v1:565)
{ amount: u2000, event: "rebate-paid", game: u5, rebates-left: u29, who: 'ST3TRY6QNMZ18FD96BJHEG4KTWVF7AN5PAKDMRRFP } (xchess-core-v1:525)
{ event: "entry-submitted", game: u5, height: u354, sender: 'ST3TRY6QNMZ18FD96BJHEG4KTWVF7AN5PAKDMRRFP, seq: u16, value: "e2e4" } (xchess-core-v1:565)
{ amount: u2000, event: "rebate-paid", game: u5, rebates-left: u28, who: 'ST3TRY6QNMZ18FD96BJHEG4KTWVF7AN5PAKDMRRFP } (xchess-core-v1:525)
{ event: "entry-submitted", game: u5, height: u356, sender: 'ST3TRY6QNMZ18FD96BJHEG4KTWVF7AN5PAKDMRRFP, seq: u17, value: "e2e4" } (xchess-core-v1:565)
{ amount: u2000, event: "rebate-paid", game: u5, rebates-left: u27, who: 'ST3TRY6QNMZ18FD96BJHEG4KTWVF7AN5PAKDMRRFP } (xchess-core-v1:525)
{ event: "entry-submitted", game: u5, height: u358, sender: 'ST3TRY6QNMZ18FD96BJHEG4KTWVF7AN5PAKDMRRFP, seq: u18, value: "e2e4" } (xchess-core-v1:565)
{ amount: u2000, event: "rebate-paid", game: u5, rebates-left: u26, who: 'ST3TRY6QNMZ18FD96BJHEG4KTWVF7AN5PAKDMRRFP } (xchess-core-v1:525)
{ event: "game-opened", fee: u1000000, game: u6, height: u360, opened-by: 'ST85J1T8QBRRF1E3X429R720WMMTGMTTBQ1ABDZT, ranked: false, rules-hash: (some 0xabababababababababababababababababababababababababababababababab) } (xchess-core-v1:318)
{ bootstrap: u250000, event: "sponsorship-funded", expiry: u4680, funded-by: 'ST85J1T8QBRRF1E3X429R720WMMTGMTTBQ1ABDZT, game: u6, rebate: u2000, rebates: u45, reserved: u90000, who: 'ST3TRY6QNMZ18FD96BJHEG4KTWVF7AN5PAKDMRRFP } (xchess-core-v1:388)
{ event: "entry-submitted", game: u6, height: u362, sender: 'ST3TRY6QNMZ18FD96BJHEG4KTWVF7AN5PAKDMRRFP, seq: u0, value: "e2e4" } (xchess-core-v1:565)
{ amount: u2000, event: "rebate-paid", game: u6, rebates-left: u44, who: 'ST3TRY6QNMZ18FD96BJHEG4KTWVF7AN5PAKDMRRFP } (xchess-core-v1:525)
{ event: "entry-submitted", game: u6, height: u364, sender: 'ST3TRY6QNMZ18FD96BJHEG4KTWVF7AN5PAKDMRRFP, seq: u1, value: "e2e4" } (xchess-core-v1:565)
{ amount: u2000, event: "rebate-paid", game: u6, rebates-left: u43, who: 'ST3TRY6QNMZ18FD96BJHEG4KTWVF7AN5PAKDMRRFP } (xchess-core-v1:525)
{ event: "entry-submitted", game: u6, height: u366, sender: 'ST3TRY6QNMZ18FD96BJHEG4KTWVF7AN5PAKDMRRFP, seq: u2, value: "e2e4" } (xchess-core-v1:565)
{ amount: u2000, event: "rebate-paid", game: u6, rebates-left: u42, who: 'ST3TRY6QNMZ18FD96BJHEG4KTWVF7AN5PAKDMRRFP } (xchess-core-v1:525)
{ event: "entry-submitted", game: u6, height: u368, sender: 'ST3TRY6QNMZ18FD96BJHEG4KTWVF7AN5PAKDMRRFP, seq: u3, value: "e2e4" } (xchess-core-v1:565)
{ amount: u2000, event: "rebate-paid", game: u6, rebates-left: u41, who: 'ST3TRY6QNMZ18FD96BJHEG4KTWVF7AN5PAKDMRRFP } (xchess-core-v1:525)
{ event: "entry-submitted", game: u6, height: u370, sender: 'ST3TRY6QNMZ18FD96BJHEG4KTWVF7AN5PAKDMRRFP, seq: u4, value: "e2e4" } (xchess-core-v1:565)
{ amount: u2000, event: "rebate-paid", game: u6, rebates-left: u40, who: 'ST3TRY6QNMZ18FD96BJHEG4KTWVF7AN5PAKDMRRFP } (xchess-core-v1:525)
{ event: "entry-submitted", game: u6, height: u372, sender: 'ST3TRY6QNMZ18FD96BJHEG4KTWVF7AN5PAKDMRRFP, seq: u5, value: "e2e4" } (xchess-core-v1:565)
{ amount: u2000, event: "rebate-paid", game: u6, rebates-left: u39, who: 'ST3TRY6QNMZ18FD96BJHEG4KTWVF7AN5PAKDMRRFP } (xchess-core-v1:525)
{ event: "entry-submitted", game: u6, height: u374, sender: 'ST3TRY6QNMZ18FD96BJHEG4KTWVF7AN5PAKDMRRFP, seq: u6, value: "e2e4" } (xchess-core-v1:565)
{ amount: u2000, event: "rebate-paid", game: u6, rebates-left: u38, who: 'ST3TRY6QNMZ18FD96BJHEG4KTWVF7AN5PAKDMRRFP } (xchess-core-v1:525)
{ event: "entry-submitted", game: u6, height: u376, sender: 'ST3TRY6QNMZ18FD96BJHEG4KTWVF7AN5PAKDMRRFP, seq: u7, value: "e2e4" } (xchess-core-v1:565)
{ amount: u2000, event: "rebate-paid", game: u6, rebates-left: u37, who: 'ST3TRY6QNMZ18FD96BJHEG4KTWVF7AN5PAKDMRRFP } (xchess-core-v1:525)
{ event: "entry-submitted", game: u6, height: u378, sender: 'ST3TRY6QNMZ18FD96BJHEG4KTWVF7AN5PAKDMRRFP, seq: u8, value: "e2e4" } (xchess-core-v1:565)
{ amount: u2000, event: "rebate-paid", game: u6, rebates-left: u36, who: 'ST3TRY6QNMZ18FD96BJHEG4KTWVF7AN5PAKDMRRFP } (xchess-core-v1:525)
{ event: "entry-submitted", game: u6, height: u380, sender: 'ST3TRY6QNMZ18FD96BJHEG4KTWVF7AN5PAKDMRRFP, seq: u9, value: "e2e4" } (xchess-core-v1:565)
{ amount: u2000, event: "rebate-paid", game: u6, rebates-left: u35, who: 'ST3TRY6QNMZ18FD96BJHEG4KTWVF7AN5PAKDMRRFP } (xchess-core-v1:525)
{ event: "entry-submitted", game: u6, height: u382, sender: 'ST3TRY6QNMZ18FD96BJHEG4KTWVF7AN5PAKDMRRFP, seq: u10, value: "e2e4" } (xchess-core-v1:565)
{ amount: u2000, event: "rebate-paid", game: u6, rebates-left: u34, who: 'ST3TRY6QNMZ18FD96BJHEG4KTWVF7AN5PAKDMRRFP } (xchess-core-v1:525)
{ event: "entry-submitted", game: u6, height: u384, sender: 'ST3TRY6QNMZ18FD96BJHEG4KTWVF7AN5PAKDMRRFP, seq: u11, value: "e2e4" } (xchess-core-v1:565)
{ amount: u2000, event: "rebate-paid", game: u6, rebates-left: u33, who: 'ST3TRY6QNMZ18FD96BJHEG4KTWVF7AN5PAKDMRRFP } (xchess-core-v1:525)
{ event: "entry-submitted", game: u6, height: u386, sender: 'ST3TRY6QNMZ18FD96BJHEG4KTWVF7AN5PAKDMRRFP, seq: u12, value: "e2e4" } (xchess-core-v1:565)
{ amount: u2000, event: "rebate-paid", game: u6, rebates-left: u32, who: 'ST3TRY6QNMZ18FD96BJHEG4KTWVF7AN5PAKDMRRFP } (xchess-core-v1:525)
{ event: "game-opened", fee: u1000000, game: u7, height: u388, opened-by: 'ST85J1T8QBRRF1E3X429R720WMMTGMTTBQ1ABDZT, ranked: false, rules-hash: (some 0xabababababababababababababababababababababababababababababababab) } (xchess-core-v1:318)
{ bootstrap: u250000, event: "sponsorship-funded", expiry: u4708, funded-by: 'ST85J1T8QBRRF1E3X429R720WMMTGMTTBQ1ABDZT, game: u7, rebate: u2000, rebates: u45, reserved: u90000, who: 'ST3TRY6QNMZ18FD96BJHEG4KTWVF7AN5PAKDMRRFP } (xchess-core-v1:388)
{ event: "entry-submitted", game: u7, height: u390, sender: 'ST3TRY6QNMZ18FD96BJHEG4KTWVF7AN5PAKDMRRFP, seq: u0, value: "e2e4" } (xchess-core-v1:565)
{ amount: u2000, event: "rebate-paid", game: u7, rebates-left: u44, who: 'ST3TRY6QNMZ18FD96BJHEG4KTWVF7AN5PAKDMRRFP } (xchess-core-v1:525)
{ event: "entry-submitted", game: u7, height: u392, sender: 'ST3TRY6QNMZ18FD96BJHEG4KTWVF7AN5PAKDMRRFP, seq: u1, value: "e2e4" } (xchess-core-v1:565)
{ amount: u2000, event: "rebate-paid", game: u7, rebates-left: u43, who: 'ST3TRY6QNMZ18FD96BJHEG4KTWVF7AN5PAKDMRRFP } (xchess-core-v1:525)
{ event: "entry-submitted", game: u7, height: u394, sender: 'ST3TRY6QNMZ18FD96BJHEG4KTWVF7AN5PAKDMRRFP, seq: u2, value: "e2e4" } (xchess-core-v1:565)
{ amount: u2000, event: "rebate-paid", game: u7, rebates-left: u42, who: 'ST3TRY6QNMZ18FD96BJHEG4KTWVF7AN5PAKDMRRFP } (xchess-core-v1:525)
{ event: "entry-submitted", game: u7, height: u396, sender: 'ST3TRY6QNMZ18FD96BJHEG4KTWVF7AN5PAKDMRRFP, seq: u3, value: "e2e4" } (xchess-core-v1:565)
{ amount: u2000, event: "rebate-paid", game: u7, rebates-left: u41, who: 'ST3TRY6QNMZ18FD96BJHEG4KTWVF7AN5PAKDMRRFP } (xchess-core-v1:525)
{ event: "entry-submitted", game: u7, height: u398, sender: 'ST3TRY6QNMZ18FD96BJHEG4KTWVF7AN5PAKDMRRFP, seq: u4, value: "e2e4" } (xchess-core-v1:565)
{ amount: u2000, event: "rebate-paid", game: u7, rebates-left: u40, who: 'ST3TRY6QNMZ18FD96BJHEG4KTWVF7AN5PAKDMRRFP } (xchess-core-v1:525)
{ event: "entry-submitted", game: u7, height: u400, sender: 'ST3TRY6QNMZ18FD96BJHEG4KTWVF7AN5PAKDMRRFP, seq: u5, value: "e2e4" } (xchess-core-v1:565)
{ amount: u2000, event: "rebate-paid", game: u7, rebates-left: u39, who: 'ST3TRY6QNMZ18FD96BJHEG4KTWVF7AN5PAKDMRRFP } (xchess-core-v1:525)
{ event: "entry-submitted", game: u7, height: u402, sender: 'ST3TRY6QNMZ18FD96BJHEG4KTWVF7AN5PAKDMRRFP, seq: u6, value: "e2e4" } (xchess-core-v1:565)
{ amount: u2000, event: "rebate-paid", game: u7, rebates-left: u38, who: 'ST3TRY6QNMZ18FD96BJHEG4KTWVF7AN5PAKDMRRFP } (xchess-core-v1:525)
{ event: "entry-submitted", game: u7, height: u404, sender: 'ST3TRY6QNMZ18FD96BJHEG4KTWVF7AN5PAKDMRRFP, seq: u7, value: "e2e4" } (xchess-core-v1:565)
{ amount: u2000, event: "rebate-paid", game: u7, rebates-left: u37, who: 'ST3TRY6QNMZ18FD96BJHEG4KTWVF7AN5PAKDMRRFP } (xchess-core-v1:525)

stdout | tests/sponsorship/zero-stx.test.ts > what the protocol cannot do, stated rather than hidden > cannot bootstrap a player nobody has named
{ event: "game-opened", fee: u1000000, game: u1, height: u4, opened-by: 'ST85J1T8QBRRF1E3X429R720WMMTGMTTBQ1ABDZT, ranked: false, rules-hash: (some 0xabababababababababababababababababababababababababababababababab) } (xchess-core-v1:318)
{ bootstrap: u250000, event: "sponsorship-funded", expiry: u4324, funded-by: 'ST85J1T8QBRRF1E3X429R720WMMTGMTTBQ1ABDZT, game: u1, rebate: u2000, rebates: u45, reserved: u90000, who: 'ST3TRY6QNMZ18FD96BJHEG4KTWVF7AN5PAKDMRRFP } (xchess-core-v1:388)

 ✓ tests/sponsorship/zero-stx.test.ts (8 tests) 889ms
     ✓ carries a player through a full game at every fee up to the design point  419ms
stdout | tests/clarity/parity.test.ts > the mock chain agrees with the contract > produces identical observable state across a full scenario
{ event: "game-opened", fee: u1000000, game: u1, height: u4, opened-by: 'ST85J1T8QBRRF1E3X429R720WMMTGMTTBQ1ABDZT, ranked: false, rules-hash: (some 0xabababababababababababababababababababababababababababababababab) } (xchess-core-v1:318)

stdout | tests/clarity/parity.test.ts > the mock chain agrees with the contract > produces identical observable state across a full scenario
{ event: "game-opened", fee: u1000000, game: u2, height: u5, opened-by: 'ST1PXSHZJDK862PABE15F07WSECNNF5BGA66MTG52, ranked: true, rules-hash: (some 0xabababababababababababababababababababababababababababababababab) } (xchess-core-v1:318)

stdout | tests/clarity/parity.test.ts > the mock chain agrees with the contract > produces identical observable state across a full scenario
{ event: "entry-submitted", game: u1, height: u6, sender: 'ST85J1T8QBRRF1E3X429R720WMMTGMTTBQ1ABDZT, seq: u0, value: "e2e4" } (xchess-core-v1:565)

stdout | tests/clarity/parity.test.ts > the mock chain agrees with the contract > produces identical observable state across a full scenario
{ event: "entry-submitted", game: u1, height: u7, sender: 'ST1PXSHZJDK862PABE15F07WSECNNF5BGA66MTG52, seq: u1, value: "e7e5" } (xchess-core-v1:565)

stdout | tests/clarity/parity.test.ts > the mock chain agrees with the contract > produces identical observable state across a full scenario
{ event: "entry-submitted", game: u1, height: u8, sender: 'ST83QXSNCG4JYJ83HK62MJQ4QK7XP0R5ZHXKW9TN, seq: u2, value: "zzzz" } (xchess-core-v1:565)

stdout | tests/clarity/parity.test.ts > the mock chain agrees with the contract > produces identical observable state across a full scenario
{ event: "game-opened", fee: u1000000, game: u3, height: u9, opened-by: 'ST85J1T8QBRRF1E3X429R720WMMTGMTTBQ1ABDZT, ranked: true, rules-hash: (some 0xabababababababababababababababababababababababababababababababab) } (xchess-core-v1:318)
{ bootstrap: u250000, event: "sponsorship-funded", expiry: u4329, funded-by: 'ST85J1T8QBRRF1E3X429R720WMMTGMTTBQ1ABDZT, game: u3, rebate: u2000, rebates: u45, reserved: u90000, who: 'ST3TRY6QNMZ18FD96BJHEG4KTWVF7AN5PAKDMRRFP } (xchess-core-v1:388)

stdout | tests/clarity/parity.test.ts > the mock chain agrees with the contract > produces identical observable state across a full scenario
{ event: "entry-submitted", game: u3, height: u10, sender: 'ST3TRY6QNMZ18FD96BJHEG4KTWVF7AN5PAKDMRRFP, seq: u0, value: "e2e4" } (xchess-core-v1:565)
{ amount: u2000, event: "rebate-paid", game: u3, rebates-left: u44, who: 'ST3TRY6QNMZ18FD96BJHEG4KTWVF7AN5PAKDMRRFP } (xchess-core-v1:525)

stdout | tests/clarity/parity.test.ts > the mock chain agrees with the contract > produces identical observable state across a full scenario
{ event: "entry-submitted", game: u3, height: u11, sender: 'ST3TRY6QNMZ18FD96BJHEG4KTWVF7AN5PAKDMRRFP, seq: u1, value: "resgn" } (xchess-core-v1:565)
{ amount: u2000, event: "rebate-paid", game: u3, rebates-left: u43, who: 'ST3TRY6QNMZ18FD96BJHEG4KTWVF7AN5PAKDMRRFP } (xchess-core-v1:525)

stdout | tests/clarity/parity.test.ts > the mock chain agrees with the contract > produces identical observable state across a full scenario
{ event: "entry-submitted", game: u3, height: u12, sender: 'ST85J1T8QBRRF1E3X429R720WMMTGMTTBQ1ABDZT, seq: u2, value: "draw?" } (xchess-core-v1:565)

stdout | tests/clarity/parity.test.ts > the mock chain agrees with the contract > produces identical observable state across a full scenario
{ event: "game-opened", fee: u1000000, game: u4, height: u13, opened-by: 'ST1PXSHZJDK862PABE15F07WSECNNF5BGA66MTG52, ranked: false, rules-hash: (some 0xabababababababababababababababababababababababababababababababab) } (xchess-core-v1:318)
{ bootstrap: u250000, event: "sponsorship-funded", expiry: u4333, funded-by: 'ST1PXSHZJDK862PABE15F07WSECNNF5BGA66MTG52, game: u4, rebate: u2000, rebates: u45, reserved: u90000, who: 'ST85J1T8QBRRF1E3X429R720WMMTGMTTBQ1ABDZT } (xchess-core-v1:388)
{ bootstrap: u250000, event: "sponsorship-funded", expiry: u4333, funded-by: 'ST1PXSHZJDK862PABE15F07WSECNNF5BGA66MTG52, game: u4, rebate: u2000, rebates: u45, reserved: u90000, who: 'ST83QXSNCG4JYJ83HK62MJQ4QK7XP0R5ZHXKW9TN } (xchess-core-v1:388)

stdout | tests/clarity/parity.test.ts > the mock chain agrees with the contract > produces identical observable state across a full scenario
{ event: "entry-submitted", game: u4, height: u14, sender: 'ST85J1T8QBRRF1E3X429R720WMMTGMTTBQ1ABDZT, seq: u0, value: "d2d4" } (xchess-core-v1:565)
{ amount: u2000, event: "rebate-paid", game: u4, rebates-left: u44, who: 'ST85J1T8QBRRF1E3X429R720WMMTGMTTBQ1ABDZT } (xchess-core-v1:525)

stdout | tests/clarity/parity.test.ts > the mock chain agrees with the contract > produces identical observable state across a full scenario
{ event: "entry-submitted", game: u4, height: u15, sender: 'ST83QXSNCG4JYJ83HK62MJQ4QK7XP0R5ZHXKW9TN, seq: u1, value: "d7d5" } (xchess-core-v1:565)
{ amount: u2000, event: "rebate-paid", game: u4, rebates-left: u44, who: 'ST83QXSNCG4JYJ83HK62MJQ4QK7XP0R5ZHXKW9TN } (xchess-core-v1:525)

stdout | tests/clarity/parity.test.ts > the mock chain agrees with the contract > produces identical observable state across a full scenario
{ added: u90000, by: 'ST1PXSHZJDK862PABE15F07WSECNNF5BGA66MTG52, event: "sponsorship-topped-up", game: u3, rebates-added: u45, who: 'ST3TRY6QNMZ18FD96BJHEG4KTWVF7AN5PAKDMRRFP } (xchess-core-v1:474)

stdout | tests/clarity/parity.test.ts > the mock chain agrees with the contract > produces identical observable state across a full scenario
{ event: "entry-submitted", game: u3, height: u17, sender: 'ST3TRY6QNMZ18FD96BJHEG4KTWVF7AN5PAKDMRRFP, seq: u3, value: "g1f3" } (xchess-core-v1:565)
{ amount: u2000, event: "rebate-paid", game: u3, rebates-left: u87, who: 'ST3TRY6QNMZ18FD96BJHEG4KTWVF7AN5PAKDMRRFP } (xchess-core-v1:525)

stdout | tests/clarity/parity.test.ts > the mock chain agrees with the contract > produces identical observable state across a full scenario
{ claimant: 'ST83QXSNCG4JYJ83HK62MJQ4QK7XP0R5ZHXKW9TN, event: "result-claimed", game: u1, result: "1-0", terminal-seq: u1 } (xchess-core-v1:644)

stdout | tests/clarity/parity.test.ts > the mock chain agrees with the contract > produces identical observable state across a full scenario
{ by: 'ST83QXSNCG4JYJ83HK62MJQ4QK7XP0R5ZHXKW9TN, event: "sponsorship-settled", game: u3, released: u174000, who: 'ST3TRY6QNMZ18FD96BJHEG4KTWVF7AN5PAKDMRRFP } (xchess-core-v1:606)

stdout | tests/clarity/parity.test.ts > the mock chain agrees with the contract > produces identical observable state across a full scenario
{ event: "entry-submitted", game: u3, height: u5020, sender: 'ST3TRY6QNMZ18FD96BJHEG4KTWVF7AN5PAKDMRRFP, seq: u4, value: "b1c3" } (xchess-core-v1:565)

stdout | tests/clarity/parity.test.ts > the mock chain agrees with the contract > produces identical observable state across a full scenario
{ by: 'ST85J1T8QBRRF1E3X429R720WMMTGMTTBQ1ABDZT, event: "sponsorship-settled", game: u4, released: u88000, who: 'ST85J1T8QBRRF1E3X429R720WMMTGMTTBQ1ABDZT } (xchess-core-v1:606)

stdout | tests/clarity/parity.test.ts > the mock chain agrees with the contract > refuses the same things for the same reasons
{ event: "game-opened", fee: u1000000, game: u1, height: u4, opened-by: 'ST85J1T8QBRRF1E3X429R720WMMTGMTTBQ1ABDZT, ranked: false, rules-hash: (some 0xabababababababababababababababababababababababababababababababab) } (xchess-core-v1:318)

 ✓ tests/clarity/parity.test.ts (2 tests) 257ms
stdout | tests/clarity/peer.test.ts > peer registry and actual frontend ABI > round trips the frontend create/join arguments, descriptor and player keys
{ event: "peer-created", game: u1 } (xchess-peer-v1:27)

stdout | tests/clarity/peer.test.ts > peer registry and actual frontend ABI > round trips the frontend create/join arguments, descriptor and player keys
{ event: "peer-joined", game: u1 } (xchess-peer-v1:37)

stdout | tests/clarity/peer.test.ts > peer registry and actual frontend ABI > only the named opponent can join and joining is immutable
{ event: "peer-created", game: u1 } (xchess-peer-v1:27)

stdout | tests/clarity/peer.test.ts > peer registry and actual frontend ABI > only the named opponent can join and joining is immutable
{ event: "peer-joined", game: u1 } (xchess-peer-v1:37)

stdout | tests/clarity/peer.test.ts > peer registry and actual frontend ABI > requires the exact descriptor hash the opponent reviewed
{ event: "peer-created", game: u1 } (xchess-peer-v1:27)

stdout | tests/clarity/peer.test.ts > peer registry and actual frontend ABI > rejects shared keys and malformed keys
{ event: "peer-created", game: u1 } (xchess-peer-v1:27)

stdout | tests/clarity/peer.test.ts > peer registry and actual frontend ABI > rejects self invitations and unknown games
{ event: "peer-created", game: u1 } (xchess-peer-v1:27)

stdout | tests/clarity/peer.test.ts > peer registry and actual frontend ABI > pre-join expiry does not erase or cancel joined games
{ event: "peer-created", game: u1 } (xchess-peer-v1:27)

stdout | tests/clarity/peer.test.ts > peer registry and actual frontend ABI > pre-join expiry does not erase or cancel joined games
{ event: "peer-created", game: u2 } (xchess-peer-v1:27)

stdout | tests/clarity/peer.test.ts > peer registry and actual frontend ABI > pre-join expiry does not erase or cancel joined games
{ event: "peer-joined", game: u2 } (xchess-peer-v1:37)

 ✓ tests/clarity/peer.test.ts (6 tests) 144ms

 Test Files  5 passed (5)
      Tests  68 passed (68)
   Start at  12:43:31
   Duration  233.43s (transform 393ms, setup 223ms, import 314ms, tests 226.96s, environment 5.41s)

JSON report written to /Users/melophonic/Documents/GitHub/xtrata/X-Chess/X-Chess_2.0/dist/contracts.json
