CollectionID,Background,Body,Eyes,Mouth,Accessory,InscriptionID
1,black.png,red.png,multicolor.png,yellow.png,orange left.png,10065
2,green.png,black.png,black red.png,blue.png,blue right.png,10066
3,orange.png,black.png,green red.png,black.png,none.png,10067
4,green.png,blue.png,blue red.png,yellow.png,green left.png,10068
5,black.png,orange.png,yellow black black yellow.png,black.png,orange left.png,10069
6,black.png,green.png,orange blue.png,yellow.png,blue right.png,10070
7,yellow.png,black.png,up_and_out black yellow.png,blue.png,blue left.png,10071
8,orange.png,red.png,black yellow.png,green.png,yellow left.png,10072
9,orange.png,orange.png,multicolor.png,green.png,orange right.png,10073
10,yellow.png,yellow.png,yellow green blue.png,orange.png,blue right.png,10074
11,red.png,green.png,orange blue.png,blue.png,orange right.png,10075
12,yellow.png,green.png,blue red.png,red.png,yellow left.png,10076
13,yellow.png,black.png,green yellow.png,black.png,blue right.png,10077
14,yellow.png,black.png,left black yellow.png,red.png,green right.png,10078
15,green.png,green.png,black yellow yellow black.png,black.png,green left.png,10079
16,blue.png,red.png,yellow black black yellow.png,green.png,yellow left.png,10080
17,red.png,blue.png,green red.png,red.png,yellow right.png,10081
18,yellow.png,green.png,orange blue.png,blue.png,yellow right.png,10082
19,yellow.png,black.png,black yellow.png,blue.png,orange right.png,10083
20,red.png,orange.png,down black up red.png,orange.png,blue left.png,10084
21,red.png,orange.png,red blue.png,yellow.png,green left.png,10085
22,green.png,yellow.png,orange yellow.png,orange.png,orange left.png,10086
23,orange.png,red.png,up_and_out black yellow.png,black.png,black left.png,10087
24,red.png,orange.png,red blue.png,blue.png,blue right.png,10088
25,black.png,orange.png,orange blue.png,orange.png,orange left.png,10089
26,red.png,orange.png,green red.png,black.png,orange left.png,10090
27,orange.png,green.png,green yellow.png,yellow.png,black left.png,10091
28,green.png,red.png,yellow blue.png,green.png,blue left.png,10092
29,green.png,black.png,left black yellow.png,green.png,blue right.png,10093
30,black.png,red.png,red blue.png,red.png,yellow right.png,10094
31,red.png,blue.png,red blue.png,green.png,green left.png,10095
32,black.png,black.png,up_and_out black yellow.png,blue.png,yellow right.png,10096
33,red.png,blue.png,green blue.png,red.png,black left.png,10097
34,orange.png,black.png,orange yellow.png,black.png,none.png,10098
35,red.png,green.png,blue red.png,black.png,green left.png,10099
36,orange.png,yellow.png,yellow black black yellow.png,yellow.png,blue left.png,10100
37,orange.png,blue.png,black red.png,yellow.png,green left.png,10101
38,yellow.png,red.png,multicolor.png,green.png,black right.png,10102
39,orange.png,blue.png,black yellow.png,yellow.png,blue left.png,10103
40,orange.png,yellow.png,down black up red.png,blue.png,yellow right.png,10104
41,yellow.png,black.png,green red.png,yellow.png,blue left.png,10105
42,orange.png,blue.png,green blue.png,yellow.png,blue left.png,10106
43,red.png,yellow.png,left black yellow.png,blue.png,red left.png,10107
44,blue.png,green.png,green blue.png,red.png,orange left.png,10108
45,green.png,yellow.png,orange blue.png,black.png,black right.png,10109
46,black.png,black.png,red blue.png,black.png,black left.png,10110
47,red.png,yellow.png,down black up red.png,yellow.png,green right.png,10111
48,red.png,yellow.png,orange blue.png,blue.png,green right.png,10112
49,green.png,black.png,up_and_out black yellow.png,black.png,blue left.png,10113
50,green.png,red.png,red blue.png,blue.png,yellow right.png,10114
51,orange.png,red.png,down black up red.png,yellow.png,orange right.png,10115
52,yellow.png,yellow.png,blue red.png,green.png,blue right.png,10116
53,red.png,green.png,up_and_out black yellow.png,black.png,blue left.png,10117
54,orange.png,black.png,down black up red.png,yellow.png,orange left.png,10118
55,blue.png,black.png,yellow black black yellow.png,green.png,none.png,10119
56,blue.png,red.png,down black up red.png,blue.png,red left.png,10120
57,orange.png,black.png,blue red.png,orange.png,yellow right.png,10121
58,green.png,black.png,orange yellow.png,blue.png,red left.png,10122
59,yellow.png,orange.png,orange blue.png,orange.png,blue left.png,10123
60,red.png,green.png,orange yellow.png,black.png,yellow left.png,10124
61,green.png,orange.png,down black up red.png,red.png,blue left.png,10125
62,black.png,red.png,yellow green blue.png,orange.png,orange left.png,10126
63,yellow.png,green.png,yellow green blue.png,black.png,red left.png,10127
64,green.png,orange.png,left black yellow.png,orange.png,yellow right.png,10128
65,green.png,blue.png,up_and_out black yellow.png,blue.png,orange left.png,10129
66,orange.png,red.png,green red.png,black.png,blue left.png,10130
67,yellow.png,black.png,yellow blue.png,blue.png,none.png,10131
68,red.png,yellow.png,left black yellow.png,yellow.png,yellow right.png,10132
69,yellow.png,orange.png,black yellow yellow black.png,green.png,yellow right.png,10133
70,green.png,black.png,yellow blue.png,black.png,orange left.png,10134
71,green.png,yellow.png,down black up red.png,red.png,black left.png,10135
72,orange.png,green.png,green red.png,blue.png,green left.png,10136
73,black.png,orange.png,blue red.png,orange.png,green right.png,10137
74,orange.png,yellow.png,yellow green blue.png,blue.png,blue left.png,10138
75,orange.png,orange.png,multicolor.png,green.png,none.png,10139
76,orange.png,orange.png,left black yellow.png,black.png,orange left.png,10140
77,black.png,green.png,black red.png,red.png,green left.png,10141
78,yellow.png,blue.png,blue red.png,black.png,none.png,10142
79,red.png,orange.png,yellow green blue.png,green.png,green right.png,10143
80,red.png,green.png,yellow green blue.png,black.png,orange left.png,10144
81,green.png,black.png,down black up red.png,black.png,black left.png,10145
82,yellow.png,green.png,black yellow.png,orange.png,blue left.png,10146
83,green.png,red.png,yellow black black yellow.png,black.png,yellow left.png,10147
84,orange.png,blue.png,yellow green blue.png,blue.png,black left.png,10148
85,black.png,red.png,blue red.png,red.png,red left.png,10149
86,blue.png,black.png,black yellow yellow black.png,blue.png,black left.png,10150
87,black.png,blue.png,down black up red.png,green.png,green left.png,10151
88,red.png,yellow.png,yellow green blue.png,black.png,orange left.png,10152
89,green.png,blue.png,green yellow.png,blue.png,yellow left.png,10153
90,orange.png,blue.png,left black yellow.png,orange.png,green right.png,10154
91,yellow.png,orange.png,yellow black black yellow.png,green.png,yellow left.png,10155
92,yellow.png,red.png,multicolor.png,red.png,none.png,10156
93,blue.png,black.png,orange yellow.png,green.png,yellow left.png,10157
94,blue.png,yellow.png,orange yellow.png,black.png,green left.png,10158
95,black.png,yellow.png,orange yellow.png,orange.png,orange right.png,10159
96,orange.png,red.png,orange yellow.png,red.png,yellow right.png,10160
97,red.png,blue.png,blue red.png,orange.png,red left.png,10161
98,black.png,black.png,orange blue.png,blue.png,yellow left.png,10162
99,blue.png,black.png,green red.png,orange.png,black left.png,10163
100,red.png,red.png,up_and_out black yellow.png,orange.png,black right.png,10164
101,green.png,yellow.png,green yellow.png,yellow.png,black right.png,10165
102,black.png,black.png,blue red.png,blue.png,green left.png,10166
103,green.png,yellow.png,yellow red.png,orange.png,orange right.png,10167
104,red.png,orange.png,up_and_out black yellow.png,orange.png,green left.png,10168
105,red.png,green.png,red blue.png,orange.png,blue right.png,10169
106,green.png,green.png,orange yellow.png,blue.png,orange right.png,10170
107,blue.png,black.png,orange blue.png,black.png,red left.png,10171
108,blue.png,black.png,down black up red.png,orange.png,orange right.png,10172
109,green.png,black.png,yellow blue.png,orange.png,green left.png,10173
110,green.png,yellow.png,black red.png,red.png,black right.png,10174
111,red.png,blue.png,green yellow.png,blue.png,green right.png,10175
112,orange.png,orange.png,green red.png,orange.png,yellow left.png,10176
113,yellow.png,blue.png,yellow blue.png,orange.png,blue left.png,10177
114,blue.png,black.png,yellow green blue.png,orange.png,orange right.png,10178
115,yellow.png,blue.png,yellow black black yellow.png,black.png,blue right.png,10179
116,black.png,red.png,yellow green blue.png,orange.png,black right.png,10180
117,orange.png,red.png,yellow red.png,yellow.png,black right.png,10181
118,yellow.png,yellow.png,black yellow yellow black.png,green.png,blue right.png,10182
119,orange.png,red.png,green blue.png,green.png,orange left.png,10183
120,red.png,red.png,black yellow.png,red.png,green left.png,10184
121,yellow.png,green.png,black yellow.png,green.png,green left.png,10185
122,orange.png,green.png,black yellow.png,red.png,yellow right.png,10186
123,red.png,orange.png,orange blue.png,orange.png,black right.png,10187
124,green.png,black.png,yellow red.png,yellow.png,yellow right.png,10188
125,blue.png,orange.png,orange yellow.png,black.png,green right.png,10189
126,yellow.png,green.png,yellow red.png,green.png,blue left.png,10190
127,yellow.png,red.png,left black yellow.png,yellow.png,black left.png,10191
128,red.png,green.png,black red.png,green.png,none.png,10192
129,yellow.png,red.png,yellow black black yellow.png,black.png,none.png,10193
130,yellow.png,red.png,black yellow.png,yellow.png,yellow right.png,10194
131,red.png,green.png,yellow red.png,black.png,orange right.png,10195
132,orange.png,yellow.png,up_and_out black yellow.png,black.png,blue left.png,10196
133,yellow.png,blue.png,multicolor.png,green.png,black right.png,10197
134,green.png,orange.png,blue red.png,blue.png,none.png,10198
135,yellow.png,yellow.png,up_and_out black yellow.png,blue.png,yellow left.png,10199
136,yellow.png,black.png,blue red.png,orange.png,orange left.png,10200
137,orange.png,orange.png,yellow green blue.png,black.png,red left.png,10201
138,blue.png,green.png,green blue.png,orange.png,yellow right.png,10202
139,red.png,red.png,black yellow.png,orange.png,blue left.png,10203
140,blue.png,green.png,green red.png,black.png,green left.png,10204
141,red.png,yellow.png,yellow blue.png,red.png,green left.png,10205
142,yellow.png,green.png,black yellow yellow black.png,red.png,green left.png,10206
143,yellow.png,green.png,green blue.png,blue.png,blue left.png,10207
144,yellow.png,blue.png,green yellow.png,red.png,none.png,10208
145,orange.png,blue.png,orange yellow.png,blue.png,orange left.png,10209
146,black.png,black.png,green blue.png,yellow.png,red left.png,10210
147,yellow.png,blue.png,green yellow.png,yellow.png,yellow right.png,10211
148,yellow.png,orange.png,up_and_out black yellow.png,green.png,black left.png,10212
149,red.png,orange.png,black yellow yellow black.png,yellow.png,red left.png,10213
150,yellow.png,orange.png,blue red.png,blue.png,yellow right.png,10214
151,green.png,orange.png,black yellow yellow black.png,blue.png,green right.png,10215
152,blue.png,orange.png,left black yellow.png,orange.png,green left.png,10216
153,blue.png,orange.png,green yellow.png,yellow.png,green left.png,10217
154,orange.png,red.png,yellow blue.png,orange.png,yellow left.png,10218
155,orange.png,blue.png,black red.png,red.png,black right.png,10219
156,black.png,yellow.png,orange blue.png,blue.png,yellow left.png,10220
157,black.png,blue.png,yellow blue.png,black.png,none.png,10221
158,red.png,yellow.png,down black up red.png,green.png,black left.png,10222
159,red.png,yellow.png,yellow black black yellow.png,red.png,blue right.png,10223
160,red.png,red.png,orange yellow.png,red.png,none.png,10224
161,red.png,orange.png,green blue.png,red.png,orange left.png,10225
162,black.png,black.png,up_and_out black yellow.png,yellow.png,yellow right.png,10226
163,yellow.png,orange.png,green blue.png,orange.png,orange right.png,10227
164,red.png,black.png,yellow black black yellow.png,black.png,blue left.png,10228
165,blue.png,black.png,green blue.png,green.png,blue right.png,10229
166,blue.png,yellow.png,black yellow.png,orange.png,none.png,10230
167,orange.png,black.png,green red.png,orange.png,black left.png,10231
168,red.png,red.png,red blue.png,blue.png,red left.png,10232
169,orange.png,yellow.png,yellow black black yellow.png,black.png,yellow right.png,10233
170,orange.png,green.png,green blue.png,yellow.png,red left.png,10234
171,black.png,blue.png,yellow black black yellow.png,blue.png,green right.png,10235
172,red.png,red.png,black yellow yellow black.png,blue.png,black left.png,10236
173,green.png,red.png,yellow blue.png,red.png,green right.png,10237
174,green.png,blue.png,blue red.png,black.png,black left.png,10238
175,orange.png,blue.png,red blue.png,blue.png,none.png,10239
176,blue.png,yellow.png,left black yellow.png,yellow.png,orange left.png,10240
177,yellow.png,green.png,down black up red.png,orange.png,orange left.png,10241
178,yellow.png,yellow.png,black yellow.png,green.png,red left.png,10242
179,orange.png,orange.png,black red.png,yellow.png,yellow left.png,10243
180,black.png,black.png,black yellow yellow black.png,yellow.png,orange left.png,10244
181,yellow.png,red.png,green yellow.png,red.png,orange right.png,10245
182,green.png,orange.png,orange blue.png,black.png,black left.png,10246
183,red.png,orange.png,red blue.png,blue.png,orange left.png,10247
184,green.png,yellow.png,orange blue.png,red.png,yellow left.png,10248
185,blue.png,green.png,black yellow yellow black.png,black.png,black left.png,10249
186,yellow.png,yellow.png,red blue.png,green.png,yellow right.png,10250
187,red.png,black.png,orange yellow.png,orange.png,yellow right.png,10251
188,green.png,red.png,orange yellow.png,red.png,blue left.png,10252
189,black.png,orange.png,orange yellow.png,red.png,black right.png,10253
190,blue.png,black.png,green red.png,black.png,yellow right.png,10254
191,orange.png,red.png,up_and_out black yellow.png,black.png,black right.png,10255
192,blue.png,red.png,up_and_out black yellow.png,yellow.png,green left.png,10256
193,orange.png,orange.png,yellow blue.png,yellow.png,blue right.png,10257
194,red.png,red.png,up_and_out black yellow.png,orange.png,blue right.png,10258
195,blue.png,orange.png,black yellow.png,green.png,blue left.png,10259
196,blue.png,orange.png,yellow blue.png,green.png,black left.png,10260
197,orange.png,blue.png,left black yellow.png,green.png,none.png,10261
198,orange.png,black.png,yellow red.png,black.png,none.png,10262
199,black.png,blue.png,red blue.png,blue.png,blue left.png,10263
200,,,,,,10264
201,black.png,yellow.png,yellow blue.png,red.png,blue right.png,10265
202,blue.png,blue.png,blue red.png,red.png,none.png,10266
203,orange.png,blue.png,yellow green blue.png,red.png,orange left.png,10267
204,red.png,red.png,yellow black black yellow.png,blue.png,green right.png,10268
205,black.png,orange.png,orange yellow.png,red.png,none.png,10269
206,blue.png,black.png,green yellow.png,yellow.png,blue left.png,10270
207,yellow.png,red.png,red blue.png,yellow.png,blue left.png,10271
208,orange.png,green.png,green blue.png,red.png,none.png,10272
209,yellow.png,green.png,blue red.png,orange.png,orange right.png,10273
210,blue.png,blue.png,red blue.png,black.png,orange left.png,10274
211,yellow.png,blue.png,blue red.png,yellow.png,yellow left.png,10275
212,black.png,blue.png,green yellow.png,yellow.png,yellow left.png,10276
213,yellow.png,red.png,yellow red.png,orange.png,black left.png,10277
214,green.png,black.png,orange blue.png,yellow.png,yellow right.png,10278
215,yellow.png,blue.png,left black yellow.png,green.png,blue right.png,10279
216,blue.png,yellow.png,black yellow yellow black.png,green.png,orange left.png,10280
217,blue.png,yellow.png,black yellow yellow black.png,orange.png,green right.png,10281
218,green.png,black.png,up_and_out black yellow.png,red.png,black right.png,10282
219,green.png,orange.png,up_and_out black yellow.png,black.png,orange right.png,10283
220,blue.png,blue.png,yellow black black yellow.png,blue.png,red left.png,10284
221,blue.png,orange.png,black red.png,orange.png,orange right.png,10285
222,orange.png,yellow.png,green blue.png,black.png,yellow right.png,10286
223,yellow.png,green.png,red blue.png,orange.png,yellow left.png,10287
224,red.png,orange.png,yellow green blue.png,orange.png,green right.png,10288
225,black.png,blue.png,left black yellow.png,yellow.png,green right.png,10289
226,red.png,black.png,left black yellow.png,yellow.png,red left.png,10290
227,yellow.png,yellow.png,green red.png,black.png,green left.png,10291
228,yellow.png,blue.png,down black up red.png,black.png,yellow right.png,10292
229,orange.png,yellow.png,green red.png,black.png,red left.png,10293
230,red.png,orange.png,green blue.png,green.png,black right.png,10294
231,blue.png,orange.png,yellow blue.png,green.png,green left.png,10295
232,yellow.png,red.png,red blue.png,blue.png,blue left.png,10296
233,orange.png,red.png,blue red.png,black.png,orange right.png,10297
234,blue.png,yellow.png,black red.png,yellow.png,none.png,10298
235,black.png,black.png,black yellow.png,blue.png,blue right.png,10299
236,orange.png,orange.png,blue red.png,orange.png,orange left.png,10300
237,red.png,blue.png,green red.png,green.png,blue right.png,10301
238,red.png,blue.png,green red.png,green.png,black left.png,10302
239,blue.png,orange.png,up_and_out black yellow.png,green.png,red left.png,10303
240,orange.png,black.png,black yellow.png,black.png,green right.png,10304
241,red.png,blue.png,yellow green blue.png,blue.png,none.png,10305
242,orange.png,green.png,yellow black black yellow.png,green.png,orange left.png,10306
243,yellow.png,yellow.png,black red.png,black.png,orange right.png,10307
244,orange.png,black.png,black red.png,yellow.png,black left.png,10308
245,black.png,yellow.png,yellow blue.png,green.png,orange left.png,10309
246,green.png,black.png,black red.png,black.png,green right.png,10310
247,red.png,yellow.png,yellow black black yellow.png,orange.png,black left.png,10311
248,green.png,orange.png,left black yellow.png,green.png,green left.png,10312
249,orange.png,red.png,green blue.png,red.png,blue right.png,10313
250,black.png,red.png,black red.png,blue.png,black left.png,10314
251,orange.png,red.png,orange blue.png,blue.png,orange left.png,10315
252,red.png,red.png,blue red.png,red.png,blue left.png,10316
253,green.png,blue.png,multicolor.png,yellow.png,none.png,10317
254,black.png,yellow.png,blue red.png,green.png,green left.png,10318
255,blue.png,green.png,yellow blue.png,red.png,green left.png,10319
256,black.png,green.png,yellow black black yellow.png,orange.png,black right.png,10320
257,blue.png,yellow.png,yellow green blue.png,black.png,black left.png,10321
258,orange.png,orange.png,black red.png,blue.png,none.png,10322
259,green.png,orange.png,multicolor.png,black.png,green right.png,10323
260,red.png,orange.png,yellow black black yellow.png,orange.png,black right.png,10324
261,orange.png,green.png,black yellow.png,red.png,orange right.png,10325
262,red.png,red.png,green blue.png,blue.png,blue left.png,10326
263,red.png,blue.png,black yellow.png,green.png,yellow left.png,10327
264,black.png,orange.png,left black yellow.png,orange.png,black right.png,10328
265,blue.png,green.png,green red.png,black.png,red left.png,10329
266,blue.png,blue.png,green blue.png,yellow.png,orange right.png,10330
267,black.png,yellow.png,yellow green blue.png,green.png,yellow left.png,10331
268,blue.png,black.png,green yellow.png,red.png,black left.png,10332
269,black.png,yellow.png,green yellow.png,orange.png,orange left.png,10333
270,red.png,black.png,down black up red.png,green.png,yellow right.png,10334
271,orange.png,yellow.png,black red.png,blue.png,orange left.png,10335
272,blue.png,yellow.png,green yellow.png,green.png,yellow left.png,10336
273,red.png,black.png,black red.png,green.png,black left.png,10337
274,blue.png,blue.png,yellow blue.png,orange.png,orange left.png,10338
275,orange.png,black.png,down black up red.png,blue.png,blue left.png,10339
276,green.png,black.png,orange yellow.png,yellow.png,yellow right.png,10340
277,yellow.png,black.png,up_and_out black yellow.png,orange.png,black right.png,10341
278,yellow.png,blue.png,black yellow yellow black.png,green.png,black right.png,10342
279,yellow.png,red.png,yellow red.png,red.png,yellow right.png,10343
280,green.png,orange.png,green yellow.png,green.png,blue right.png,10344
281,blue.png,yellow.png,red blue.png,red.png,green left.png,10345
282,orange.png,blue.png,multicolor.png,yellow.png,red left.png,10346
283,red.png,orange.png,black yellow.png,yellow.png,green left.png,10347
284,black.png,orange.png,orange yellow.png,black.png,orange right.png,10348
285,yellow.png,green.png,orange yellow.png,yellow.png,yellow left.png,10349
286,blue.png,yellow.png,black red.png,green.png,orange left.png,10350
287,black.png,red.png,yellow blue.png,green.png,red left.png,10351
288,green.png,black.png,black yellow.png,yellow.png,blue right.png,10352
289,blue.png,orange.png,black yellow yellow black.png,orange.png,green right.png,10353
290,blue.png,red.png,orange blue.png,red.png,green left.png,10354
291,black.png,yellow.png,orange yellow.png,orange.png,red left.png,10355
292,black.png,black.png,green red.png,green.png,yellow left.png,10356
293,orange.png,red.png,left black yellow.png,red.png,green right.png,10357
294,red.png,red.png,green red.png,orange.png,yellow left.png,10358
295,red.png,blue.png,left black yellow.png,blue.png,green right.png,10359
296,red.png,yellow.png,left black yellow.png,green.png,green right.png,10360
297,orange.png,red.png,yellow blue.png,blue.png,none.png,10361
298,orange.png,black.png,orange blue.png,orange.png,yellow left.png,10362
299,blue.png,orange.png,green yellow.png,orange.png,green right.png,10363
300,green.png,black.png,green yellow.png,green.png,yellow left.png,10364
301,green.png,green.png,down black up red.png,blue.png,none.png,10365
302,red.png,yellow.png,down black up red.png,black.png,yellow left.png,10366
303,yellow.png,red.png,red blue.png,green.png,blue right.png,10367
304,red.png,orange.png,left black yellow.png,red.png,black left.png,10368
305,orange.png,black.png,blue red.png,blue.png,orange right.png,10369
306,green.png,green.png,black yellow.png,yellow.png,yellow left.png,10370
307,orange.png,black.png,black yellow yellow black.png,blue.png,black left.png,10371
308,green.png,blue.png,yellow blue.png,black.png,yellow left.png,10372
309,blue.png,green.png,orange blue.png,yellow.png,none.png,10373
310,yellow.png,red.png,left black yellow.png,orange.png,yellow left.png,10374
311,black.png,red.png,green red.png,black.png,green left.png,10375
312,black.png,red.png,left black yellow.png,red.png,red left.png,10376
313,yellow.png,orange.png,black red.png,green.png,green right.png,10377
314,black.png,red.png,orange yellow.png,red.png,yellow right.png,10378
315,blue.png,black.png,up_and_out black yellow.png,yellow.png,red left.png,10379
316,blue.png,blue.png,green red.png,red.png,black right.png,10380
317,yellow.png,blue.png,orange blue.png,blue.png,yellow left.png,10381
318,blue.png,orange.png,left black yellow.png,yellow.png,black right.png,10382
319,yellow.png,orange.png,green blue.png,green.png,black left.png,10383
320,yellow.png,orange.png,down black up red.png,red.png,red left.png,10384
321,blue.png,blue.png,yellow red.png,black.png,orange left.png,10385
322,black.png,black.png,green red.png,yellow.png,blue left.png,10386
323,black.png,orange.png,black yellow yellow black.png,green.png,green left.png,10387
324,red.png,black.png,green red.png,green.png,green right.png,10388
325,orange.png,black.png,green blue.png,blue.png,green right.png,10389
326,blue.png,red.png,yellow blue.png,orange.png,blue right.png,10390
327,black.png,red.png,green red.png,green.png,green left.png,10391
328,blue.png,red.png,orange blue.png,green.png,blue left.png,10392
329,orange.png,green.png,multicolor.png,orange.png,orange left.png,10393
330,orange.png,red.png,yellow red.png,red.png,green left.png,10394
331,black.png,blue.png,up_and_out black yellow.png,orange.png,red left.png,10395
332,red.png,green.png,yellow red.png,orange.png,yellow left.png,10396
333,yellow.png,green.png,yellow red.png,black.png,blue right.png,10397
334,green.png,red.png,multicolor.png,green.png,green left.png,10398
335,orange.png,yellow.png,orange yellow.png,red.png,orange right.png,10399
336,black.png,green.png,black yellow yellow black.png,green.png,none.png,10400
337,red.png,yellow.png,yellow black black yellow.png,blue.png,blue right.png,10401
338,blue.png,orange.png,left black yellow.png,red.png,blue left.png,10402
339,yellow.png,green.png,orange yellow.png,orange.png,green left.png,10403
340,yellow.png,blue.png,orange yellow.png,yellow.png,green left.png,10404
341,yellow.png,green.png,yellow blue.png,green.png,black left.png,10405
342,orange.png,yellow.png,yellow green blue.png,yellow.png,black right.png,10406
343,yellow.png,orange.png,black yellow yellow black.png,orange.png,blue left.png,10407
344,orange.png,blue.png,red blue.png,black.png,red left.png,10408
345,orange.png,black.png,black yellow yellow black.png,black.png,green right.png,10409
346,red.png,blue.png,green blue.png,green.png,green left.png,10410
347,yellow.png,orange.png,black yellow.png,blue.png,red left.png,10411
348,orange.png,orange.png,black yellow yellow black.png,green.png,blue right.png,10412
349,yellow.png,blue.png,green red.png,black.png,yellow right.png,10413
350,green.png,red.png,left black yellow.png,yellow.png,none.png,10414
351,black.png,blue.png,orange yellow.png,blue.png,orange right.png,10415
352,orange.png,red.png,green red.png,red.png,yellow left.png,10416
353,orange.png,red.png,yellow green blue.png,black.png,yellow left.png,10417
354,red.png,orange.png,black red.png,green.png,green left.png,10418
355,red.png,black.png,black red.png,yellow.png,none.png,10419
356,yellow.png,blue.png,multicolor.png,green.png,green left.png,10420
357,yellow.png,black.png,up_and_out black yellow.png,green.png,yellow left.png,10421
358,black.png,yellow.png,blue red.png,green.png,yellow right.png,10422
359,orange.png,yellow.png,down black up red.png,red.png,blue right.png,10423
360,black.png,black.png,multicolor.png,orange.png,blue right.png,10424
361,black.png,yellow.png,green blue.png,orange.png,yellow left.png,10425
362,green.png,red.png,green blue.png,red.png,red left.png,10426
363,green.png,green.png,green blue.png,black.png,black right.png,10427
364,red.png,green.png,up_and_out black yellow.png,yellow.png,green right.png,10428
365,black.png,blue.png,black yellow.png,green.png,black left.png,10429
366,orange.png,yellow.png,yellow red.png,yellow.png,green right.png,10430
367,green.png,yellow.png,black yellow.png,black.png,yellow left.png,10431
368,black.png,black.png,red blue.png,black.png,red left.png,10432
369,red.png,green.png,red blue.png,orange.png,blue left.png,10433
370,yellow.png,green.png,yellow black black yellow.png,black.png,blue right.png,10434
371,blue.png,blue.png,down black up red.png,black.png,none.png,10435
372,black.png,blue.png,green red.png,green.png,orange left.png,10436
373,orange.png,red.png,yellow black black yellow.png,red.png,black left.png,10437
374,red.png,green.png,orange blue.png,blue.png,none.png,10438
375,yellow.png,red.png,black yellow.png,yellow.png,none.png,10439
376,green.png,yellow.png,blue red.png,yellow.png,yellow right.png,10440
377,green.png,blue.png,green yellow.png,orange.png,green right.png,10441
378,green.png,orange.png,down black up red.png,orange.png,green right.png,10442
379,blue.png,orange.png,blue red.png,yellow.png,red left.png,10443
380,yellow.png,blue.png,black yellow.png,green.png,yellow left.png,10444
381,green.png,yellow.png,yellow black black yellow.png,black.png,red left.png,10445
382,red.png,red.png,down black up red.png,orange.png,orange left.png,10446
383,black.png,blue.png,yellow red.png,yellow.png,yellow right.png,10447
384,green.png,yellow.png,black yellow yellow black.png,orange.png,black left.png,10448
385,orange.png,orange.png,green blue.png,red.png,red left.png,10449
386,yellow.png,red.png,green yellow.png,green.png,black right.png,10450
387,green.png,black.png,blue red.png,yellow.png,blue left.png,10451
388,red.png,blue.png,black yellow.png,green.png,black right.png,10452
389,blue.png,orange.png,green blue.png,orange.png,green left.png,10453
390,black.png,green.png,left black yellow.png,yellow.png,green left.png,10454
391,black.png,orange.png,orange yellow.png,yellow.png,orange left.png,10455
392,orange.png,green.png,green blue.png,green.png,yellow left.png,10456
393,yellow.png,blue.png,left black yellow.png,blue.png,black left.png,10457
394,blue.png,yellow.png,blue red.png,black.png,black right.png,10458
395,green.png,red.png,down black up red.png,black.png,none.png,10459
396,yellow.png,black.png,yellow red.png,black.png,none.png,10460
397,yellow.png,black.png,red blue.png,blue.png,blue left.png,10461
398,yellow.png,blue.png,black yellow.png,yellow.png,blue left.png,10462
399,orange.png,black.png,black yellow yellow black.png,red.png,blue right.png,10463
400,,,,,,10464
401,yellow.png,black.png,down black up red.png,red.png,orange right.png,10465
402,red.png,orange.png,orange yellow.png,yellow.png,orange left.png,10466
403,orange.png,yellow.png,up_and_out black yellow.png,red.png,blue left.png,10467
404,blue.png,red.png,multicolor.png,orange.png,none.png,10468
405,blue.png,yellow.png,yellow red.png,orange.png,red left.png,10469
406,red.png,black.png,yellow green blue.png,orange.png,orange right.png,10470
407,red.png,blue.png,yellow black black yellow.png,orange.png,yellow left.png,10471
408,red.png,blue.png,black yellow.png,blue.png,green right.png,10472
409,red.png,orange.png,orange blue.png,red.png,yellow right.png,10473
410,blue.png,orange.png,green yellow.png,yellow.png,black right.png,10474
411,black.png,black.png,left black yellow.png,orange.png,orange right.png,10475
412,green.png,black.png,green red.png,orange.png,blue left.png,10476
413,black.png,red.png,black red.png,yellow.png,red left.png,10477
414,green.png,green.png,green red.png,yellow.png,orange right.png,10478
415,black.png,orange.png,green blue.png,blue.png,green right.png,10479
416,orange.png,green.png,yellow black black yellow.png,green.png,black left.png,10480
417,yellow.png,green.png,up_and_out black yellow.png,blue.png,black right.png,10481
418,black.png,blue.png,yellow black black yellow.png,black.png,blue left.png,10482
419,blue.png,red.png,down black up red.png,green.png,blue right.png,10483
420,red.png,yellow.png,left black yellow.png,blue.png,none.png,10484
421,orange.png,yellow.png,yellow green blue.png,orange.png,none.png,10485
422,orange.png,orange.png,green yellow.png,red.png,yellow left.png,10486
423,orange.png,yellow.png,down black up red.png,green.png,black left.png,10487
424,blue.png,blue.png,green red.png,red.png,yellow left.png,10488
425,red.png,black.png,green red.png,black.png,blue right.png,10489
426,green.png,blue.png,black yellow yellow black.png,blue.png,yellow left.png,10490
427,yellow.png,red.png,yellow green blue.png,blue.png,black left.png,10491
428,red.png,green.png,black red.png,black.png,orange right.png,10492
429,red.png,orange.png,up_and_out black yellow.png,red.png,yellow left.png,10493
430,orange.png,orange.png,blue red.png,blue.png,none.png,10494
431,yellow.png,orange.png,red blue.png,green.png,orange left.png,10495
432,green.png,yellow.png,left black yellow.png,yellow.png,orange left.png,10496
433,yellow.png,orange.png,black red.png,black.png,black right.png,10497
434,green.png,yellow.png,blue red.png,black.png,orange right.png,10498
435,orange.png,red.png,up_and_out black yellow.png,yellow.png,red left.png,10499
436,red.png,green.png,yellow red.png,black.png,red left.png,10500
437,blue.png,orange.png,up_and_out black yellow.png,blue.png,green right.png,10501
438,green.png,black.png,left black yellow.png,blue.png,none.png,10502
439,black.png,green.png,orange yellow.png,yellow.png,none.png,10503
440,black.png,red.png,multicolor.png,red.png,blue right.png,10504
441,blue.png,yellow.png,yellow red.png,orange.png,orange right.png,10505
442,black.png,yellow.png,blue red.png,blue.png,blue left.png,10506
443,blue.png,orange.png,yellow black black yellow.png,green.png,none.png,10507
444,orange.png,green.png,left black yellow.png,yellow.png,none.png,10508
445,red.png,orange.png,black yellow yellow black.png,blue.png,yellow right.png,10509
446,orange.png,red.png,blue red.png,blue.png,orange right.png,10510
447,green.png,red.png,blue red.png,green.png,yellow right.png,10511
448,blue.png,yellow.png,black red.png,black.png,orange left.png,10512
449,blue.png,red.png,multicolor.png,yellow.png,none.png,10513
450,green.png,yellow.png,orange yellow.png,red.png,black left.png,10514
451,yellow.png,red.png,up_and_out black yellow.png,blue.png,green right.png,10515
452,blue.png,yellow.png,blue red.png,blue.png,red left.png,10516
453,orange.png,red.png,orange yellow.png,red.png,blue left.png,10517
454,yellow.png,blue.png,yellow red.png,green.png,red left.png,10518
455,black.png,green.png,orange yellow.png,black.png,green left.png,10519
456,yellow.png,blue.png,orange blue.png,orange.png,green right.png,10520
457,green.png,orange.png,yellow green blue.png,green.png,black right.png,10521
458,orange.png,yellow.png,green yellow.png,green.png,blue left.png,10522
459,green.png,yellow.png,blue red.png,black.png,yellow right.png,10523
460,yellow.png,green.png,multicolor.png,orange.png,none.png,10524
461,black.png,orange.png,green blue.png,orange.png,blue left.png,10525
462,orange.png,blue.png,black red.png,blue.png,blue right.png,10526
463,orange.png,green.png,green blue.png,yellow.png,black left.png,10527
464,orange.png,red.png,orange yellow.png,yellow.png,yellow right.png,10528
465,yellow.png,green.png,yellow black black yellow.png,red.png,green right.png,10529
466,black.png,green.png,left black yellow.png,blue.png,black left.png,10530
467,yellow.png,red.png,down black up red.png,black.png,orange right.png,10531
468,green.png,orange.png,multicolor.png,blue.png,blue left.png,10532
469,orange.png,orange.png,green blue.png,red.png,orange left.png,10533
470,red.png,orange.png,black red.png,green.png,blue right.png,10534
471,yellow.png,black.png,up_and_out black yellow.png,orange.png,orange right.png,10535
472,red.png,green.png,yellow black black yellow.png,blue.png,blue right.png,10536
473,black.png,black.png,up_and_out black yellow.png,black.png,black left.png,10537
474,yellow.png,green.png,blue red.png,orange.png,blue right.png,10538
475,black.png,black.png,red blue.png,blue.png,yellow right.png,10539
476,orange.png,yellow.png,black red.png,green.png,blue right.png,10540
477,green.png,orange.png,yellow red.png,red.png,yellow left.png,10541
478,green.png,red.png,blue red.png,yellow.png,black right.png,10542
479,black.png,orange.png,multicolor.png,green.png,red left.png,10543
480,orange.png,black.png,orange blue.png,orange.png,blue left.png,10544
481,blue.png,green.png,green blue.png,green.png,blue right.png,10545
482,red.png,red.png,green blue.png,black.png,black left.png,10546
483,green.png,blue.png,left black yellow.png,green.png,blue left.png,10547
484,orange.png,orange.png,multicolor.png,red.png,orange right.png,10548
485,orange.png,blue.png,down black up red.png,green.png,green right.png,10549
486,orange.png,green.png,green blue.png,green.png,red left.png,10550
487,blue.png,yellow.png,green red.png,red.png,yellow left.png,10551
488,green.png,yellow.png,yellow black black yellow.png,red.png,blue left.png,10552
489,black.png,black.png,black red.png,red.png,green left.png,10553
490,green.png,blue.png,multicolor.png,blue.png,black left.png,10554
491,red.png,black.png,green blue.png,blue.png,green right.png,10555
492,orange.png,yellow.png,down black up red.png,blue.png,green left.png,10556
493,black.png,black.png,up_and_out black yellow.png,yellow.png,black right.png,10557
494,orange.png,black.png,multicolor.png,black.png,orange right.png,10558
495,green.png,green.png,yellow black black yellow.png,red.png,orange right.png,10559
496,yellow.png,black.png,blue red.png,black.png,yellow left.png,10560
497,orange.png,black.png,down black up red.png,green.png,blue right.png,10561
498,blue.png,blue.png,green blue.png,green.png,orange right.png,10562
499,blue.png,yellow.png,up_and_out black yellow.png,green.png,orange right.png,10563
500,blue.png,black.png,black red.png,orange.png,none.png,10564
501,red.png,blue.png,orange yellow.png,blue.png,yellow right.png,10565
502,black.png,yellow.png,green red.png,yellow.png,green right.png,10566
503,orange.png,green.png,left black yellow.png,yellow.png,blue right.png,10567
504,orange.png,green.png,green yellow.png,orange.png,orange left.png,10568
505,green.png,yellow.png,red blue.png,yellow.png,black right.png,10569
506,black.png,green.png,black yellow.png,yellow.png,black right.png,10570
507,orange.png,yellow.png,left black yellow.png,orange.png,green right.png,10571
508,black.png,orange.png,red blue.png,yellow.png,green right.png,10572
509,green.png,red.png,red blue.png,blue.png,none.png,10573
510,orange.png,red.png,orange blue.png,yellow.png,yellow right.png,10574
511,red.png,yellow.png,left black yellow.png,orange.png,green left.png,10575
512,blue.png,black.png,green blue.png,green.png,none.png,10576
513,red.png,red.png,red blue.png,blue.png,black left.png,10577
514,black.png,orange.png,orange blue.png,black.png,green left.png,10578
515,red.png,black.png,orange yellow.png,red.png,orange left.png,10579
516,yellow.png,blue.png,down black up red.png,red.png,black right.png,10580
517,black.png,green.png,yellow blue.png,black.png,red left.png,10581
518,orange.png,orange.png,yellow blue.png,red.png,green right.png,10582
519,black.png,yellow.png,black yellow.png,black.png,yellow left.png,10583
520,green.png,green.png,down black up red.png,red.png,black left.png,10584
521,red.png,blue.png,red blue.png,blue.png,green right.png,10585
522,blue.png,green.png,yellow red.png,black.png,blue right.png,10586
523,green.png,orange.png,yellow green blue.png,green.png,blue left.png,10587
524,red.png,black.png,orange blue.png,black.png,orange right.png,10588
525,orange.png,yellow.png,up_and_out black yellow.png,blue.png,yellow left.png,10589
526,orange.png,orange.png,orange yellow.png,green.png,blue left.png,10590
527,green.png,blue.png,green blue.png,blue.png,blue left.png,10591
528,yellow.png,red.png,black yellow.png,blue.png,blue right.png,10592
529,black.png,blue.png,green yellow.png,red.png,red left.png,10593
530,blue.png,yellow.png,orange blue.png,yellow.png,none.png,10594
531,yellow.png,yellow.png,up_and_out black yellow.png,yellow.png,yellow left.png,10595
532,green.png,blue.png,multicolor.png,black.png,blue right.png,10596
533,red.png,black.png,yellow blue.png,black.png,yellow left.png,10597
534,orange.png,red.png,black red.png,green.png,blue right.png,10598
535,orange.png,orange.png,blue red.png,red.png,blue right.png,10599
536,yellow.png,yellow.png,black red.png,blue.png,green right.png,10600
537,yellow.png,black.png,red blue.png,orange.png,green left.png,10601
538,blue.png,green.png,green red.png,black.png,blue left.png,10602
539,yellow.png,yellow.png,up_and_out black yellow.png,red.png,black right.png,10603
540,green.png,orange.png,multicolor.png,blue.png,none.png,10604
541,green.png,green.png,orange blue.png,black.png,blue left.png,10605
542,black.png,black.png,up_and_out black yellow.png,blue.png,orange left.png,10606
543,green.png,orange.png,orange blue.png,black.png,blue left.png,10607
544,blue.png,red.png,down black up red.png,green.png,green left.png,10608
545,black.png,blue.png,green blue.png,yellow.png,yellow right.png,10609
546,orange.png,orange.png,black red.png,orange.png,yellow left.png,10610
547,green.png,orange.png,blue red.png,black.png,black right.png,10611
548,red.png,red.png,red blue.png,black.png,black left.png,10612
549,black.png,red.png,yellow red.png,blue.png,blue right.png,10613
550,yellow.png,red.png,blue red.png,blue.png,yellow left.png,10614
551,green.png,black.png,up_and_out black yellow.png,yellow.png,black right.png,10615
552,red.png,yellow.png,blue red.png,yellow.png,orange left.png,10616
553,blue.png,orange.png,left black yellow.png,red.png,green right.png,10617
554,red.png,red.png,down black up red.png,green.png,none.png,10618
555,orange.png,green.png,left black yellow.png,yellow.png,yellow left.png,10619
556,orange.png,blue.png,left black yellow.png,blue.png,black left.png,10620
557,blue.png,blue.png,green red.png,black.png,red left.png,10621
558,black.png,green.png,multicolor.png,green.png,black left.png,10622
559,red.png,black.png,yellow red.png,red.png,orange left.png,10623
560,orange.png,orange.png,black yellow.png,orange.png,orange left.png,10624
561,blue.png,black.png,black yellow yellow black.png,yellow.png,green right.png,10625
562,yellow.png,red.png,down black up red.png,yellow.png,green right.png,10626
563,green.png,yellow.png,yellow green blue.png,blue.png,blue right.png,10627
564,black.png,yellow.png,orange blue.png,green.png,yellow right.png,10628
565,blue.png,black.png,black yellow yellow black.png,red.png,orange left.png,10629
566,green.png,blue.png,yellow black black yellow.png,red.png,blue left.png,10630
567,red.png,orange.png,black red.png,orange.png,orange right.png,10631
568,orange.png,blue.png,black yellow.png,black.png,green left.png,10632
569,orange.png,orange.png,black yellow yellow black.png,green.png,none.png,10633
570,blue.png,red.png,orange yellow.png,blue.png,none.png,10634
571,orange.png,blue.png,yellow red.png,blue.png,blue right.png,10635
572,yellow.png,blue.png,yellow red.png,yellow.png,yellow left.png,10636
573,yellow.png,green.png,black yellow.png,orange.png,black right.png,10637
574,orange.png,blue.png,yellow red.png,yellow.png,yellow right.png,10638
575,black.png,orange.png,black yellow.png,green.png,green left.png,10639
576,red.png,yellow.png,yellow black black yellow.png,yellow.png,orange left.png,10640
577,yellow.png,green.png,green blue.png,green.png,green right.png,10641
578,red.png,blue.png,green yellow.png,orange.png,orange right.png,10642
579,blue.png,green.png,orange yellow.png,blue.png,green right.png,10643
580,red.png,blue.png,black red.png,blue.png,none.png,10644
581,blue.png,yellow.png,yellow red.png,green.png,red left.png,10645
582,red.png,green.png,black red.png,green.png,green left.png,10646
583,black.png,yellow.png,yellow green blue.png,black.png,green right.png,10647
584,yellow.png,red.png,down black up red.png,red.png,black left.png,10648
585,red.png,blue.png,orange yellow.png,orange.png,black left.png,10649
586,orange.png,blue.png,down black up red.png,black.png,blue right.png,10650
587,green.png,yellow.png,black yellow yellow black.png,yellow.png,yellow right.png,10651
588,green.png,orange.png,down black up red.png,green.png,blue left.png,10652
589,green.png,green.png,black yellow yellow black.png,orange.png,yellow left.png,10653
590,black.png,red.png,multicolor.png,green.png,yellow left.png,10654
591,blue.png,black.png,green yellow.png,yellow.png,yellow right.png,10655
592,blue.png,green.png,orange yellow.png,red.png,blue left.png,10656
593,orange.png,orange.png,black red.png,green.png,green left.png,10657
594,orange.png,red.png,red blue.png,red.png,black left.png,10658
595,orange.png,yellow.png,down black up red.png,green.png,red left.png,10659
596,orange.png,green.png,down black up red.png,orange.png,green left.png,10660
597,black.png,blue.png,yellow blue.png,red.png,green left.png,10661
598,red.png,black.png,yellow black black yellow.png,red.png,none.png,10662
599,black.png,red.png,yellow red.png,blue.png,green right.png,10663
600,,,,,,10664
601,green.png,blue.png,left black yellow.png,yellow.png,blue left.png,10665
602,black.png,blue.png,multicolor.png,blue.png,red left.png,10666
603,black.png,red.png,left black yellow.png,red.png,green left.png,10667
604,blue.png,yellow.png,orange blue.png,black.png,orange left.png,10668
605,black.png,green.png,green blue.png,yellow.png,red left.png,10669
606,green.png,yellow.png,green yellow.png,yellow.png,none.png,10670
607,red.png,orange.png,multicolor.png,blue.png,blue right.png,10671
608,green.png,red.png,left black yellow.png,yellow.png,yellow right.png,10672
609,red.png,blue.png,green yellow.png,orange.png,black left.png,10673
610,red.png,green.png,orange yellow.png,black.png,blue left.png,10674
611,blue.png,orange.png,green yellow.png,yellow.png,yellow left.png,10675
612,yellow.png,red.png,black red.png,black.png,green right.png,10676
613,yellow.png,green.png,red blue.png,red.png,black left.png,10677
614,orange.png,red.png,multicolor.png,blue.png,blue right.png,10678
615,black.png,red.png,black red.png,orange.png,orange right.png,10679
616,black.png,red.png,orange yellow.png,green.png,orange right.png,10680
617,blue.png,black.png,red blue.png,green.png,orange left.png,10681
618,orange.png,green.png,yellow red.png,green.png,blue left.png,10682
619,red.png,green.png,left black yellow.png,yellow.png,black right.png,10683
620,yellow.png,red.png,yellow green blue.png,yellow.png,yellow right.png,10684
621,black.png,blue.png,up_and_out black yellow.png,green.png,red left.png,10685
622,red.png,blue.png,down black up red.png,yellow.png,blue right.png,10686
623,blue.png,yellow.png,yellow black black yellow.png,black.png,green left.png,10687
624,blue.png,black.png,green red.png,yellow.png,none.png,10688
625,orange.png,orange.png,orange yellow.png,black.png,red left.png,10689
626,blue.png,yellow.png,yellow blue.png,yellow.png,red left.png,10690
627,blue.png,red.png,down black up red.png,blue.png,orange right.png,10691
628,red.png,yellow.png,yellow blue.png,green.png,yellow left.png,10692
629,red.png,red.png,yellow red.png,orange.png,green right.png,10693
630,yellow.png,blue.png,green blue.png,orange.png,blue left.png,10694
631,red.png,green.png,green red.png,yellow.png,yellow left.png,10695
632,red.png,blue.png,black yellow yellow black.png,yellow.png,red left.png,10696
633,green.png,black.png,yellow red.png,yellow.png,black left.png,10697
634,blue.png,orange.png,black red.png,green.png,red left.png,10698
635,yellow.png,red.png,orange yellow.png,yellow.png,none.png,10699
636,yellow.png,red.png,green yellow.png,yellow.png,black left.png,10700
637,yellow.png,green.png,yellow red.png,black.png,orange left.png,10701
638,orange.png,black.png,yellow black black yellow.png,black.png,red left.png,10702
639,blue.png,green.png,orange yellow.png,orange.png,red left.png,10703
640,red.png,green.png,multicolor.png,yellow.png,blue left.png,10704
641,green.png,yellow.png,yellow black black yellow.png,blue.png,orange left.png,10705
642,red.png,green.png,up_and_out black yellow.png,orange.png,green left.png,10706
643,yellow.png,yellow.png,yellow black black yellow.png,black.png,none.png,10707
644,black.png,black.png,down black up red.png,yellow.png,green right.png,10708
645,red.png,black.png,yellow blue.png,orange.png,green right.png,10709
646,blue.png,orange.png,black yellow yellow black.png,orange.png,orange right.png,10710
647,red.png,yellow.png,green blue.png,red.png,black left.png,10711
648,red.png,blue.png,green red.png,red.png,green right.png,10712
649,black.png,orange.png,left black yellow.png,red.png,blue left.png,10713
650,yellow.png,green.png,blue red.png,blue.png,orange right.png,10714
651,red.png,green.png,red blue.png,yellow.png,blue left.png,10715
652,yellow.png,orange.png,black yellow.png,blue.png,green left.png,10716
653,yellow.png,orange.png,left black yellow.png,red.png,red left.png,10717
654,green.png,orange.png,green blue.png,orange.png,none.png,10718
655,green.png,yellow.png,black yellow.png,blue.png,blue right.png,10719
656,orange.png,blue.png,orange yellow.png,yellow.png,none.png,10720
657,yellow.png,blue.png,blue red.png,green.png,red left.png,10721
658,black.png,blue.png,black yellow.png,blue.png,black left.png,10722
659,yellow.png,yellow.png,black yellow.png,green.png,blue left.png,10723
660,blue.png,red.png,yellow blue.png,red.png,orange right.png,10724
661,yellow.png,green.png,yellow blue.png,yellow.png,blue left.png,10725
662,black.png,blue.png,green blue.png,yellow.png,blue right.png,10726
663,red.png,red.png,yellow green blue.png,orange.png,none.png,10727
664,yellow.png,red.png,green blue.png,yellow.png,blue left.png,10728
665,blue.png,blue.png,black yellow.png,black.png,black left.png,10729
666,yellow.png,blue.png,orange blue.png,yellow.png,yellow right.png,10730
667,green.png,orange.png,up_and_out black yellow.png,red.png,none.png,10731
668,yellow.png,orange.png,black red.png,blue.png,green left.png,10732
669,green.png,green.png,green red.png,yellow.png,black right.png,10733
670,yellow.png,green.png,black red.png,black.png,red left.png,10734
671,orange.png,red.png,green red.png,green.png,yellow left.png,10735
672,orange.png,orange.png,yellow blue.png,blue.png,black left.png,10736
673,yellow.png,blue.png,multicolor.png,yellow.png,black left.png,10737
674,yellow.png,blue.png,yellow red.png,green.png,green right.png,10738
675,red.png,orange.png,green blue.png,green.png,none.png,10739
676,black.png,black.png,orange blue.png,black.png,black left.png,10740
677,red.png,green.png,black yellow.png,black.png,yellow right.png,10741
678,blue.png,orange.png,green red.png,red.png,green right.png,10742
679,blue.png,red.png,black yellow.png,blue.png,yellow left.png,10743
680,blue.png,orange.png,yellow green blue.png,black.png,orange right.png,10744
681,blue.png,yellow.png,yellow red.png,orange.png,yellow left.png,10745
682,red.png,orange.png,yellow black black yellow.png,orange.png,green right.png,10746
683,black.png,blue.png,green red.png,blue.png,red left.png,10747
684,orange.png,green.png,black red.png,orange.png,orange left.png,10748
685,yellow.png,yellow.png,blue red.png,yellow.png,blue right.png,10749
686,yellow.png,green.png,yellow green blue.png,black.png,blue right.png,10750
687,green.png,black.png,multicolor.png,red.png,blue left.png,10751
688,black.png,orange.png,blue red.png,yellow.png,green right.png,10752
689,black.png,orange.png,black red.png,orange.png,blue right.png,10753
690,black.png,green.png,left black yellow.png,black.png,yellow right.png,10754
691,red.png,yellow.png,black yellow.png,green.png,none.png,10755
692,black.png,yellow.png,green yellow.png,green.png,blue left.png,10756
693,black.png,yellow.png,multicolor.png,orange.png,orange left.png,10757
694,blue.png,green.png,black yellow yellow black.png,orange.png,none.png,10758
695,green.png,orange.png,black yellow yellow black.png,red.png,blue left.png,10759
696,orange.png,red.png,red blue.png,yellow.png,yellow right.png,10760
697,black.png,red.png,multicolor.png,black.png,black left.png,10761
698,green.png,black.png,orange blue.png,blue.png,green left.png,10762
699,blue.png,blue.png,multicolor.png,orange.png,orange right.png,10763
700,red.png,red.png,multicolor.png,red.png,blue right.png,10764
701,orange.png,orange.png,down black up red.png,red.png,black left.png,10765
702,blue.png,green.png,up_and_out black yellow.png,red.png,green left.png,10766
703,blue.png,orange.png,up_and_out black yellow.png,blue.png,yellow left.png,10767
704,orange.png,blue.png,green blue.png,blue.png,yellow left.png,10768
705,orange.png,black.png,yellow green blue.png,black.png,none.png,10769
706,orange.png,red.png,green blue.png,black.png,none.png,10770
707,blue.png,blue.png,up_and_out black yellow.png,blue.png,orange right.png,10771
708,blue.png,orange.png,left black yellow.png,black.png,blue right.png,10772
709,yellow.png,green.png,yellow blue.png,yellow.png,black right.png,10773
710,orange.png,red.png,black red.png,red.png,yellow left.png,10774
711,blue.png,green.png,up_and_out black yellow.png,yellow.png,green left.png,10775
712,orange.png,green.png,green blue.png,red.png,green right.png,10776
713,green.png,yellow.png,black yellow.png,black.png,red left.png,10777
714,yellow.png,yellow.png,orange blue.png,yellow.png,none.png,10778
715,blue.png,black.png,green yellow.png,red.png,none.png,10779
716,orange.png,orange.png,black yellow.png,black.png,none.png,10780
717,green.png,orange.png,green red.png,yellow.png,red left.png,10781
718,green.png,blue.png,yellow black black yellow.png,green.png,orange left.png,10782
719,orange.png,blue.png,blue red.png,yellow.png,black left.png,10783
720,yellow.png,orange.png,green red.png,orange.png,none.png,10784
721,green.png,orange.png,up_and_out black yellow.png,orange.png,green left.png,10785
722,blue.png,blue.png,yellow red.png,yellow.png,blue right.png,10786
723,black.png,green.png,black yellow.png,green.png,orange right.png,10787
724,green.png,orange.png,black red.png,yellow.png,yellow right.png,10788
725,black.png,black.png,yellow green blue.png,yellow.png,yellow right.png,10789
726,green.png,red.png,green red.png,black.png,black right.png,10790
727,yellow.png,orange.png,left black yellow.png,blue.png,black right.png,10791
728,green.png,black.png,multicolor.png,red.png,orange right.png,10792
729,red.png,black.png,up_and_out black yellow.png,yellow.png,green right.png,10793
730,green.png,orange.png,black yellow yellow black.png,yellow.png,orange right.png,10794
731,blue.png,yellow.png,orange blue.png,red.png,blue right.png,10795
732,black.png,red.png,orange yellow.png,blue.png,black right.png,10796
733,red.png,green.png,multicolor.png,black.png,yellow left.png,10797
734,green.png,orange.png,left black yellow.png,green.png,orange right.png,10798
735,yellow.png,black.png,green blue.png,yellow.png,black left.png,10799
736,black.png,blue.png,left black yellow.png,red.png,black left.png,10800
737,orange.png,orange.png,down black up red.png,blue.png,green right.png,10801
738,orange.png,yellow.png,yellow green blue.png,orange.png,green left.png,10802
739,red.png,black.png,left black yellow.png,black.png,blue right.png,10803
740,yellow.png,black.png,yellow black black yellow.png,yellow.png,blue right.png,10804
741,orange.png,blue.png,red blue.png,green.png,black left.png,10805
742,blue.png,black.png,red blue.png,orange.png,green right.png,10806
743,blue.png,black.png,green red.png,black.png,blue left.png,10807
744,yellow.png,orange.png,black yellow yellow black.png,orange.png,yellow left.png,10808
745,black.png,yellow.png,black red.png,yellow.png,black right.png,10809
746,green.png,black.png,left black yellow.png,orange.png,black left.png,10810
747,green.png,orange.png,multicolor.png,black.png,blue right.png,10811
748,blue.png,yellow.png,yellow green blue.png,red.png,orange left.png,10812
749,black.png,yellow.png,up_and_out black yellow.png,black.png,green right.png,10813
750,orange.png,yellow.png,black red.png,blue.png,red left.png,10814
751,green.png,orange.png,up_and_out black yellow.png,black.png,black left.png,10815
752,black.png,yellow.png,green yellow.png,yellow.png,black right.png,10816
753,red.png,black.png,green yellow.png,red.png,yellow right.png,10817
754,orange.png,yellow.png,green red.png,orange.png,blue left.png,10818
755,black.png,blue.png,up_and_out black yellow.png,red.png,blue left.png,10819
756,orange.png,orange.png,black yellow yellow black.png,black.png,orange left.png,10820
757,orange.png,black.png,green yellow.png,red.png,yellow left.png,10821
758,blue.png,blue.png,up_and_out black yellow.png,yellow.png,yellow left.png,10822
759,orange.png,green.png,orange yellow.png,red.png,blue right.png,10823
760,orange.png,yellow.png,red blue.png,red.png,green right.png,10824
761,yellow.png,red.png,black yellow.png,blue.png,black left.png,10825
762,green.png,black.png,black yellow.png,green.png,yellow right.png,10826
763,blue.png,green.png,black red.png,black.png,yellow right.png,10827
764,blue.png,black.png,blue red.png,black.png,red left.png,10828
765,blue.png,black.png,green yellow.png,blue.png,green left.png,10829
766,red.png,orange.png,green blue.png,blue.png,green right.png,10830
767,orange.png,red.png,down black up red.png,black.png,red left.png,10831
768,black.png,black.png,black red.png,blue.png,blue right.png,10832
769,blue.png,green.png,green yellow.png,red.png,blue right.png,10833
770,black.png,red.png,green blue.png,red.png,green right.png,10834
771,black.png,orange.png,blue red.png,black.png,orange right.png,10835
772,orange.png,red.png,yellow green blue.png,red.png,green right.png,10836
773,green.png,red.png,green blue.png,red.png,orange left.png,10837
774,blue.png,black.png,black yellow yellow black.png,yellow.png,green left.png,10838
775,yellow.png,red.png,multicolor.png,green.png,green left.png,10839
776,orange.png,red.png,yellow red.png,yellow.png,yellow right.png,10840
777,green.png,green.png,green blue.png,black.png,red left.png,10841
778,yellow.png,blue.png,red blue.png,orange.png,black right.png,10842
779,black.png,red.png,red blue.png,blue.png,black left.png,10843
780,black.png,blue.png,green blue.png,orange.png,blue right.png,10844
781,black.png,blue.png,green yellow.png,blue.png,blue left.png,10845
782,red.png,blue.png,yellow red.png,black.png,orange right.png,10846
783,orange.png,green.png,down black up red.png,yellow.png,yellow left.png,10847
784,blue.png,red.png,blue red.png,yellow.png,black right.png,10848
785,blue.png,green.png,green red.png,blue.png,red left.png,10849
786,yellow.png,black.png,yellow red.png,black.png,blue left.png,10850
787,orange.png,black.png,yellow red.png,blue.png,yellow left.png,10851
788,black.png,orange.png,green blue.png,blue.png,yellow right.png,10852
789,yellow.png,yellow.png,black red.png,green.png,black right.png,10853
790,blue.png,green.png,black yellow.png,black.png,green left.png,10854
791,black.png,orange.png,yellow red.png,blue.png,yellow right.png,10855
792,orange.png,yellow.png,black red.png,black.png,blue right.png,10856
793,red.png,yellow.png,orange blue.png,black.png,green right.png,10857
794,yellow.png,blue.png,yellow green blue.png,yellow.png,green right.png,10858
795,green.png,green.png,green yellow.png,yellow.png,black left.png,10859
796,red.png,orange.png,yellow red.png,green.png,red left.png,10860
797,yellow.png,red.png,left black yellow.png,green.png,orange left.png,10861
798,yellow.png,blue.png,up_and_out black yellow.png,green.png,green right.png,10862
799,red.png,orange.png,black yellow yellow black.png,red.png,green left.png,10863
800,,,,,,10864
801,orange.png,black.png,yellow red.png,orange.png,green left.png,10865
802,black.png,yellow.png,orange blue.png,black.png,yellow left.png,10866
803,blue.png,red.png,multicolor.png,green.png,green right.png,10867
804,yellow.png,red.png,yellow blue.png,yellow.png,green right.png,10868
805,red.png,red.png,blue red.png,green.png,yellow right.png,10869
806,black.png,green.png,yellow red.png,green.png,blue right.png,10870
807,green.png,green.png,down black up red.png,blue.png,green left.png,10871
808,blue.png,blue.png,up_and_out black yellow.png,yellow.png,none.png,10872
809,orange.png,orange.png,yellow black black yellow.png,yellow.png,yellow right.png,10873
810,yellow.png,blue.png,black yellow.png,green.png,red left.png,10874
811,blue.png,green.png,left black yellow.png,blue.png,blue left.png,10875
812,black.png,blue.png,black red.png,green.png,yellow right.png,10876
813,red.png,orange.png,black red.png,yellow.png,orange right.png,10877
814,green.png,yellow.png,down black up red.png,black.png,blue left.png,10878
815,yellow.png,orange.png,green yellow.png,yellow.png,blue left.png,10879
816,red.png,black.png,multicolor.png,orange.png,orange right.png,10880
817,yellow.png,yellow.png,green yellow.png,red.png,black right.png,10881
818,green.png,blue.png,green blue.png,red.png,orange left.png,10882
819,red.png,blue.png,green red.png,red.png,black right.png,10883
820,yellow.png,blue.png,green red.png,red.png,blue left.png,10884
821,blue.png,black.png,orange blue.png,yellow.png,orange right.png,10885
822,blue.png,orange.png,black yellow.png,orange.png,none.png,10886
823,black.png,red.png,left black yellow.png,red.png,orange left.png,10887
824,green.png,yellow.png,multicolor.png,yellow.png,orange left.png,10888
825,blue.png,orange.png,black yellow yellow black.png,green.png,black right.png,10889
826,yellow.png,green.png,red blue.png,green.png,orange left.png,10890
827,red.png,orange.png,yellow red.png,black.png,green right.png,10891
828,red.png,orange.png,yellow blue.png,red.png,red left.png,10892
829,green.png,orange.png,yellow red.png,yellow.png,black right.png,10893
830,black.png,green.png,green blue.png,black.png,orange left.png,10894
831,orange.png,yellow.png,black yellow yellow black.png,red.png,black right.png,10895
832,black.png,orange.png,green yellow.png,yellow.png,red left.png,10896
833,blue.png,blue.png,orange yellow.png,green.png,blue left.png,10897
834,red.png,blue.png,green red.png,green.png,green right.png,10898
835,green.png,red.png,yellow green blue.png,black.png,green left.png,10899
836,green.png,orange.png,down black up red.png,yellow.png,blue left.png,10900
837,red.png,black.png,down black up red.png,orange.png,black left.png,10901
838,green.png,black.png,orange blue.png,black.png,green right.png,10902
839,orange.png,green.png,green red.png,blue.png,blue right.png,10903
840,blue.png,blue.png,multicolor.png,blue.png,black left.png,10904
841,black.png,blue.png,black yellow.png,yellow.png,blue right.png,10905
842,green.png,green.png,yellow red.png,orange.png,none.png,10906
843,blue.png,orange.png,red blue.png,yellow.png,green right.png,10907
844,orange.png,yellow.png,green blue.png,green.png,black left.png,10908
845,orange.png,red.png,orange blue.png,orange.png,black right.png,10909
846,green.png,orange.png,down black up red.png,blue.png,orange left.png,10910
847,red.png,black.png,blue red.png,blue.png,yellow left.png,10911
848,green.png,red.png,multicolor.png,green.png,yellow left.png,10912
849,red.png,orange.png,black red.png,yellow.png,red left.png,10913
850,yellow.png,black.png,green blue.png,green.png,yellow left.png,10914
851,yellow.png,red.png,green yellow.png,green.png,orange left.png,10915
852,yellow.png,blue.png,green yellow.png,orange.png,yellow left.png,10916
853,black.png,orange.png,yellow green blue.png,red.png,black left.png,10917
854,green.png,red.png,black yellow yellow black.png,green.png,black right.png,10918
855,black.png,green.png,yellow red.png,red.png,yellow left.png,10919
856,green.png,orange.png,left black yellow.png,blue.png,green right.png,10920
857,green.png,orange.png,orange yellow.png,red.png,blue right.png,10921
858,black.png,black.png,yellow black black yellow.png,green.png,orange right.png,10922
859,orange.png,green.png,black red.png,orange.png,black left.png,10923
860,orange.png,green.png,black yellow.png,yellow.png,blue left.png,10924
861,black.png,red.png,black yellow.png,green.png,green right.png,10925
862,yellow.png,orange.png,green blue.png,green.png,green left.png,10926
863,blue.png,orange.png,green yellow.png,yellow.png,none.png,10927
864,red.png,black.png,orange blue.png,yellow.png,yellow right.png,10928
865,blue.png,black.png,orange blue.png,yellow.png,orange left.png,10929
866,orange.png,green.png,left black yellow.png,red.png,green left.png,10930
867,blue.png,black.png,yellow green blue.png,red.png,orange left.png,10931
868,green.png,yellow.png,yellow blue.png,green.png,green left.png,10932
869,black.png,red.png,black yellow yellow black.png,yellow.png,black right.png,10933
870,yellow.png,red.png,black red.png,red.png,blue right.png,10934
871,yellow.png,black.png,down black up red.png,black.png,blue left.png,10935
872,green.png,black.png,yellow black black yellow.png,blue.png,blue left.png,10936
873,red.png,black.png,green blue.png,green.png,black left.png,10937
874,orange.png,orange.png,yellow red.png,blue.png,green left.png,10938
875,black.png,blue.png,yellow red.png,green.png,blue left.png,10939
876,yellow.png,black.png,yellow blue.png,green.png,blue left.png,10940
877,red.png,yellow.png,multicolor.png,black.png,orange right.png,10941
878,orange.png,blue.png,orange blue.png,orange.png,blue right.png,10942
879,blue.png,red.png,orange blue.png,orange.png,orange right.png,10943
880,green.png,red.png,orange blue.png,black.png,yellow right.png,10944
881,orange.png,black.png,yellow black black yellow.png,black.png,yellow left.png,10945
882,red.png,black.png,black red.png,orange.png,blue left.png,10946
883,green.png,orange.png,yellow black black yellow.png,black.png,red left.png,10947
884,black.png,green.png,yellow blue.png,green.png,red left.png,10948
885,red.png,red.png,orange yellow.png,yellow.png,orange left.png,10949
886,blue.png,blue.png,down black up red.png,green.png,orange right.png,10950
887,orange.png,yellow.png,orange blue.png,black.png,red left.png,10951
888,yellow.png,red.png,orange yellow.png,black.png,blue left.png,10952
889,black.png,blue.png,blue red.png,green.png,blue left.png,10953
890,red.png,green.png,black yellow yellow black.png,black.png,red left.png,10954
891,red.png,orange.png,black yellow yellow black.png,yellow.png,blue right.png,10955
892,blue.png,blue.png,yellow blue.png,yellow.png,none.png,10956
893,red.png,orange.png,multicolor.png,orange.png,blue right.png,10957
894,yellow.png,red.png,green yellow.png,black.png,green right.png,10958
895,green.png,green.png,down black up red.png,blue.png,blue left.png,10959
896,orange.png,red.png,yellow green blue.png,blue.png,orange right.png,10960
897,red.png,yellow.png,green blue.png,orange.png,green left.png,10961
898,red.png,yellow.png,yellow green blue.png,orange.png,yellow right.png,10962
899,orange.png,blue.png,green red.png,yellow.png,orange right.png,10963
900,red.png,red.png,orange blue.png,black.png,black right.png,10964
901,black.png,red.png,yellow green blue.png,orange.png,black left.png,10965
902,blue.png,black.png,blue red.png,green.png,red left.png,10966
903,orange.png,red.png,yellow red.png,green.png,yellow left.png,10967
904,orange.png,yellow.png,green red.png,yellow.png,green right.png,10968
905,orange.png,yellow.png,orange yellow.png,black.png,yellow right.png,10969
906,green.png,red.png,yellow blue.png,blue.png,none.png,10970
907,green.png,yellow.png,black yellow yellow black.png,black.png,yellow right.png,10971
908,green.png,blue.png,black yellow.png,red.png,yellow left.png,10972
909,green.png,orange.png,blue red.png,yellow.png,orange right.png,10973
910,green.png,yellow.png,black yellow yellow black.png,yellow.png,yellow left.png,10974
911,black.png,blue.png,yellow blue.png,orange.png,yellow left.png,10975
912,black.png,green.png,blue red.png,red.png,blue left.png,10976
913,orange.png,yellow.png,green blue.png,green.png,blue left.png,10977
914,green.png,red.png,black red.png,yellow.png,red left.png,10978
915,red.png,green.png,red blue.png,orange.png,orange right.png,10979
916,blue.png,green.png,green red.png,green.png,orange left.png,10980
917,yellow.png,black.png,orange blue.png,black.png,red left.png,10981
918,blue.png,black.png,black yellow.png,green.png,orange right.png,10982
919,green.png,black.png,orange blue.png,yellow.png,black right.png,10983
920,blue.png,red.png,orange yellow.png,orange.png,green left.png,10984
921,red.png,green.png,yellow black black yellow.png,black.png,black right.png,10985
922,black.png,red.png,left black yellow.png,blue.png,orange right.png,10986
923,orange.png,green.png,red blue.png,blue.png,yellow right.png,10987
924,orange.png,black.png,orange yellow.png,orange.png,black left.png,10988
925,black.png,blue.png,orange yellow.png,blue.png,black left.png,10989
926,yellow.png,red.png,yellow black black yellow.png,green.png,none.png,10990
927,blue.png,blue.png,yellow red.png,black.png,orange right.png,10991
928,yellow.png,yellow.png,green yellow.png,blue.png,yellow right.png,10992
929,blue.png,black.png,green yellow.png,yellow.png,none.png,10993
930,yellow.png,green.png,yellow blue.png,blue.png,orange left.png,10994
931,orange.png,orange.png,yellow red.png,green.png,green right.png,10995
932,yellow.png,green.png,green yellow.png,yellow.png,orange right.png,10996
933,orange.png,yellow.png,black yellow yellow black.png,yellow.png,black left.png,10997
934,orange.png,yellow.png,up_and_out black yellow.png,green.png,blue right.png,10998
935,red.png,green.png,black red.png,black.png,none.png,10999
936,red.png,blue.png,green yellow.png,black.png,green left.png,11000
937,blue.png,black.png,down black up red.png,red.png,yellow left.png,11001
938,blue.png,green.png,up_and_out black yellow.png,black.png,black left.png,11002
939,orange.png,blue.png,blue red.png,orange.png,green left.png,11003
940,red.png,black.png,yellow black black yellow.png,green.png,red left.png,11004
941,black.png,red.png,black yellow yellow black.png,orange.png,black right.png,11005
942,red.png,orange.png,yellow blue.png,blue.png,red left.png,11006
943,orange.png,green.png,down black up red.png,green.png,orange right.png,11007
944,orange.png,yellow.png,orange yellow.png,black.png,green left.png,11008
945,yellow.png,orange.png,green yellow.png,yellow.png,black left.png,11009
946,black.png,orange.png,green blue.png,green.png,blue left.png,11010
947,blue.png,orange.png,left black yellow.png,green.png,blue left.png,11011
948,orange.png,red.png,down black up red.png,orange.png,yellow right.png,11012
949,orange.png,red.png,red blue.png,green.png,black right.png,11013
950,blue.png,blue.png,yellow blue.png,green.png,black right.png,11014
951,green.png,orange.png,green red.png,orange.png,blue left.png,11015
952,red.png,yellow.png,green red.png,black.png,blue left.png,11016
953,black.png,green.png,green blue.png,orange.png,black left.png,11017
954,black.png,black.png,up_and_out black yellow.png,green.png,black left.png,11018
955,green.png,red.png,blue red.png,blue.png,yellow left.png,11019
956,green.png,black.png,black red.png,blue.png,yellow right.png,11020
957,black.png,black.png,black yellow yellow black.png,blue.png,red left.png,11021
958,blue.png,black.png,up_and_out black yellow.png,green.png,red left.png,11022
959,orange.png,orange.png,orange blue.png,orange.png,black right.png,11023
960,black.png,green.png,orange blue.png,orange.png,yellow right.png,11024
961,yellow.png,black.png,black yellow yellow black.png,blue.png,black left.png,11025
962,orange.png,yellow.png,yellow green blue.png,orange.png,blue right.png,11026
963,red.png,orange.png,up_and_out black yellow.png,green.png,red left.png,11027
964,green.png,blue.png,yellow red.png,green.png,yellow left.png,11028
965,orange.png,blue.png,orange yellow.png,black.png,green right.png,11029
966,yellow.png,red.png,yellow blue.png,red.png,yellow left.png,11030
967,yellow.png,yellow.png,up_and_out black yellow.png,black.png,blue right.png,11031
968,orange.png,black.png,yellow red.png,black.png,orange left.png,11032
969,green.png,blue.png,yellow black black yellow.png,yellow.png,green left.png,11033
970,orange.png,red.png,green yellow.png,black.png,none.png,11034
971,blue.png,orange.png,green yellow.png,red.png,none.png,11035
972,red.png,yellow.png,yellow blue.png,blue.png,black right.png,11036
973,green.png,red.png,yellow blue.png,yellow.png,none.png,11037
974,orange.png,orange.png,orange yellow.png,blue.png,black left.png,11038
975,blue.png,green.png,yellow red.png,yellow.png,none.png,11039
976,red.png,black.png,down black up red.png,red.png,blue right.png,11040
977,orange.png,green.png,black red.png,yellow.png,blue right.png,11041
978,green.png,black.png,up_and_out black yellow.png,green.png,black left.png,11042
979,blue.png,yellow.png,green blue.png,orange.png,blue left.png,11043
980,red.png,black.png,yellow blue.png,orange.png,orange right.png,11044
981,black.png,green.png,yellow blue.png,red.png,green left.png,11045
982,green.png,orange.png,black yellow yellow black.png,yellow.png,black left.png,11046
983,red.png,red.png,yellow red.png,blue.png,black right.png,11047
984,black.png,green.png,yellow green blue.png,orange.png,red left.png,11048
985,yellow.png,blue.png,down black up red.png,orange.png,black right.png,11049
986,black.png,green.png,black yellow yellow black.png,red.png,green left.png,11050
987,black.png,blue.png,black yellow.png,red.png,yellow left.png,11051
988,black.png,black.png,black red.png,green.png,orange right.png,11052
989,yellow.png,green.png,yellow red.png,green.png,none.png,11053
990,red.png,blue.png,green blue.png,orange.png,black right.png,11054
991,green.png,green.png,black yellow.png,black.png,black right.png,11055
992,orange.png,yellow.png,orange blue.png,blue.png,orange left.png,11056
993,orange.png,blue.png,up_and_out black yellow.png,black.png,black left.png,11057
994,red.png,red.png,yellow red.png,black.png,yellow right.png,11058
995,blue.png,orange.png,green yellow.png,green.png,black left.png,11059
996,orange.png,orange.png,blue red.png,yellow.png,yellow right.png,11060
997,green.png,orange.png,yellow black black yellow.png,black.png,blue left.png,11061
998,green.png,orange.png,black yellow yellow black.png,orange.png,orange left.png,11062
999,orange.png,orange.png,up_and_out black yellow.png,blue.png,yellow left.png,11063
1000,,,,,,11064
1001,blue.png,green.png,black yellow yellow black.png,blue.png,green left.png,11069
1002,orange.png,yellow.png,orange blue.png,green.png,yellow left.png,11070
1003,orange.png,green.png,black red.png,red.png,orange left.png,11071
1004,green.png,green.png,yellow red.png,yellow.png,orange right.png,11072
1005,blue.png,green.png,black yellow.png,black.png,black right.png,11073
1006,yellow.png,orange.png,green blue.png,blue.png,yellow right.png,11074
1007,orange.png,yellow.png,orange blue.png,orange.png,black right.png,11075
1008,yellow.png,green.png,orange yellow.png,orange.png,yellow right.png,11076
1009,red.png,orange.png,blue red.png,green.png,blue right.png,11077
1010,green.png,blue.png,yellow black black yellow.png,orange.png,orange left.png,11078
1011,black.png,yellow.png,down black up red.png,orange.png,blue right.png,11079
1012,orange.png,green.png,orange yellow.png,red.png,blue left.png,11080
1013,green.png,orange.png,black red.png,yellow.png,green right.png,11081
1014,yellow.png,red.png,green blue.png,blue.png,green right.png,11082
1015,blue.png,green.png,blue red.png,orange.png,blue right.png,11083
1016,blue.png,yellow.png,up_and_out black yellow.png,green.png,black right.png,11084
1017,red.png,yellow.png,left black yellow.png,orange.png,blue right.png,11085
1018,black.png,orange.png,yellow green blue.png,blue.png,green left.png,11086
1019,green.png,black.png,orange blue.png,orange.png,green right.png,11087
1020,red.png,black.png,green blue.png,orange.png,orange left.png,11088
1021,black.png,yellow.png,green red.png,red.png,none.png,11089
1022,black.png,orange.png,green yellow.png,blue.png,black right.png,11090
1023,yellow.png,yellow.png,yellow black black yellow.png,yellow.png,blue right.png,11091
1024,yellow.png,green.png,orange blue.png,orange.png,orange left.png,11092
1025,yellow.png,blue.png,yellow green blue.png,red.png,green right.png,11093
1026,green.png,green.png,black yellow.png,orange.png,black left.png,11094
1027,blue.png,red.png,left black yellow.png,green.png,blue right.png,11095
1028,yellow.png,black.png,black yellow yellow black.png,red.png,green left.png,11096
1029,red.png,red.png,black yellow.png,black.png,yellow left.png,11097
1030,black.png,black.png,yellow black black yellow.png,green.png,yellow left.png,11098
1031,black.png,black.png,green red.png,green.png,blue right.png,11099
1032,red.png,yellow.png,orange blue.png,red.png,orange left.png,11100
1033,blue.png,orange.png,up_and_out black yellow.png,black.png,orange left.png,11101
1034,yellow.png,orange.png,yellow green blue.png,green.png,black left.png,11102
1035,yellow.png,blue.png,orange yellow.png,blue.png,orange left.png,11103
1036,orange.png,red.png,yellow blue.png,yellow.png,black left.png,11104
1037,red.png,orange.png,up_and_out black yellow.png,blue.png,orange right.png,11105
1038,blue.png,green.png,orange yellow.png,green.png,green left.png,11106
1039,green.png,red.png,green yellow.png,black.png,orange left.png,11107
1040,black.png,green.png,multicolor.png,yellow.png,orange right.png,11108
1041,red.png,blue.png,yellow black black yellow.png,green.png,green right.png,11109
1042,black.png,red.png,down black up red.png,green.png,green left.png,11110
1043,green.png,yellow.png,green blue.png,blue.png,red left.png,11111
1044,yellow.png,black.png,multicolor.png,blue.png,orange right.png,11112
1045,orange.png,red.png,yellow green blue.png,black.png,none.png,11113
1046,red.png,green.png,red blue.png,orange.png,orange left.png,11114
1047,green.png,black.png,multicolor.png,orange.png,green left.png,11115
1048,green.png,green.png,orange yellow.png,black.png,blue right.png,11116
1049,black.png,black.png,black yellow yellow black.png,black.png,blue right.png,11117
1050,orange.png,green.png,yellow green blue.png,yellow.png,black left.png,11118
1051,red.png,orange.png,black yellow yellow black.png,yellow.png,black left.png,11119
1052,green.png,blue.png,up_and_out black yellow.png,yellow.png,green left.png,11120
1053,red.png,red.png,black yellow yellow black.png,green.png,green right.png,11121
1054,black.png,orange.png,multicolor.png,orange.png,yellow right.png,11122
1055,orange.png,blue.png,yellow blue.png,yellow.png,yellow right.png,11123
1056,yellow.png,orange.png,yellow blue.png,blue.png,orange right.png,11124
1057,blue.png,blue.png,orange blue.png,blue.png,blue left.png,11125
1058,orange.png,blue.png,green yellow.png,black.png,green right.png,11126
1059,green.png,green.png,blue red.png,blue.png,yellow right.png,11127
1060,red.png,black.png,up_and_out black yellow.png,black.png,yellow right.png,11128
1061,blue.png,red.png,red blue.png,orange.png,black left.png,11129
1062,red.png,orange.png,green blue.png,black.png,black left.png,11130
1063,black.png,black.png,down black up red.png,black.png,black right.png,11131
1064,green.png,green.png,red blue.png,red.png,yellow right.png,11132
1065,blue.png,green.png,yellow blue.png,yellow.png,none.png,11133
1066,green.png,orange.png,orange yellow.png,blue.png,black right.png,11134
1067,black.png,green.png,multicolor.png,orange.png,yellow left.png,11135
1068,green.png,orange.png,red blue.png,green.png,red left.png,11136
1069,black.png,yellow.png,blue red.png,orange.png,yellow left.png,11137
1070,orange.png,red.png,green blue.png,blue.png,blue left.png,11138
1071,yellow.png,black.png,black red.png,blue.png,black right.png,11139
1072,blue.png,yellow.png,yellow green blue.png,blue.png,yellow left.png,11140
1073,yellow.png,red.png,green yellow.png,yellow.png,blue right.png,11141
1074,green.png,red.png,green red.png,blue.png,yellow left.png,11142
1075,blue.png,green.png,multicolor.png,orange.png,black right.png,11143
1076,black.png,yellow.png,blue red.png,red.png,green left.png,11144
1077,red.png,green.png,green red.png,green.png,yellow left.png,11145
1078,green.png,black.png,black yellow.png,blue.png,black left.png,11146
1079,yellow.png,yellow.png,up_and_out black yellow.png,blue.png,orange right.png,11147
1080,blue.png,orange.png,down black up red.png,green.png,green left.png,11148
1081,blue.png,black.png,black yellow yellow black.png,red.png,black left.png,11149
1082,orange.png,red.png,orange blue.png,green.png,blue left.png,11150
1083,orange.png,yellow.png,yellow black black yellow.png,blue.png,blue left.png,11151
1084,orange.png,black.png,left black yellow.png,green.png,none.png,11152
1085,green.png,orange.png,orange yellow.png,red.png,none.png,11153
1086,black.png,black.png,green red.png,orange.png,black right.png,11154
1087,green.png,blue.png,black yellow yellow black.png,blue.png,yellow right.png,11155
1088,red.png,blue.png,yellow blue.png,green.png,none.png,11156
1089,orange.png,green.png,blue red.png,yellow.png,blue right.png,11157
1090,orange.png,yellow.png,black red.png,red.png,blue right.png,11158
1091,blue.png,yellow.png,blue red.png,green.png,black right.png,11159
1092,blue.png,orange.png,orange yellow.png,blue.png,orange right.png,11160
1093,black.png,red.png,blue red.png,red.png,none.png,11161
1094,blue.png,yellow.png,orange yellow.png,green.png,red left.png,11162
1095,blue.png,red.png,orange blue.png,yellow.png,yellow right.png,11163
1096,red.png,blue.png,orange yellow.png,blue.png,red left.png,11164
1097,green.png,red.png,green blue.png,red.png,blue left.png,11165
1098,yellow.png,red.png,yellow black black yellow.png,red.png,green left.png,11166
1099,blue.png,black.png,up_and_out black yellow.png,yellow.png,black right.png,11167
1100,red.png,yellow.png,yellow black black yellow.png,red.png,blue left.png,11168
1101,green.png,green.png,green yellow.png,blue.png,orange right.png,11169
1102,green.png,green.png,green yellow.png,black.png,black left.png,11170
1103,yellow.png,blue.png,green blue.png,green.png,none.png,11171
1104,red.png,yellow.png,blue red.png,blue.png,orange right.png,11172
1105,green.png,red.png,orange blue.png,orange.png,orange left.png,11173
1106,green.png,yellow.png,yellow green blue.png,red.png,blue right.png,11174
1107,blue.png,blue.png,orange blue.png,orange.png,red left.png,11175
1108,yellow.png,blue.png,left black yellow.png,black.png,black left.png,11176
1109,black.png,red.png,green yellow.png,orange.png,green left.png,11177
1110,green.png,green.png,black yellow yellow black.png,yellow.png,red left.png,11178
1111,red.png,black.png,green blue.png,blue.png,yellow left.png,11179
1112,yellow.png,green.png,green red.png,green.png,red left.png,11180
1113,orange.png,orange.png,orange yellow.png,yellow.png,red left.png,11181
1114,black.png,red.png,yellow blue.png,orange.png,green right.png,11182
1115,black.png,black.png,black red.png,black.png,yellow right.png,11183
1116,yellow.png,orange.png,orange blue.png,blue.png,red left.png,11184
1117,green.png,red.png,blue red.png,blue.png,orange right.png,11185
1118,green.png,blue.png,multicolor.png,blue.png,red left.png,11186
1119,yellow.png,black.png,red blue.png,orange.png,green right.png,11187
1120,black.png,black.png,black yellow yellow black.png,red.png,blue left.png,11188
1121,green.png,green.png,green yellow.png,orange.png,blue left.png,11189
1122,green.png,black.png,blue red.png,yellow.png,yellow right.png,11190
1123,blue.png,red.png,up_and_out black yellow.png,red.png,black right.png,11191
1124,green.png,blue.png,green yellow.png,yellow.png,green right.png,11192
1125,yellow.png,black.png,up_and_out black yellow.png,blue.png,orange right.png,11193
1126,green.png,black.png,orange yellow.png,black.png,yellow right.png,11194
1127,yellow.png,blue.png,left black yellow.png,orange.png,black left.png,11195
1128,orange.png,red.png,red blue.png,yellow.png,blue left.png,11196
1129,yellow.png,orange.png,orange yellow.png,orange.png,yellow left.png,11197
1130,yellow.png,red.png,multicolor.png,green.png,blue right.png,11198
1131,blue.png,black.png,multicolor.png,yellow.png,green right.png,11199
1132,yellow.png,blue.png,red blue.png,orange.png,blue right.png,11200
1133,red.png,yellow.png,blue red.png,red.png,orange left.png,11201
1134,red.png,black.png,yellow red.png,blue.png,none.png,11202
1135,yellow.png,yellow.png,green red.png,blue.png,orange right.png,11203
1136,orange.png,green.png,orange yellow.png,green.png,blue left.png,11204
1137,red.png,green.png,yellow black black yellow.png,green.png,green left.png,11205
1138,orange.png,black.png,yellow green blue.png,red.png,red left.png,11206
1139,black.png,yellow.png,orange blue.png,black.png,blue left.png,11207
1140,green.png,orange.png,black yellow.png,orange.png,green right.png,11208
1141,yellow.png,yellow.png,green red.png,yellow.png,none.png,11209
1142,green.png,orange.png,green red.png,blue.png,blue left.png,11210
1143,green.png,blue.png,green red.png,black.png,black left.png,11211
1144,orange.png,green.png,black yellow.png,yellow.png,black right.png,11212
1145,green.png,yellow.png,yellow green blue.png,black.png,yellow right.png,11213
1146,red.png,black.png,black red.png,red.png,orange left.png,11214
1147,green.png,blue.png,yellow blue.png,green.png,black left.png,11215
1148,black.png,orange.png,blue red.png,blue.png,black left.png,11216
1149,blue.png,red.png,red blue.png,green.png,black right.png,11217
1150,red.png,red.png,yellow green blue.png,orange.png,yellow left.png,11218
1151,red.png,green.png,yellow green blue.png,blue.png,black right.png,11219
1152,blue.png,green.png,orange yellow.png,green.png,blue left.png,11220
1153,blue.png,red.png,green blue.png,blue.png,green right.png,11221
1154,red.png,green.png,green yellow.png,blue.png,orange right.png,11222
1155,red.png,blue.png,orange yellow.png,red.png,none.png,11223
1156,green.png,blue.png,black yellow.png,red.png,blue left.png,11224
1157,orange.png,black.png,red blue.png,orange.png,green right.png,11225
1158,red.png,blue.png,red blue.png,orange.png,green right.png,11226
1159,blue.png,orange.png,yellow black black yellow.png,orange.png,yellow left.png,11227
1160,yellow.png,green.png,down black up red.png,blue.png,none.png,11228
1161,black.png,blue.png,red blue.png,orange.png,none.png,11229
1162,red.png,red.png,green yellow.png,yellow.png,orange right.png,11230
1163,blue.png,green.png,green blue.png,green.png,blue left.png,11231
1164,black.png,black.png,green blue.png,red.png,green left.png,11232
1165,orange.png,orange.png,black yellow.png,green.png,red left.png,11233
1166,red.png,red.png,green blue.png,green.png,blue right.png,11234
1167,yellow.png,yellow.png,multicolor.png,black.png,none.png,11235
1168,orange.png,green.png,orange blue.png,red.png,black left.png,11236
1169,orange.png,black.png,yellow black black yellow.png,red.png,yellow right.png,11237
1170,black.png,black.png,orange yellow.png,yellow.png,blue left.png,11238
1171,orange.png,green.png,yellow blue.png,orange.png,orange left.png,11239
1172,green.png,blue.png,green red.png,orange.png,green left.png,11240
1173,black.png,black.png,orange yellow.png,black.png,orange left.png,11241
1174,yellow.png,green.png,red blue.png,black.png,orange right.png,11242
1175,orange.png,yellow.png,yellow black black yellow.png,blue.png,orange left.png,11243
1176,green.png,orange.png,orange yellow.png,green.png,green left.png,11244
1177,black.png,red.png,black yellow yellow black.png,yellow.png,orange left.png,11245
1178,blue.png,blue.png,yellow black black yellow.png,red.png,yellow right.png,11246
1179,black.png,red.png,yellow blue.png,green.png,orange left.png,11247
1180,blue.png,orange.png,black red.png,orange.png,orange left.png,11248
1181,orange.png,blue.png,blue red.png,yellow.png,yellow left.png,11249
1182,blue.png,orange.png,black yellow yellow black.png,blue.png,black right.png,11250
1183,green.png,green.png,down black up red.png,green.png,green left.png,11251
1184,blue.png,orange.png,orange yellow.png,orange.png,yellow right.png,11252
1185,black.png,black.png,left black yellow.png,orange.png,black right.png,11253
1186,red.png,yellow.png,black yellow.png,blue.png,yellow right.png,11254
1187,blue.png,yellow.png,left black yellow.png,red.png,green left.png,11255
1188,yellow.png,green.png,left black yellow.png,red.png,black left.png,11256
1189,green.png,yellow.png,green yellow.png,orange.png,yellow left.png,11257
1190,orange.png,green.png,black red.png,yellow.png,black right.png,11258
1191,red.png,orange.png,green red.png,blue.png,green left.png,11259
1192,yellow.png,yellow.png,yellow red.png,blue.png,yellow left.png,11260
1193,blue.png,red.png,multicolor.png,red.png,red left.png,11261
1194,green.png,green.png,yellow green blue.png,orange.png,red left.png,11262
1195,yellow.png,orange.png,multicolor.png,black.png,green left.png,11263
1196,orange.png,yellow.png,up_and_out black yellow.png,orange.png,yellow left.png,11264
1197,red.png,orange.png,yellow red.png,yellow.png,green right.png,11265
1198,yellow.png,black.png,green blue.png,red.png,green left.png,11266
1199,orange.png,black.png,up_and_out black yellow.png,orange.png,yellow right.png,11267
1200,,,,,,11268
1201,blue.png,yellow.png,red blue.png,red.png,none.png,11269
1202,green.png,green.png,left black yellow.png,black.png,orange right.png,11270
1203,blue.png,red.png,green yellow.png,orange.png,black left.png,11271
1204,orange.png,black.png,green red.png,orange.png,orange left.png,11272
1205,orange.png,red.png,green blue.png,black.png,black right.png,11273
1206,green.png,green.png,black yellow.png,black.png,none.png,11274
1207,yellow.png,black.png,yellow green blue.png,black.png,orange left.png,11275
1208,black.png,yellow.png,orange blue.png,orange.png,orange right.png,11276
1209,green.png,black.png,black yellow.png,yellow.png,green right.png,11277
1210,yellow.png,blue.png,up_and_out black yellow.png,red.png,none.png,11278
1211,black.png,orange.png,yellow blue.png,blue.png,black left.png,11279
1212,black.png,yellow.png,orange blue.png,black.png,black left.png,11280
1213,orange.png,black.png,yellow red.png,green.png,red left.png,11281
1214,blue.png,yellow.png,orange yellow.png,red.png,red left.png,11282
1215,green.png,red.png,red blue.png,green.png,black left.png,11283
1216,blue.png,blue.png,black red.png,green.png,orange right.png,11284
1217,green.png,red.png,black yellow yellow black.png,orange.png,green left.png,11285
1218,orange.png,green.png,red blue.png,black.png,orange left.png,11286
1219,yellow.png,black.png,green blue.png,green.png,blue right.png,11287
1220,blue.png,red.png,black yellow.png,blue.png,red left.png,11288
1221,orange.png,red.png,black yellow.png,red.png,yellow right.png,11289
1222,blue.png,orange.png,blue red.png,green.png,orange left.png,11290
1223,red.png,red.png,yellow green blue.png,red.png,green left.png,11291
1224,black.png,green.png,green yellow.png,orange.png,black left.png,11292
1225,green.png,red.png,orange yellow.png,orange.png,red left.png,11293
1226,black.png,black.png,green blue.png,yellow.png,yellow left.png,11294
1227,orange.png,red.png,green yellow.png,blue.png,none.png,11295
1228,yellow.png,orange.png,black yellow yellow black.png,red.png,green right.png,11296
1229,red.png,green.png,yellow red.png,red.png,black right.png,11297
1230,red.png,blue.png,green red.png,black.png,red left.png,11298
1231,green.png,green.png,left black yellow.png,blue.png,none.png,11299
1232,red.png,green.png,green yellow.png,red.png,blue right.png,11300
1233,green.png,black.png,yellow blue.png,orange.png,red left.png,11301
1234,green.png,yellow.png,yellow blue.png,red.png,black right.png,11302
1235,red.png,red.png,yellow blue.png,green.png,orange right.png,11303
1236,yellow.png,yellow.png,orange blue.png,yellow.png,green right.png,11304
1237,yellow.png,yellow.png,yellow blue.png,green.png,orange left.png,11305
1238,blue.png,blue.png,orange yellow.png,orange.png,orange right.png,11306
1239,red.png,red.png,green red.png,green.png,black left.png,11307
1240,black.png,orange.png,black red.png,yellow.png,orange left.png,11308
1241,yellow.png,black.png,green blue.png,black.png,orange left.png,11309
1242,yellow.png,orange.png,green yellow.png,red.png,none.png,11310
1243,green.png,yellow.png,yellow black black yellow.png,yellow.png,orange right.png,11311
1244,yellow.png,green.png,up_and_out black yellow.png,green.png,black left.png,11312
1245,black.png,red.png,green red.png,orange.png,orange right.png,11313
1246,black.png,blue.png,yellow blue.png,yellow.png,blue right.png,11314
1247,black.png,yellow.png,green red.png,orange.png,blue left.png,11315
1248,red.png,blue.png,orange yellow.png,black.png,black left.png,11316
1249,red.png,blue.png,orange blue.png,green.png,green right.png,11317
1250,green.png,orange.png,black red.png,yellow.png,green left.png,11318
1251,green.png,black.png,black red.png,blue.png,black left.png,11319
1252,green.png,orange.png,yellow green blue.png,red.png,orange left.png,11320
1253,red.png,orange.png,yellow red.png,red.png,black right.png,11321
1254,red.png,blue.png,yellow blue.png,blue.png,blue right.png,11322
1255,yellow.png,orange.png,yellow blue.png,yellow.png,black left.png,11323
1256,black.png,green.png,multicolor.png,orange.png,red left.png,11324
1257,red.png,red.png,left black yellow.png,blue.png,yellow left.png,11325
1258,yellow.png,blue.png,yellow red.png,yellow.png,black right.png,11326
1259,black.png,black.png,up_and_out black yellow.png,green.png,yellow left.png,11327
1260,yellow.png,blue.png,black red.png,orange.png,blue left.png,11328
1261,black.png,orange.png,orange blue.png,red.png,blue left.png,11329
1262,blue.png,orange.png,green red.png,orange.png,black left.png,11330
1263,yellow.png,green.png,up_and_out black yellow.png,red.png,blue left.png,11331
1264,black.png,black.png,red blue.png,red.png,blue right.png,11332
1265,red.png,green.png,green blue.png,red.png,orange left.png,11333
1266,black.png,black.png,yellow green blue.png,yellow.png,blue left.png,11334
1267,green.png,orange.png,left black yellow.png,green.png,black right.png,11335
1268,orange.png,orange.png,black yellow.png,black.png,green right.png,11336
1269,red.png,blue.png,down black up red.png,orange.png,none.png,11337
1270,blue.png,orange.png,multicolor.png,blue.png,red left.png,11338
1271,orange.png,yellow.png,black red.png,green.png,orange left.png,11339
1272,red.png,black.png,green yellow.png,yellow.png,blue left.png,11340
1273,yellow.png,green.png,yellow green blue.png,green.png,blue right.png,11341
1274,black.png,black.png,up_and_out black yellow.png,yellow.png,yellow left.png,11342
1275,black.png,yellow.png,yellow green blue.png,black.png,blue right.png,11343
1276,orange.png,black.png,yellow black black yellow.png,yellow.png,green right.png,11344
1277,black.png,red.png,black red.png,green.png,green right.png,11345
1278,orange.png,blue.png,black red.png,black.png,green left.png,11346
1279,red.png,red.png,yellow blue.png,green.png,green left.png,11347
1280,blue.png,green.png,yellow red.png,blue.png,green left.png,11348
1281,red.png,blue.png,yellow blue.png,red.png,black right.png,11349
1282,yellow.png,green.png,yellow black black yellow.png,yellow.png,green left.png,11350
1283,black.png,orange.png,yellow green blue.png,yellow.png,green right.png,11351
1284,red.png,red.png,orange blue.png,yellow.png,green left.png,11352
1285,yellow.png,orange.png,left black yellow.png,red.png,green right.png,11353
1286,orange.png,orange.png,down black up red.png,blue.png,red left.png,11354
1287,red.png,green.png,down black up red.png,black.png,green right.png,11355
1288,blue.png,orange.png,black yellow.png,orange.png,black right.png,11356
1289,red.png,blue.png,black red.png,red.png,blue right.png,11357
1290,red.png,yellow.png,green red.png,blue.png,green left.png,11358
1291,green.png,red.png,yellow green blue.png,blue.png,green left.png,11359
1292,black.png,orange.png,black red.png,red.png,yellow left.png,11360
1293,green.png,black.png,orange yellow.png,green.png,green right.png,11361
1294,black.png,black.png,black yellow yellow black.png,orange.png,orange left.png,11362
1295,yellow.png,green.png,orange yellow.png,blue.png,black right.png,11363
1296,orange.png,blue.png,blue red.png,green.png,red left.png,11364
1297,red.png,orange.png,yellow blue.png,blue.png,orange left.png,11365
1298,yellow.png,black.png,blue red.png,green.png,yellow left.png,11366
1299,yellow.png,black.png,green red.png,black.png,orange left.png,11367
1300,orange.png,black.png,yellow red.png,red.png,orange left.png,11368
1301,orange.png,green.png,yellow black black yellow.png,red.png,red left.png,11369
1302,green.png,yellow.png,red blue.png,orange.png,orange right.png,11370
1303,green.png,orange.png,yellow green blue.png,yellow.png,none.png,11371
1304,red.png,yellow.png,left black yellow.png,black.png,none.png,11372
1305,red.png,red.png,black red.png,red.png,orange right.png,11373
1306,yellow.png,yellow.png,green red.png,orange.png,black left.png,11374
1307,blue.png,red.png,yellow black black yellow.png,green.png,blue left.png,11375
1308,black.png,black.png,red blue.png,red.png,yellow right.png,11376
1309,orange.png,orange.png,black yellow yellow black.png,yellow.png,yellow left.png,11377
1310,blue.png,yellow.png,red blue.png,red.png,yellow left.png,11378
1311,black.png,red.png,down black up red.png,blue.png,yellow right.png,11379
1312,green.png,green.png,green blue.png,green.png,green left.png,11380
1313,red.png,red.png,green blue.png,yellow.png,blue left.png,11381
1314,red.png,blue.png,blue red.png,blue.png,yellow left.png,11382
1315,black.png,orange.png,multicolor.png,orange.png,none.png,11383
1316,yellow.png,blue.png,yellow blue.png,red.png,blue right.png,11384
1317,blue.png,green.png,yellow red.png,red.png,blue right.png,11385
1318,black.png,red.png,multicolor.png,yellow.png,orange right.png,11386
1319,blue.png,black.png,yellow green blue.png,yellow.png,yellow right.png,11387
1320,yellow.png,orange.png,yellow black black yellow.png,red.png,red left.png,11388
1321,green.png,orange.png,yellow red.png,orange.png,blue left.png,11389
1322,blue.png,blue.png,black yellow.png,green.png,yellow left.png,11390
1323,blue.png,yellow.png,green yellow.png,black.png,blue left.png,11391
1324,green.png,green.png,yellow green blue.png,blue.png,green left.png,11392
1325,blue.png,blue.png,yellow red.png,blue.png,orange left.png,11393
1326,yellow.png,green.png,red blue.png,green.png,orange right.png,11394
1327,orange.png,black.png,left black yellow.png,red.png,yellow left.png,11395
1328,orange.png,red.png,orange blue.png,black.png,blue right.png,11396
1329,orange.png,black.png,orange blue.png,yellow.png,yellow right.png,11397
1330,blue.png,blue.png,black yellow.png,yellow.png,black right.png,11398
1331,orange.png,red.png,green yellow.png,red.png,yellow left.png,11399
1332,red.png,orange.png,up_and_out black yellow.png,green.png,green left.png,11400
1333,red.png,orange.png,black yellow.png,green.png,yellow right.png,11401
1334,green.png,orange.png,orange blue.png,yellow.png,yellow left.png,11402
1335,yellow.png,red.png,left black yellow.png,red.png,red left.png,11403
1336,blue.png,blue.png,down black up red.png,yellow.png,blue right.png,11404
1337,blue.png,black.png,orange blue.png,yellow.png,yellow left.png,11405
1338,yellow.png,green.png,yellow blue.png,red.png,green right.png,11406
1339,yellow.png,red.png,blue red.png,yellow.png,green right.png,11407
1340,black.png,orange.png,yellow blue.png,black.png,none.png,11408
1341,yellow.png,green.png,black yellow.png,orange.png,red left.png,11409
1342,blue.png,orange.png,blue red.png,red.png,green right.png,11410
1343,red.png,yellow.png,orange blue.png,green.png,yellow right.png,11411
1344,blue.png,green.png,multicolor.png,blue.png,orange left.png,11412
1345,orange.png,green.png,black red.png,blue.png,green left.png,11413
1346,blue.png,black.png,green red.png,yellow.png,yellow left.png,11414
1347,orange.png,red.png,blue red.png,blue.png,none.png,11415
1348,yellow.png,yellow.png,green blue.png,yellow.png,none.png,11416
1349,green.png,green.png,black red.png,orange.png,red left.png,11417
1350,yellow.png,yellow.png,left black yellow.png,yellow.png,green left.png,11418
1351,black.png,black.png,red blue.png,orange.png,yellow left.png,11419
1352,black.png,green.png,up_and_out black yellow.png,red.png,red left.png,11420
1353,blue.png,blue.png,up_and_out black yellow.png,green.png,black left.png,11421
1354,black.png,blue.png,green blue.png,yellow.png,orange right.png,11422
1355,blue.png,red.png,green yellow.png,orange.png,none.png,11423
1356,orange.png,blue.png,black red.png,orange.png,none.png,11424
1357,green.png,blue.png,black red.png,green.png,black left.png,11425
1358,green.png,yellow.png,red blue.png,green.png,blue left.png,11426
1359,red.png,orange.png,yellow blue.png,orange.png,yellow left.png,11427
1360,red.png,black.png,green red.png,green.png,yellow left.png,11428
1361,black.png,black.png,multicolor.png,blue.png,orange right.png,11429
1362,red.png,yellow.png,up_and_out black yellow.png,yellow.png,green right.png,11430
1363,blue.png,orange.png,multicolor.png,blue.png,blue right.png,11431
1364,blue.png,black.png,green blue.png,green.png,black right.png,11432
1365,red.png,black.png,red blue.png,yellow.png,black left.png,11433
1366,green.png,red.png,left black yellow.png,black.png,black right.png,11434
1367,red.png,blue.png,black yellow yellow black.png,green.png,orange left.png,11435
1368,blue.png,orange.png,orange yellow.png,orange.png,green left.png,11436
1369,orange.png,blue.png,black yellow.png,black.png,blue left.png,11437
1370,black.png,green.png,up_and_out black yellow.png,blue.png,orange left.png,11438
1371,yellow.png,yellow.png,black red.png,red.png,blue left.png,11439
1372,black.png,yellow.png,black yellow.png,orange.png,black left.png,11440
1373,green.png,red.png,black yellow yellow black.png,black.png,orange left.png,11441
1374,black.png,blue.png,blue red.png,green.png,orange left.png,11442
1375,orange.png,blue.png,up_and_out black yellow.png,black.png,green right.png,11443
1376,blue.png,green.png,green red.png,red.png,yellow right.png,11444
1377,black.png,red.png,green yellow.png,orange.png,black left.png,11445
1378,red.png,green.png,yellow black black yellow.png,green.png,red left.png,11446
1379,red.png,green.png,yellow green blue.png,green.png,none.png,11447
1380,yellow.png,red.png,left black yellow.png,green.png,orange right.png,11448
1381,blue.png,orange.png,black yellow yellow black.png,orange.png,black right.png,11449
1382,orange.png,blue.png,blue red.png,orange.png,green right.png,11450
1383,green.png,green.png,black red.png,yellow.png,blue right.png,11451
1384,blue.png,red.png,green blue.png,black.png,orange left.png,11452
1385,black.png,yellow.png,yellow black black yellow.png,orange.png,none.png,11453
1386,green.png,orange.png,red blue.png,yellow.png,yellow left.png,11454
1387,yellow.png,yellow.png,green blue.png,orange.png,orange right.png,11455
1388,black.png,black.png,green red.png,black.png,black right.png,11456
1389,orange.png,orange.png,black red.png,black.png,orange left.png,11457
1390,black.png,orange.png,red blue.png,yellow.png,none.png,11458
1391,red.png,orange.png,left black yellow.png,black.png,none.png,11459
1392,orange.png,red.png,black yellow.png,green.png,red left.png,11460
1393,red.png,orange.png,yellow black black yellow.png,blue.png,green left.png,11461
1394,blue.png,green.png,yellow black black yellow.png,orange.png,blue left.png,11462
1395,blue.png,yellow.png,down black up red.png,orange.png,yellow right.png,11463
1396,blue.png,green.png,orange blue.png,black.png,green right.png,11464
1397,orange.png,red.png,yellow red.png,red.png,orange left.png,11465
1398,blue.png,orange.png,down black up red.png,red.png,black right.png,11466
1399,red.png,blue.png,green yellow.png,blue.png,yellow right.png,11467
1400,,,,,,11468
1401,green.png,orange.png,down black up red.png,blue.png,yellow left.png,11469
1402,yellow.png,blue.png,left black yellow.png,green.png,yellow left.png,11470
1403,orange.png,orange.png,multicolor.png,black.png,blue right.png,11471
1404,orange.png,green.png,yellow red.png,yellow.png,none.png,11472
1405,green.png,red.png,red blue.png,blue.png,orange left.png,11473
1406,black.png,red.png,multicolor.png,red.png,orange left.png,11474
1407,black.png,black.png,black red.png,black.png,yellow left.png,11475
1408,green.png,orange.png,orange yellow.png,green.png,red left.png,11476
1409,blue.png,red.png,green yellow.png,green.png,blue right.png,11477
1410,black.png,orange.png,yellow red.png,green.png,red left.png,11478
1411,orange.png,red.png,left black yellow.png,orange.png,none.png,11479
1412,black.png,yellow.png,green red.png,red.png,orange left.png,11480
1413,black.png,yellow.png,up_and_out black yellow.png,black.png,orange left.png,11481
1414,green.png,yellow.png,yellow blue.png,orange.png,green right.png,11482
1415,black.png,orange.png,black yellow.png,blue.png,orange left.png,11483
1416,green.png,green.png,orange blue.png,black.png,green left.png,11484
1417,black.png,yellow.png,blue red.png,blue.png,red left.png,11485
1418,yellow.png,yellow.png,multicolor.png,blue.png,green right.png,11486
1419,red.png,yellow.png,yellow blue.png,red.png,orange left.png,11487
1420,blue.png,blue.png,orange yellow.png,black.png,red left.png,11488
1421,black.png,blue.png,left black yellow.png,yellow.png,yellow left.png,11489
1422,yellow.png,yellow.png,black red.png,black.png,black left.png,11490
1423,orange.png,red.png,orange blue.png,yellow.png,blue left.png,11491
1424,red.png,orange.png,up_and_out black yellow.png,blue.png,none.png,11492
1425,blue.png,red.png,yellow black black yellow.png,yellow.png,green right.png,11493
1426,red.png,green.png,yellow blue.png,red.png,yellow left.png,11494
1427,orange.png,green.png,red blue.png,red.png,none.png,11495
1428,blue.png,blue.png,black yellow yellow black.png,red.png,yellow right.png,11496
1429,orange.png,black.png,yellow red.png,blue.png,green left.png,11497
1430,blue.png,blue.png,yellow blue.png,red.png,orange right.png,11498
1431,green.png,black.png,yellow blue.png,yellow.png,blue right.png,11499
1432,blue.png,green.png,left black yellow.png,black.png,red left.png,11500
1433,orange.png,yellow.png,red blue.png,green.png,green right.png,11501
1434,red.png,green.png,orange blue.png,red.png,black right.png,11502
1435,yellow.png,blue.png,multicolor.png,yellow.png,none.png,11503
1436,black.png,orange.png,yellow black black yellow.png,orange.png,black right.png,11504
1437,green.png,blue.png,black red.png,blue.png,green left.png,11505
1438,green.png,yellow.png,black yellow.png,yellow.png,none.png,11506
1439,red.png,red.png,left black yellow.png,orange.png,yellow left.png,11507
1440,black.png,yellow.png,down black up red.png,blue.png,black right.png,11508
1441,yellow.png,red.png,blue red.png,red.png,green left.png,11509
1442,blue.png,black.png,multicolor.png,black.png,red left.png,11510
1443,red.png,red.png,black yellow.png,yellow.png,none.png,11511
1444,blue.png,yellow.png,orange yellow.png,black.png,red left.png,11512
1445,green.png,blue.png,orange blue.png,yellow.png,black right.png,11513
1446,blue.png,green.png,black yellow yellow black.png,black.png,orange left.png,11514
1447,blue.png,blue.png,green red.png,orange.png,orange left.png,11515
1448,orange.png,black.png,black yellow.png,orange.png,black right.png,11516
1449,red.png,red.png,black yellow yellow black.png,blue.png,blue left.png,11517
1450,green.png,blue.png,green blue.png,green.png,black left.png,11518
1451,blue.png,blue.png,black yellow yellow black.png,orange.png,green left.png,11519
1452,yellow.png,blue.png,blue red.png,black.png,blue left.png,11520
1453,yellow.png,orange.png,green red.png,green.png,orange left.png,11521
1454,black.png,orange.png,yellow black black yellow.png,green.png,yellow left.png,11522
1455,yellow.png,blue.png,black yellow yellow black.png,black.png,green left.png,11523
1456,green.png,green.png,blue red.png,black.png,orange left.png,11524
1457,blue.png,yellow.png,green yellow.png,black.png,blue right.png,11525
1458,black.png,orange.png,black yellow.png,black.png,none.png,11526
1459,black.png,blue.png,black yellow.png,orange.png,none.png,11527
1460,green.png,black.png,orange yellow.png,orange.png,orange left.png,11528
1461,blue.png,red.png,green red.png,orange.png,green right.png,11529
1462,green.png,green.png,blue red.png,orange.png,blue right.png,11530
1463,yellow.png,black.png,black yellow yellow black.png,orange.png,orange left.png,11531
1464,orange.png,blue.png,green red.png,orange.png,yellow left.png,11532
1465,yellow.png,yellow.png,yellow green blue.png,yellow.png,orange right.png,11533
1466,red.png,red.png,yellow blue.png,orange.png,orange right.png,11534
1467,red.png,orange.png,left black yellow.png,blue.png,yellow left.png,11535
1468,yellow.png,green.png,green yellow.png,black.png,blue left.png,11536
1469,orange.png,blue.png,multicolor.png,black.png,green right.png,11537
1470,yellow.png,orange.png,orange yellow.png,yellow.png,green left.png,11538
1471,green.png,yellow.png,yellow red.png,blue.png,yellow right.png,11539
1472,orange.png,blue.png,orange blue.png,orange.png,none.png,11540
1473,red.png,green.png,multicolor.png,red.png,green left.png,11541
1474,green.png,blue.png,yellow red.png,orange.png,black left.png,11542
1475,yellow.png,green.png,orange blue.png,orange.png,blue right.png,11543
1476,green.png,yellow.png,black red.png,yellow.png,orange left.png,11544
1477,green.png,green.png,left black yellow.png,orange.png,black left.png,11545
1478,black.png,orange.png,yellow red.png,yellow.png,blue right.png,11546
1479,blue.png,yellow.png,orange blue.png,red.png,blue left.png,11547
1480,blue.png,black.png,orange yellow.png,red.png,blue right.png,11548
1481,red.png,orange.png,black red.png,orange.png,yellow right.png,11549
1482,blue.png,black.png,down black up red.png,green.png,green right.png,11550
1483,blue.png,red.png,green red.png,blue.png,red left.png,11551
1484,green.png,blue.png,red blue.png,yellow.png,none.png,11552
1485,green.png,orange.png,yellow green blue.png,red.png,green right.png,11553
1486,yellow.png,black.png,green blue.png,red.png,black right.png,11554
1487,orange.png,green.png,red blue.png,green.png,black right.png,11555
1488,orange.png,blue.png,up_and_out black yellow.png,green.png,blue left.png,11556
1489,yellow.png,red.png,multicolor.png,blue.png,yellow right.png,11557
1490,red.png,orange.png,green blue.png,yellow.png,red left.png,11558
1491,green.png,yellow.png,black yellow yellow black.png,orange.png,green left.png,11559
1492,yellow.png,black.png,red blue.png,orange.png,orange left.png,11560
1493,orange.png,orange.png,orange yellow.png,red.png,none.png,11561
1494,yellow.png,blue.png,up_and_out black yellow.png,green.png,none.png,11562
1495,orange.png,red.png,up_and_out black yellow.png,blue.png,none.png,11563
1496,red.png,orange.png,blue red.png,red.png,red left.png,11564
1497,green.png,orange.png,down black up red.png,orange.png,black left.png,11565
1498,black.png,black.png,blue red.png,yellow.png,black left.png,11566
1499,yellow.png,black.png,up_and_out black yellow.png,blue.png,yellow right.png,11567
1500,yellow.png,orange.png,blue red.png,yellow.png,black left.png,11568
1501,orange.png,black.png,green blue.png,red.png,red left.png,11569
1502,orange.png,red.png,green red.png,blue.png,black right.png,11570
1503,red.png,black.png,up_and_out black yellow.png,red.png,yellow left.png,11571
1504,black.png,red.png,yellow green blue.png,yellow.png,orange right.png,11572
1505,green.png,orange.png,blue red.png,orange.png,green left.png,11573
1506,yellow.png,orange.png,green red.png,green.png,none.png,11574
1507,yellow.png,red.png,multicolor.png,blue.png,green left.png,11575
1508,yellow.png,black.png,yellow blue.png,green.png,black right.png,11576
1509,orange.png,black.png,green blue.png,black.png,orange right.png,11577
1510,black.png,yellow.png,orange blue.png,yellow.png,blue right.png,11578
1511,blue.png,green.png,yellow black black yellow.png,red.png,green left.png,11579
1512,yellow.png,green.png,multicolor.png,blue.png,black right.png,11580
1513,green.png,yellow.png,multicolor.png,green.png,red left.png,11581
1514,green.png,yellow.png,red blue.png,red.png,black left.png,11582
1515,green.png,orange.png,yellow blue.png,orange.png,orange left.png,11583
1516,yellow.png,red.png,yellow blue.png,orange.png,yellow right.png,11584
1517,red.png,black.png,yellow black black yellow.png,green.png,blue right.png,11585
1518,red.png,green.png,left black yellow.png,green.png,blue left.png,11586
1519,orange.png,red.png,black red.png,blue.png,yellow left.png,11587
1520,red.png,orange.png,black red.png,black.png,yellow left.png,11588
1521,red.png,orange.png,black red.png,black.png,yellow right.png,11589
1522,orange.png,red.png,blue red.png,blue.png,black right.png,11590
1523,blue.png,yellow.png,green red.png,black.png,blue left.png,11591
1524,black.png,red.png,yellow green blue.png,black.png,orange right.png,11592
1525,green.png,yellow.png,multicolor.png,black.png,orange left.png,11593
1526,blue.png,black.png,green blue.png,orange.png,blue right.png,11594
1527,green.png,orange.png,multicolor.png,orange.png,blue right.png,11595
1528,green.png,black.png,black red.png,orange.png,red left.png,11596
1529,black.png,yellow.png,orange yellow.png,red.png,black right.png,11597
1530,orange.png,yellow.png,yellow black black yellow.png,red.png,none.png,11598
1531,yellow.png,black.png,black red.png,orange.png,green left.png,11599
1532,blue.png,yellow.png,down black up red.png,yellow.png,black right.png,11600
1533,orange.png,orange.png,green blue.png,black.png,black right.png,11601
1534,orange.png,orange.png,green red.png,black.png,none.png,11602
1535,red.png,black.png,multicolor.png,black.png,black right.png,11603
1536,orange.png,blue.png,multicolor.png,orange.png,yellow right.png,11604
1537,green.png,red.png,orange blue.png,black.png,none.png,11605
1538,yellow.png,yellow.png,green blue.png,black.png,orange left.png,11606
1539,yellow.png,blue.png,red blue.png,black.png,green right.png,11607
1540,red.png,orange.png,up_and_out black yellow.png,blue.png,green right.png,11608
1541,orange.png,red.png,black red.png,yellow.png,red left.png,11609
1542,yellow.png,orange.png,black yellow.png,red.png,blue right.png,11610
1543,blue.png,orange.png,up_and_out black yellow.png,orange.png,yellow right.png,11611
1544,orange.png,blue.png,black yellow yellow black.png,orange.png,green left.png,11612
1545,blue.png,orange.png,yellow green blue.png,red.png,green right.png,11613
1546,black.png,green.png,green yellow.png,red.png,blue right.png,11614
1547,green.png,blue.png,down black up red.png,green.png,yellow right.png,11615
1548,blue.png,red.png,black red.png,red.png,green left.png,11616
1549,orange.png,red.png,yellow green blue.png,green.png,none.png,11617
1550,orange.png,black.png,up_and_out black yellow.png,yellow.png,black right.png,11618
1551,orange.png,blue.png,blue red.png,blue.png,green right.png,11619
1552,red.png,blue.png,down black up red.png,black.png,none.png,11620
1553,yellow.png,black.png,green blue.png,green.png,orange left.png,11621
1554,red.png,red.png,orange yellow.png,yellow.png,orange right.png,11622
1555,blue.png,orange.png,yellow red.png,blue.png,green right.png,11623
1556,black.png,blue.png,up_and_out black yellow.png,orange.png,black left.png,11624
1557,orange.png,orange.png,red blue.png,black.png,red left.png,11625
1558,blue.png,black.png,black yellow.png,orange.png,black right.png,11626
1559,yellow.png,blue.png,green yellow.png,orange.png,black right.png,11627
1560,blue.png,orange.png,green red.png,red.png,orange right.png,11628
1561,orange.png,blue.png,yellow red.png,red.png,green right.png,11629
1562,yellow.png,green.png,blue red.png,red.png,yellow right.png,11630
1563,red.png,green.png,up_and_out black yellow.png,green.png,black left.png,11631
1564,orange.png,green.png,multicolor.png,black.png,black right.png,11632
1565,orange.png,black.png,yellow black black yellow.png,yellow.png,green left.png,11633
1566,red.png,red.png,black yellow yellow black.png,green.png,black right.png,11634
1567,black.png,orange.png,up_and_out black yellow.png,red.png,black right.png,11635
1568,blue.png,black.png,orange yellow.png,blue.png,orange right.png,11636
1569,yellow.png,red.png,black red.png,red.png,red left.png,11637
1570,blue.png,yellow.png,green yellow.png,black.png,orange left.png,11638
1571,yellow.png,yellow.png,green blue.png,orange.png,blue left.png,11639
1572,red.png,red.png,black red.png,black.png,green left.png,11640
1573,orange.png,red.png,black yellow.png,yellow.png,orange right.png,11641
1574,yellow.png,black.png,orange yellow.png,yellow.png,green right.png,11642
1575,blue.png,yellow.png,orange yellow.png,orange.png,green left.png,11643
1576,orange.png,green.png,down black up red.png,black.png,red left.png,11644
1577,yellow.png,orange.png,down black up red.png,red.png,blue right.png,11645
1578,yellow.png,blue.png,left black yellow.png,green.png,green right.png,11646
1579,yellow.png,green.png,black yellow.png,yellow.png,orange right.png,11647
1580,yellow.png,orange.png,orange blue.png,orange.png,green left.png,11648
1581,green.png,orange.png,green blue.png,red.png,green left.png,11649
1582,green.png,red.png,multicolor.png,blue.png,orange left.png,11650
1583,orange.png,orange.png,orange yellow.png,orange.png,black left.png,11651
1584,yellow.png,blue.png,green blue.png,black.png,blue right.png,11652
1585,green.png,yellow.png,multicolor.png,yellow.png,blue left.png,11653
1586,blue.png,blue.png,down black up red.png,green.png,black left.png,11654
1587,black.png,green.png,yellow red.png,black.png,yellow right.png,11655
1588,green.png,black.png,up_and_out black yellow.png,red.png,orange right.png,11656
1589,black.png,blue.png,green red.png,black.png,black right.png,11657
1590,green.png,red.png,black yellow yellow black.png,blue.png,yellow left.png,11658
1591,yellow.png,orange.png,down black up red.png,green.png,blue right.png,11659
1592,blue.png,red.png,down black up red.png,red.png,blue left.png,11660
1593,green.png,green.png,black yellow.png,orange.png,green left.png,11661
1594,yellow.png,black.png,red blue.png,green.png,red left.png,11662
1595,yellow.png,green.png,green yellow.png,orange.png,none.png,11663
1596,blue.png,red.png,orange yellow.png,red.png,yellow left.png,11664
1597,red.png,orange.png,yellow black black yellow.png,black.png,none.png,11665
1598,red.png,green.png,black yellow.png,green.png,blue left.png,11666
1599,black.png,orange.png,left black yellow.png,red.png,orange left.png,11667
1600,,,,,,11668
1601,red.png,orange.png,yellow green blue.png,black.png,yellow left.png,11669
1602,black.png,orange.png,yellow black black yellow.png,blue.png,green left.png,11670
1603,black.png,yellow.png,orange blue.png,yellow.png,yellow left.png,11671
1604,black.png,yellow.png,green yellow.png,black.png,green right.png,11672
1605,orange.png,green.png,orange yellow.png,yellow.png,orange left.png,11673
1606,red.png,green.png,black yellow.png,blue.png,orange left.png,11674
1607,green.png,yellow.png,down black up red.png,yellow.png,red left.png,11675
1608,blue.png,yellow.png,black yellow yellow black.png,black.png,green right.png,11676
1609,yellow.png,black.png,black yellow yellow black.png,green.png,yellow left.png,11677
1610,yellow.png,red.png,yellow green blue.png,orange.png,orange right.png,11678
1611,green.png,orange.png,yellow blue.png,orange.png,black right.png,11679
1612,blue.png,orange.png,black red.png,green.png,green left.png,11680
1613,black.png,yellow.png,up_and_out black yellow.png,green.png,yellow left.png,11681
1614,yellow.png,green.png,orange blue.png,orange.png,black left.png,11682
1615,red.png,black.png,black red.png,red.png,yellow left.png,11683
1616,blue.png,orange.png,green blue.png,orange.png,yellow right.png,11684
1617,yellow.png,yellow.png,orange yellow.png,black.png,blue right.png,11685
1618,yellow.png,black.png,up_and_out black yellow.png,blue.png,orange left.png,11686
1619,yellow.png,green.png,yellow green blue.png,red.png,orange right.png,11687
1620,red.png,red.png,multicolor.png,green.png,blue right.png,11688
1621,red.png,green.png,up_and_out black yellow.png,orange.png,blue left.png,11689
1622,blue.png,red.png,left black yellow.png,orange.png,orange left.png,11690
1623,black.png,green.png,up_and_out black yellow.png,blue.png,orange right.png,11691
1624,red.png,green.png,green red.png,yellow.png,black right.png,11692
1625,green.png,red.png,multicolor.png,yellow.png,yellow right.png,11693
1626,orange.png,yellow.png,green yellow.png,black.png,black left.png,11694
1627,yellow.png,red.png,green yellow.png,green.png,none.png,11695
1628,blue.png,orange.png,blue red.png,blue.png,green left.png,11696
1629,orange.png,red.png,green blue.png,yellow.png,yellow left.png,11697
1630,orange.png,red.png,green blue.png,blue.png,orange left.png,11698
1631,black.png,green.png,orange yellow.png,green.png,green right.png,11699
1632,blue.png,blue.png,black yellow yellow black.png,orange.png,yellow right.png,11700
1633,orange.png,black.png,orange blue.png,yellow.png,black left.png,11701
1634,red.png,green.png,green red.png,blue.png,red left.png,11702
1635,blue.png,orange.png,multicolor.png,yellow.png,red left.png,11703
1636,black.png,orange.png,green yellow.png,green.png,none.png,11704
1637,red.png,yellow.png,green red.png,yellow.png,black right.png,11705
1638,blue.png,yellow.png,black red.png,green.png,red left.png,11706
1639,orange.png,black.png,yellow black black yellow.png,orange.png,green right.png,11707
1640,green.png,blue.png,up_and_out black yellow.png,blue.png,yellow left.png,11708
1641,yellow.png,red.png,yellow red.png,black.png,red left.png,11709
1642,blue.png,orange.png,down black up red.png,blue.png,orange left.png,11710
1643,orange.png,black.png,red blue.png,black.png,green right.png,11711
1644,red.png,orange.png,multicolor.png,green.png,blue right.png,11712
1645,black.png,green.png,yellow black black yellow.png,green.png,green right.png,11713
1646,orange.png,red.png,yellow red.png,green.png,none.png,11714
1647,orange.png,green.png,green blue.png,blue.png,green left.png,11715
1648,red.png,blue.png,multicolor.png,green.png,blue left.png,11716
1649,red.png,blue.png,orange yellow.png,yellow.png,blue left.png,11717
1650,blue.png,yellow.png,left black yellow.png,blue.png,green left.png,11718
1651,yellow.png,black.png,green yellow.png,blue.png,orange right.png,11719
1652,yellow.png,red.png,green blue.png,blue.png,orange left.png,11720
1653,orange.png,orange.png,yellow red.png,black.png,blue left.png,11721
1654,green.png,blue.png,green red.png,green.png,blue left.png,11722
1655,black.png,yellow.png,orange yellow.png,red.png,black left.png,11723
1656,black.png,green.png,black yellow.png,red.png,orange right.png,11724
1657,orange.png,green.png,yellow red.png,black.png,yellow right.png,11725
1658,black.png,blue.png,multicolor.png,black.png,orange left.png,11726
1659,blue.png,orange.png,green blue.png,blue.png,green left.png,11727
1660,red.png,red.png,black red.png,green.png,black left.png,11728
1661,green.png,black.png,orange yellow.png,red.png,orange right.png,11729
1662,yellow.png,green.png,yellow red.png,green.png,yellow left.png,11730
1663,yellow.png,blue.png,yellow blue.png,orange.png,black left.png,11731
1664,green.png,red.png,orange blue.png,blue.png,black right.png,11732
1665,red.png,blue.png,black yellow.png,black.png,orange left.png,11733
1666,black.png,blue.png,left black yellow.png,blue.png,green left.png,11734
1667,green.png,yellow.png,black red.png,black.png,black right.png,11735
1668,red.png,black.png,yellow black black yellow.png,blue.png,green right.png,11736
1669,black.png,black.png,black yellow yellow black.png,orange.png,none.png,11737
1670,red.png,black.png,up_and_out black yellow.png,blue.png,red left.png,11738
1671,red.png,blue.png,down black up red.png,green.png,blue right.png,11739
1672,red.png,black.png,green blue.png,black.png,yellow left.png,11740
1673,orange.png,blue.png,yellow black black yellow.png,black.png,yellow right.png,11741
1674,yellow.png,red.png,down black up red.png,green.png,green left.png,11742
1675,blue.png,orange.png,black yellow.png,yellow.png,orange left.png,11743
1676,red.png,red.png,orange yellow.png,blue.png,blue left.png,11744
1677,blue.png,yellow.png,green blue.png,blue.png,green left.png,11745
1678,black.png,orange.png,green yellow.png,green.png,blue left.png,11746
1679,green.png,red.png,orange yellow.png,red.png,yellow left.png,11747
1680,orange.png,black.png,black red.png,green.png,green right.png,11748
1681,blue.png,black.png,green blue.png,yellow.png,blue right.png,11749
1682,black.png,red.png,left black yellow.png,blue.png,blue left.png,11750
1683,blue.png,blue.png,black yellow.png,orange.png,yellow left.png,11751
1684,black.png,orange.png,black yellow.png,red.png,green right.png,11752
1685,green.png,blue.png,blue red.png,green.png,red left.png,11753
1686,blue.png,yellow.png,orange blue.png,yellow.png,black left.png,11754
1687,red.png,orange.png,red blue.png,yellow.png,orange left.png,11755
1688,green.png,orange.png,red blue.png,yellow.png,green left.png,11756
1689,yellow.png,orange.png,green yellow.png,yellow.png,none.png,11757
1690,orange.png,blue.png,green yellow.png,yellow.png,none.png,11758
1691,red.png,red.png,green yellow.png,yellow.png,black left.png,11759
1692,green.png,black.png,orange yellow.png,orange.png,green right.png,11760
1693,black.png,orange.png,yellow black black yellow.png,blue.png,none.png,11761
1694,green.png,black.png,yellow green blue.png,orange.png,yellow left.png,11762
1695,black.png,black.png,green blue.png,black.png,blue left.png,11763
1696,red.png,red.png,black red.png,red.png,blue left.png,11764
1697,yellow.png,blue.png,green blue.png,yellow.png,yellow right.png,11765
1698,black.png,green.png,green blue.png,green.png,yellow left.png,11766
1699,black.png,green.png,orange yellow.png,red.png,green right.png,11767
1700,blue.png,black.png,orange yellow.png,blue.png,blue right.png,11768
1701,red.png,black.png,up_and_out black yellow.png,black.png,orange left.png,11769
1702,yellow.png,red.png,yellow black black yellow.png,yellow.png,red left.png,11770
1703,yellow.png,black.png,orange blue.png,green.png,orange right.png,11771
1704,red.png,yellow.png,green yellow.png,blue.png,red left.png,11772
1705,green.png,yellow.png,blue red.png,green.png,green left.png,11773
1706,green.png,red.png,orange blue.png,red.png,red left.png,11774
1707,green.png,black.png,up_and_out black yellow.png,orange.png,blue left.png,11775
1708,green.png,green.png,left black yellow.png,green.png,none.png,11776
1709,orange.png,blue.png,black yellow.png,red.png,none.png,11777
1710,black.png,yellow.png,black red.png,blue.png,black left.png,11778
1711,green.png,blue.png,green blue.png,green.png,red left.png,11779
1712,red.png,orange.png,left black yellow.png,black.png,blue left.png,11780
1713,orange.png,blue.png,orange yellow.png,yellow.png,yellow right.png,11781
1714,red.png,yellow.png,blue red.png,blue.png,blue right.png,11782
1715,blue.png,red.png,orange yellow.png,red.png,green right.png,11783
1716,red.png,yellow.png,yellow red.png,red.png,black left.png,11784
1717,black.png,black.png,yellow red.png,yellow.png,green left.png,11785
1718,green.png,black.png,green blue.png,orange.png,black left.png,11786
1719,black.png,orange.png,green blue.png,orange.png,black left.png,11787
1720,black.png,red.png,yellow blue.png,yellow.png,orange right.png,11788
1721,black.png,yellow.png,yellow green blue.png,orange.png,none.png,11789
1722,yellow.png,red.png,green red.png,yellow.png,orange right.png,11790
1723,orange.png,orange.png,black yellow yellow black.png,red.png,orange left.png,11791
1724,black.png,orange.png,yellow red.png,yellow.png,orange right.png,11792
1725,black.png,orange.png,yellow green blue.png,red.png,green left.png,11793
1726,green.png,black.png,up_and_out black yellow.png,yellow.png,black left.png,11794
1727,orange.png,blue.png,multicolor.png,blue.png,yellow left.png,11795
1728,orange.png,blue.png,down black up red.png,black.png,black left.png,11796
1729,yellow.png,orange.png,yellow red.png,orange.png,black left.png,11797
1730,red.png,black.png,black yellow.png,red.png,blue left.png,11798
1731,blue.png,blue.png,green red.png,yellow.png,orange left.png,11799
1732,green.png,orange.png,yellow black black yellow.png,yellow.png,blue right.png,11800
1733,blue.png,orange.png,black yellow.png,green.png,red left.png,11801
1734,green.png,green.png,down black up red.png,orange.png,black left.png,11802
1735,green.png,blue.png,yellow green blue.png,yellow.png,yellow right.png,11803
1736,orange.png,orange.png,orange yellow.png,yellow.png,yellow right.png,11804
1737,red.png,orange.png,blue red.png,green.png,yellow right.png,11805
1738,green.png,blue.png,yellow red.png,green.png,orange right.png,11806
1739,red.png,orange.png,yellow blue.png,red.png,blue right.png,11807
1740,yellow.png,yellow.png,orange yellow.png,yellow.png,yellow right.png,11808
1741,yellow.png,black.png,yellow green blue.png,black.png,blue left.png,11809
1742,yellow.png,green.png,down black up red.png,black.png,orange right.png,11810
1743,yellow.png,blue.png,multicolor.png,yellow.png,orange left.png,11811
1744,green.png,yellow.png,orange blue.png,blue.png,red left.png,11812
1745,black.png,yellow.png,black red.png,yellow.png,green left.png,11813
1746,yellow.png,orange.png,yellow blue.png,green.png,red left.png,11814
1747,blue.png,black.png,yellow green blue.png,green.png,red left.png,11815
1748,yellow.png,green.png,up_and_out black yellow.png,blue.png,green left.png,11816
1749,red.png,orange.png,green red.png,red.png,none.png,11817
1750,yellow.png,red.png,up_and_out black yellow.png,yellow.png,orange right.png,11818
1751,yellow.png,blue.png,orange blue.png,orange.png,blue left.png,11819
1752,red.png,black.png,yellow red.png,black.png,blue left.png,11820
1753,green.png,yellow.png,multicolor.png,blue.png,green left.png,11821
1754,yellow.png,green.png,multicolor.png,green.png,green left.png,11822
1755,black.png,orange.png,green yellow.png,green.png,green right.png,11823
1756,yellow.png,black.png,black yellow.png,black.png,green right.png,11824
1757,orange.png,black.png,left black yellow.png,yellow.png,green right.png,11825
1758,black.png,orange.png,yellow black black yellow.png,orange.png,orange left.png,11826
1759,black.png,black.png,green blue.png,yellow.png,blue right.png,11827
1760,orange.png,orange.png,green yellow.png,red.png,black left.png,11828
1761,orange.png,black.png,up_and_out black yellow.png,black.png,black left.png,11829
1762,black.png,orange.png,yellow green blue.png,green.png,red left.png,11830
1763,yellow.png,yellow.png,yellow green blue.png,green.png,orange right.png,11831
1764,green.png,black.png,black yellow yellow black.png,yellow.png,black left.png,11832
1765,red.png,yellow.png,multicolor.png,green.png,orange left.png,11833
1766,yellow.png,orange.png,green yellow.png,orange.png,orange right.png,11834
1767,blue.png,blue.png,yellow green blue.png,red.png,blue left.png,11835
1768,yellow.png,blue.png,green blue.png,yellow.png,blue right.png,11836
1769,yellow.png,green.png,green red.png,orange.png,yellow right.png,11837
1770,orange.png,black.png,red blue.png,red.png,none.png,11838
1771,red.png,orange.png,down black up red.png,orange.png,green left.png,11839
1772,green.png,red.png,orange yellow.png,orange.png,yellow left.png,11840
1773,blue.png,blue.png,multicolor.png,black.png,black right.png,11841
1774,red.png,orange.png,multicolor.png,orange.png,black right.png,11842
1775,black.png,blue.png,up_and_out black yellow.png,green.png,green left.png,11843
1776,blue.png,black.png,left black yellow.png,red.png,green right.png,11844
1777,orange.png,red.png,orange yellow.png,yellow.png,black left.png,11845
1778,red.png,orange.png,yellow red.png,blue.png,red left.png,11846
1779,red.png,red.png,yellow blue.png,yellow.png,blue right.png,11847
1780,black.png,green.png,black red.png,black.png,none.png,11848
1781,orange.png,yellow.png,yellow red.png,black.png,black right.png,11849
1782,blue.png,black.png,red blue.png,yellow.png,none.png,11850
1783,green.png,red.png,black yellow yellow black.png,blue.png,black right.png,11851
1784,orange.png,blue.png,red blue.png,red.png,black right.png,11852
1785,yellow.png,blue.png,yellow blue.png,green.png,orange left.png,11853
1786,red.png,orange.png,red blue.png,red.png,green left.png,11854
1787,orange.png,red.png,green red.png,red.png,black left.png,11855
1788,orange.png,black.png,black red.png,green.png,black left.png,11856
1789,black.png,blue.png,black yellow yellow black.png,yellow.png,black right.png,11857
1790,blue.png,green.png,yellow red.png,orange.png,orange left.png,11858
1791,green.png,black.png,yellow red.png,red.png,black left.png,11859
1792,blue.png,green.png,yellow green blue.png,yellow.png,black right.png,11860
1793,black.png,blue.png,yellow black black yellow.png,green.png,blue left.png,11861
1794,black.png,yellow.png,green red.png,black.png,black right.png,11862
1795,blue.png,orange.png,down black up red.png,yellow.png,green right.png,11863
1796,yellow.png,green.png,yellow red.png,orange.png,green right.png,11864
1797,red.png,black.png,orange yellow.png,yellow.png,yellow right.png,11865
1798,red.png,green.png,black yellow yellow black.png,yellow.png,green right.png,11866
1799,orange.png,red.png,orange yellow.png,yellow.png,orange right.png,11867
1800,,,,,,11868
1801,yellow.png,orange.png,yellow red.png,red.png,orange left.png,11869
1802,yellow.png,blue.png,left black yellow.png,blue.png,yellow right.png,11870
1803,orange.png,yellow.png,black yellow.png,red.png,none.png,11871
1804,orange.png,black.png,red blue.png,yellow.png,none.png,11872
1805,red.png,black.png,yellow green blue.png,black.png,blue right.png,11873
1806,blue.png,green.png,black yellow.png,blue.png,black right.png,11874
1807,orange.png,blue.png,red blue.png,green.png,black right.png,11875
1808,blue.png,black.png,yellow red.png,red.png,none.png,11876
1809,black.png,yellow.png,up_and_out black yellow.png,green.png,red left.png,11877
1810,blue.png,red.png,up_and_out black yellow.png,orange.png,green left.png,11878
1811,green.png,blue.png,yellow red.png,black.png,orange left.png,11879
1812,black.png,red.png,multicolor.png,blue.png,green right.png,11880
1813,orange.png,yellow.png,black yellow yellow black.png,blue.png,blue left.png,11881
1814,blue.png,black.png,green blue.png,orange.png,orange left.png,11882
1815,red.png,blue.png,green blue.png,green.png,blue right.png,11883
1816,orange.png,orange.png,yellow green blue.png,orange.png,green left.png,11884
1817,red.png,black.png,orange blue.png,green.png,yellow right.png,11885
1818,orange.png,red.png,yellow green blue.png,blue.png,yellow left.png,11886
1819,orange.png,black.png,black yellow.png,black.png,red left.png,11887
1820,red.png,orange.png,left black yellow.png,orange.png,yellow left.png,11888
1821,red.png,orange.png,down black up red.png,red.png,blue right.png,11889
1822,blue.png,black.png,black yellow.png,red.png,blue left.png,11890
1823,orange.png,green.png,black red.png,blue.png,red left.png,11891
1824,orange.png,green.png,yellow red.png,blue.png,black left.png,11892
1825,red.png,green.png,yellow black black yellow.png,black.png,orange right.png,11893
1826,orange.png,yellow.png,black yellow yellow black.png,green.png,green right.png,11894
1827,black.png,blue.png,blue red.png,blue.png,red left.png,11895
1828,blue.png,black.png,black yellow yellow black.png,green.png,black right.png,11896
1829,yellow.png,green.png,yellow black black yellow.png,black.png,green right.png,11897
1830,black.png,black.png,multicolor.png,red.png,orange right.png,11898
1831,black.png,green.png,orange blue.png,orange.png,orange right.png,11899
1832,blue.png,green.png,left black yellow.png,black.png,green right.png,11900
1833,yellow.png,red.png,green yellow.png,blue.png,yellow right.png,11901
1834,orange.png,blue.png,black yellow.png,yellow.png,green right.png,11902
1835,green.png,orange.png,yellow black black yellow.png,orange.png,yellow right.png,11903
1836,green.png,blue.png,down black up red.png,yellow.png,orange right.png,11904
1837,blue.png,green.png,green red.png,orange.png,green right.png,11905
1838,black.png,green.png,black yellow.png,blue.png,orange left.png,11906
1839,orange.png,black.png,up_and_out black yellow.png,black.png,orange right.png,11907
1840,yellow.png,blue.png,multicolor.png,green.png,yellow right.png,11908
1841,black.png,black.png,left black yellow.png,yellow.png,red left.png,11909
1842,blue.png,red.png,down black up red.png,black.png,blue left.png,11910
1843,yellow.png,yellow.png,left black yellow.png,blue.png,red left.png,11911
1844,orange.png,green.png,orange yellow.png,black.png,red left.png,11912
1845,orange.png,black.png,green red.png,black.png,blue right.png,11913
1846,yellow.png,orange.png,orange blue.png,blue.png,orange left.png,11914
1847,yellow.png,red.png,down black up red.png,yellow.png,none.png,11915
1848,orange.png,yellow.png,green blue.png,yellow.png,red left.png,11916
1849,red.png,green.png,up_and_out black yellow.png,red.png,blue left.png,11917
1850,black.png,green.png,black yellow.png,green.png,yellow left.png,11918
1851,blue.png,blue.png,black red.png,green.png,orange left.png,11919
1852,orange.png,black.png,left black yellow.png,yellow.png,yellow left.png,11920
1853,green.png,green.png,green blue.png,green.png,orange right.png,11921
1854,black.png,black.png,up_and_out black yellow.png,orange.png,yellow right.png,11922
1855,blue.png,orange.png,green red.png,blue.png,red left.png,11923
1856,black.png,black.png,yellow black black yellow.png,orange.png,red left.png,11924
1857,yellow.png,black.png,red blue.png,blue.png,blue right.png,11925
1858,black.png,orange.png,blue red.png,yellow.png,black right.png,11926
1859,black.png,orange.png,green blue.png,orange.png,orange right.png,11927
1860,orange.png,yellow.png,yellow blue.png,red.png,none.png,11928
1861,black.png,yellow.png,multicolor.png,green.png,none.png,11929
1862,yellow.png,black.png,green yellow.png,yellow.png,red left.png,11930
1863,green.png,red.png,up_and_out black yellow.png,yellow.png,black left.png,11931
1864,green.png,red.png,multicolor.png,yellow.png,blue left.png,11932
1865,orange.png,blue.png,black yellow.png,orange.png,green right.png,11933
1866,orange.png,orange.png,black red.png,red.png,green left.png,11934
1867,red.png,blue.png,orange yellow.png,yellow.png,green left.png,11935
1868,yellow.png,black.png,green red.png,green.png,blue left.png,11936
1869,red.png,yellow.png,yellow red.png,yellow.png,green right.png,11937
1870,orange.png,green.png,black red.png,green.png,black right.png,11938
1871,red.png,orange.png,black yellow.png,red.png,blue right.png,11939
1872,orange.png,black.png,green blue.png,blue.png,orange right.png,11940
1873,green.png,green.png,red blue.png,green.png,orange left.png,11941
1874,black.png,orange.png,down black up red.png,yellow.png,orange left.png,11942
1875,yellow.png,black.png,down black up red.png,blue.png,none.png,11943
1876,green.png,red.png,blue red.png,blue.png,yellow right.png,11944
1877,black.png,green.png,black yellow.png,black.png,orange right.png,11945
1878,yellow.png,yellow.png,down black up red.png,blue.png,black left.png,11946
1879,orange.png,yellow.png,green yellow.png,yellow.png,red left.png,11947
1880,black.png,red.png,left black yellow.png,red.png,black left.png,11948
1881,black.png,black.png,blue red.png,yellow.png,blue left.png,11949
1882,blue.png,red.png,orange yellow.png,black.png,orange left.png,11950
1883,yellow.png,blue.png,black yellow.png,blue.png,black left.png,11951
1884,red.png,orange.png,yellow black black yellow.png,blue.png,orange right.png,11952
1885,orange.png,orange.png,black red.png,yellow.png,green left.png,11953
1886,green.png,blue.png,yellow black black yellow.png,yellow.png,black right.png,11954
1887,yellow.png,green.png,green red.png,black.png,blue left.png,11955
1888,black.png,black.png,orange yellow.png,blue.png,blue right.png,11956
1889,orange.png,yellow.png,up_and_out black yellow.png,green.png,red left.png,11957
1890,red.png,yellow.png,black yellow yellow black.png,blue.png,red left.png,11958
1891,blue.png,black.png,black yellow.png,orange.png,green right.png,11959
1892,red.png,green.png,down black up red.png,blue.png,yellow right.png,11960
1893,black.png,green.png,yellow red.png,blue.png,green right.png,11961
1894,yellow.png,green.png,yellow black black yellow.png,blue.png,red left.png,11962
1895,black.png,black.png,blue red.png,green.png,orange left.png,11963
1896,black.png,blue.png,left black yellow.png,green.png,green left.png,11964
1897,green.png,red.png,green red.png,orange.png,red left.png,11965
1898,green.png,black.png,left black yellow.png,black.png,yellow left.png,11966
1899,blue.png,yellow.png,blue red.png,orange.png,none.png,11967
1900,black.png,blue.png,green yellow.png,orange.png,black right.png,11968
1901,yellow.png,orange.png,green yellow.png,black.png,black left.png,11969
1902,yellow.png,red.png,black red.png,green.png,orange left.png,11970
1903,green.png,blue.png,orange yellow.png,yellow.png,black left.png,11971
1904,orange.png,orange.png,green yellow.png,orange.png,blue right.png,11972
1905,green.png,red.png,green red.png,green.png,orange right.png,11973
1906,black.png,blue.png,green red.png,black.png,orange left.png,11974
1907,blue.png,red.png,red blue.png,black.png,none.png,11975
1908,red.png,green.png,green yellow.png,black.png,orange right.png,11976
1909,orange.png,black.png,black yellow.png,orange.png,green right.png,11977
1910,orange.png,green.png,multicolor.png,blue.png,black right.png,11978
1911,yellow.png,orange.png,up_and_out black yellow.png,green.png,yellow right.png,11979
1912,red.png,black.png,blue red.png,orange.png,blue right.png,11980
1913,green.png,black.png,green blue.png,red.png,orange left.png,11981
1914,orange.png,orange.png,black red.png,orange.png,blue left.png,11982
1915,yellow.png,green.png,yellow green blue.png,yellow.png,yellow left.png,11983
1916,black.png,yellow.png,orange blue.png,black.png,black right.png,11984
1917,yellow.png,yellow.png,black yellow yellow black.png,black.png,green left.png,11985
1918,green.png,orange.png,black red.png,yellow.png,yellow left.png,11986
1919,black.png,red.png,black yellow.png,blue.png,yellow right.png,11987
1920,orange.png,yellow.png,black red.png,green.png,orange right.png,11988
1921,black.png,green.png,multicolor.png,black.png,black right.png,11989
1922,green.png,red.png,down black up red.png,orange.png,black right.png,11990
1923,blue.png,orange.png,black yellow.png,orange.png,green left.png,11991
1924,orange.png,black.png,yellow red.png,orange.png,yellow right.png,11992
1925,green.png,yellow.png,yellow black black yellow.png,orange.png,orange left.png,11993
1926,green.png,black.png,red blue.png,black.png,blue left.png,11994
1927,green.png,blue.png,orange yellow.png,yellow.png,yellow right.png,11995
1928,black.png,blue.png,yellow green blue.png,red.png,green right.png,11996
1929,green.png,red.png,green blue.png,blue.png,blue left.png,11997
1930,green.png,yellow.png,multicolor.png,yellow.png,none.png,11998
1931,black.png,black.png,green blue.png,red.png,red left.png,11999
1932,black.png,black.png,down black up red.png,orange.png,none.png,12000
1933,black.png,yellow.png,green red.png,black.png,none.png,12001
1934,red.png,yellow.png,yellow red.png,red.png,orange right.png,12002
1935,black.png,yellow.png,yellow blue.png,orange.png,green right.png,12003
1936,yellow.png,green.png,multicolor.png,blue.png,black left.png,12004
1937,orange.png,black.png,red blue.png,yellow.png,orange right.png,12005
1938,black.png,orange.png,green red.png,green.png,red left.png,12006
1939,blue.png,black.png,green blue.png,blue.png,orange left.png,12007
1940,black.png,red.png,left black yellow.png,orange.png,green left.png,12008
1941,black.png,blue.png,black yellow yellow black.png,yellow.png,orange right.png,12009
1942,orange.png,orange.png,yellow green blue.png,orange.png,red left.png,12010
1943,red.png,green.png,up_and_out black yellow.png,red.png,orange left.png,12011
1944,red.png,orange.png,green red.png,yellow.png,yellow right.png,12012
1945,orange.png,yellow.png,orange yellow.png,red.png,none.png,12013
1946,black.png,yellow.png,left black yellow.png,green.png,orange right.png,12014
1947,blue.png,red.png,multicolor.png,yellow.png,blue right.png,12015
1948,yellow.png,orange.png,green yellow.png,black.png,orange right.png,12016
1949,red.png,orange.png,red blue.png,orange.png,black right.png,12017
1950,orange.png,red.png,orange yellow.png,red.png,orange right.png,12018
1951,black.png,green.png,orange yellow.png,blue.png,green right.png,12019
1952,orange.png,blue.png,up_and_out black yellow.png,blue.png,orange right.png,12020
1953,yellow.png,yellow.png,multicolor.png,blue.png,black right.png,12021
1954,blue.png,green.png,black yellow yellow black.png,orange.png,green left.png,12022
1955,yellow.png,red.png,yellow green blue.png,blue.png,none.png,12023
1956,black.png,blue.png,red blue.png,yellow.png,orange right.png,12024
1957,green.png,red.png,down black up red.png,orange.png,blue right.png,12025
1958,black.png,blue.png,green blue.png,green.png,none.png,12026
1959,blue.png,red.png,up_and_out black yellow.png,yellow.png,blue left.png,12027
1960,blue.png,red.png,yellow black black yellow.png,red.png,none.png,12028
1961,orange.png,orange.png,red blue.png,orange.png,blue right.png,12029
1962,blue.png,red.png,yellow blue.png,red.png,yellow left.png,12030
1963,yellow.png,yellow.png,black yellow yellow black.png,yellow.png,blue left.png,12031
1964,black.png,orange.png,left black yellow.png,black.png,orange right.png,12032
1965,orange.png,orange.png,multicolor.png,blue.png,orange left.png,12033
1966,black.png,red.png,left black yellow.png,red.png,black right.png,12034
1967,orange.png,red.png,yellow blue.png,yellow.png,orange right.png,12035
1968,green.png,orange.png,orange yellow.png,red.png,orange left.png,12036
1969,black.png,yellow.png,black yellow yellow black.png,green.png,none.png,12037
1970,green.png,black.png,black red.png,yellow.png,orange left.png,12038
1971,red.png,orange.png,green blue.png,red.png,blue right.png,12039
1972,red.png,blue.png,orange yellow.png,black.png,yellow right.png,12040
1973,orange.png,yellow.png,left black yellow.png,black.png,green right.png,12041
1974,green.png,green.png,left black yellow.png,yellow.png,red left.png,12042
1975,yellow.png,orange.png,black yellow yellow black.png,blue.png,green right.png,12043
1976,black.png,orange.png,blue red.png,red.png,green right.png,12044
1977,black.png,orange.png,black red.png,yellow.png,orange right.png,12045
1978,green.png,blue.png,yellow green blue.png,yellow.png,blue right.png,12046
1979,green.png,black.png,yellow green blue.png,blue.png,blue left.png,12047
1980,black.png,orange.png,black red.png,black.png,orange left.png,12048
1981,green.png,yellow.png,yellow black black yellow.png,green.png,black right.png,12049
1982,green.png,red.png,yellow blue.png,black.png,blue left.png,12050
1983,green.png,black.png,black red.png,green.png,blue left.png,12051
1984,green.png,red.png,yellow blue.png,black.png,red left.png,12052
1985,green.png,blue.png,black yellow yellow black.png,red.png,orange left.png,12053
1986,orange.png,black.png,orange blue.png,blue.png,green left.png,12054
1987,green.png,red.png,orange blue.png,black.png,orange left.png,12055
1988,orange.png,orange.png,orange yellow.png,blue.png,green left.png,12056
1989,blue.png,yellow.png,yellow blue.png,black.png,blue right.png,12057
1990,orange.png,yellow.png,yellow black black yellow.png,blue.png,green right.png,12058
1991,red.png,orange.png,yellow black black yellow.png,green.png,blue right.png,12059
1992,orange.png,blue.png,blue red.png,green.png,green right.png,12060
1993,yellow.png,black.png,multicolor.png,yellow.png,green left.png,12061
1994,red.png,blue.png,black yellow.png,blue.png,yellow left.png,12062
1995,blue.png,blue.png,yellow black black yellow.png,green.png,orange right.png,12063
1996,black.png,blue.png,orange blue.png,black.png,black left.png,12064
1997,yellow.png,green.png,green blue.png,yellow.png,black right.png,12065
1998,orange.png,orange.png,yellow black black yellow.png,blue.png,yellow left.png,12066
1999,black.png,red.png,orange yellow.png,black.png,green left.png,12067
2000,,,,,,12068
2001,yellow.png,green.png,down black up red.png,blue.png,yellow right.png,55069
2002,yellow.png,blue.png,yellow green blue.png,yellow.png,orange left.png,55070
2003,red.png,yellow.png,green yellow.png,black.png,orange left.png,55071
2004,blue.png,yellow.png,left black yellow.png,black.png,black left.png,55072
2005,black.png,green.png,down black up red.png,green.png,green left.png,55073
2006,yellow.png,black.png,green blue.png,black.png,blue left.png,55074
2007,red.png,red.png,yellow green blue.png,green.png,none.png,55075
2008,blue.png,blue.png,red blue.png,black.png,green left.png,55076
2009,blue.png,blue.png,black yellow.png,orange.png,none.png,55077
2010,green.png,green.png,multicolor.png,yellow.png,yellow left.png,55078
2011,green.png,black.png,yellow red.png,blue.png,yellow right.png,55079
2012,green.png,black.png,red blue.png,yellow.png,red left.png,55080
2013,orange.png,black.png,orange blue.png,green.png,yellow left.png,55081
2014,blue.png,black.png,yellow blue.png,blue.png,green left.png,55082
2015,green.png,orange.png,black red.png,yellow.png,blue left.png,55083
2016,green.png,green.png,multicolor.png,green.png,yellow right.png,55084
2017,green.png,orange.png,yellow red.png,red.png,black left.png,55085
2018,orange.png,green.png,orange yellow.png,green.png,yellow left.png,55086
2019,red.png,blue.png,orange blue.png,yellow.png,black right.png,55087
2020,orange.png,orange.png,down black up red.png,blue.png,none.png,55088
2021,green.png,orange.png,green yellow.png,red.png,red left.png,55089
2022,blue.png,blue.png,down black up red.png,orange.png,red left.png,55090
2023,yellow.png,blue.png,yellow black black yellow.png,green.png,blue right.png,55091
2024,red.png,yellow.png,yellow blue.png,orange.png,red left.png,55092
2025,red.png,green.png,yellow red.png,black.png,orange left.png,55093
2026,green.png,black.png,black red.png,black.png,orange left.png,55094
2027,black.png,black.png,up_and_out black yellow.png,black.png,blue left.png,55095
2028,yellow.png,orange.png,yellow red.png,red.png,yellow right.png,55096
2029,red.png,blue.png,green yellow.png,red.png,orange right.png,55097
2030,orange.png,red.png,yellow red.png,red.png,black left.png,55098
2031,yellow.png,yellow.png,yellow green blue.png,orange.png,black right.png,55099
2032,green.png,blue.png,black yellow.png,black.png,black right.png,55100
2033,orange.png,black.png,yellow red.png,orange.png,blue left.png,55101
2034,red.png,black.png,up_and_out black yellow.png,red.png,red left.png,55102
2035,yellow.png,blue.png,orange yellow.png,red.png,blue right.png,55103
2036,black.png,orange.png,yellow red.png,red.png,yellow right.png,55104
2037,black.png,yellow.png,black yellow yellow black.png,yellow.png,none.png,55105
2038,green.png,green.png,yellow blue.png,red.png,orange left.png,55106
2039,orange.png,black.png,green blue.png,orange.png,green left.png,55107
2040,orange.png,yellow.png,down black up red.png,red.png,green right.png,55108
2041,orange.png,blue.png,up_and_out black yellow.png,black.png,orange left.png,55109
2042,yellow.png,red.png,red blue.png,black.png,blue right.png,55110
2043,orange.png,black.png,black yellow yellow black.png,black.png,orange right.png,55111
2044,yellow.png,blue.png,multicolor.png,green.png,black left.png,55112
2045,green.png,yellow.png,multicolor.png,green.png,yellow left.png,55113
2046,black.png,orange.png,black yellow.png,blue.png,red left.png,55114
2047,green.png,black.png,black red.png,orange.png,blue left.png,55115
2048,yellow.png,black.png,up_and_out black yellow.png,orange.png,green left.png,55116
2049,red.png,red.png,down black up red.png,black.png,black left.png,55117
2050,black.png,green.png,green red.png,black.png,yellow left.png,55118
2051,red.png,orange.png,green red.png,black.png,none.png,55119
2052,blue.png,blue.png,red blue.png,red.png,blue right.png,55120
2053,black.png,black.png,yellow blue.png,black.png,black left.png,55121
2054,orange.png,black.png,yellow green blue.png,red.png,yellow right.png,55122
2055,yellow.png,blue.png,multicolor.png,black.png,green right.png,55123
2056,yellow.png,blue.png,green blue.png,green.png,black right.png,55124
2057,black.png,green.png,black yellow.png,blue.png,none.png,55125
2058,green.png,blue.png,up_and_out black yellow.png,green.png,blue left.png,55126
2059,red.png,red.png,red blue.png,black.png,green left.png,55127
2060,black.png,blue.png,down black up red.png,red.png,green right.png,55128
2061,black.png,blue.png,red blue.png,orange.png,black right.png,55129
2062,black.png,orange.png,green red.png,red.png,yellow left.png,55130
2063,green.png,red.png,green yellow.png,green.png,green right.png,55131
2064,green.png,green.png,green blue.png,blue.png,orange right.png,55132
2065,blue.png,black.png,blue red.png,orange.png,green right.png,55133
2066,black.png,yellow.png,multicolor.png,blue.png,blue right.png,55134
2067,red.png,blue.png,yellow red.png,orange.png,orange left.png,55135
2068,orange.png,red.png,orange yellow.png,green.png,green left.png,55136
2069,blue.png,black.png,black red.png,blue.png,green right.png,55137
2070,orange.png,green.png,yellow black black yellow.png,blue.png,yellow left.png,55138
2071,black.png,yellow.png,yellow green blue.png,black.png,red left.png,55139
2072,red.png,red.png,up_and_out black yellow.png,blue.png,red left.png,55140
2073,black.png,orange.png,black yellow.png,yellow.png,orange right.png,55141
2074,black.png,red.png,orange yellow.png,blue.png,green right.png,55142
2075,red.png,red.png,black yellow yellow black.png,black.png,yellow right.png,55143
2076,blue.png,blue.png,multicolor.png,yellow.png,blue right.png,55144
2077,blue.png,blue.png,black red.png,blue.png,blue left.png,55145
2078,black.png,orange.png,green red.png,green.png,orange right.png,55146
2079,blue.png,blue.png,red blue.png,blue.png,yellow left.png,55147
2080,orange.png,black.png,yellow green blue.png,black.png,orange right.png,55148
2081,orange.png,red.png,black red.png,yellow.png,green right.png,55149
2082,green.png,green.png,orange blue.png,blue.png,black left.png,55150
2083,green.png,yellow.png,blue red.png,orange.png,orange right.png,55151
2084,red.png,yellow.png,yellow red.png,blue.png,black left.png,55152
2085,yellow.png,yellow.png,yellow blue.png,yellow.png,orange right.png,55153
2086,yellow.png,yellow.png,green yellow.png,orange.png,orange right.png,55154
2087,black.png,orange.png,blue red.png,blue.png,green right.png,55155
2088,red.png,green.png,green red.png,black.png,yellow left.png,55156
2089,black.png,black.png,yellow blue.png,blue.png,black left.png,55157
2090,red.png,green.png,down black up red.png,blue.png,red left.png,55158
2091,blue.png,yellow.png,up_and_out black yellow.png,black.png,red left.png,55159
2092,red.png,red.png,green yellow.png,blue.png,orange left.png,55160
2093,green.png,yellow.png,black red.png,blue.png,orange right.png,55161
2094,green.png,green.png,black yellow yellow black.png,yellow.png,orange left.png,55162
2095,orange.png,black.png,black red.png,green.png,black right.png,55163
2096,red.png,yellow.png,yellow blue.png,green.png,black left.png,55164
2097,yellow.png,blue.png,left black yellow.png,yellow.png,blue left.png,55165
2098,green.png,red.png,black yellow.png,red.png,red left.png,55166
2099,yellow.png,orange.png,green red.png,blue.png,yellow right.png,55167
2100,black.png,green.png,orange blue.png,red.png,orange right.png,55168
2101,green.png,green.png,left black yellow.png,red.png,black right.png,55169
2102,orange.png,blue.png,orange yellow.png,blue.png,red left.png,55170
2103,orange.png,yellow.png,down black up red.png,green.png,yellow right.png,55171
2104,orange.png,blue.png,yellow green blue.png,red.png,green right.png,55172
2105,black.png,yellow.png,green red.png,red.png,black left.png,55173
2106,blue.png,green.png,yellow red.png,red.png,orange left.png,55174
2107,black.png,black.png,multicolor.png,yellow.png,black left.png,55175
2108,green.png,blue.png,down black up red.png,red.png,black left.png,55176
2109,yellow.png,blue.png,down black up red.png,orange.png,yellow left.png,55177
2110,orange.png,orange.png,black red.png,orange.png,orange left.png,55178
2111,red.png,orange.png,yellow blue.png,orange.png,green right.png,55179
2112,black.png,blue.png,yellow blue.png,black.png,red left.png,55180
2113,green.png,green.png,green red.png,black.png,red left.png,55181
2114,black.png,green.png,yellow red.png,yellow.png,red left.png,55182
2115,blue.png,orange.png,yellow green blue.png,orange.png,black left.png,55183
2116,blue.png,yellow.png,yellow black black yellow.png,blue.png,blue left.png,55184
2117,green.png,red.png,yellow green blue.png,green.png,black right.png,55185
2118,black.png,orange.png,multicolor.png,yellow.png,yellow right.png,55186
2119,black.png,orange.png,orange blue.png,black.png,blue left.png,55187
2120,green.png,black.png,down black up red.png,blue.png,orange right.png,55188
2121,black.png,black.png,black red.png,red.png,yellow right.png,55189
2122,orange.png,black.png,black red.png,blue.png,orange left.png,55190
2123,red.png,blue.png,red blue.png,red.png,red left.png,55191
2124,yellow.png,yellow.png,black yellow yellow black.png,red.png,black left.png,55192
2125,orange.png,yellow.png,green yellow.png,blue.png,black left.png,55193
2126,yellow.png,black.png,black red.png,black.png,blue left.png,55194
2127,orange.png,black.png,blue red.png,black.png,black right.png,55195
2128,blue.png,orange.png,blue red.png,black.png,green left.png,55196
2129,red.png,yellow.png,yellow black black yellow.png,black.png,yellow left.png,55197
2130,yellow.png,yellow.png,blue red.png,red.png,green left.png,55198
2131,red.png,black.png,yellow red.png,yellow.png,red left.png,55199
2132,red.png,yellow.png,yellow black black yellow.png,green.png,none.png,55200
2133,green.png,yellow.png,yellow green blue.png,yellow.png,none.png,55201
2134,green.png,green.png,yellow black black yellow.png,orange.png,none.png,55202
2135,black.png,orange.png,green yellow.png,orange.png,green right.png,55203
2136,orange.png,orange.png,black yellow.png,black.png,orange left.png,55204
2137,orange.png,red.png,yellow black black yellow.png,black.png,orange left.png,55205
2138,orange.png,black.png,green red.png,black.png,orange right.png,55206
2139,black.png,yellow.png,green red.png,blue.png,green left.png,55207
2140,red.png,black.png,left black yellow.png,orange.png,blue left.png,55208
2141,orange.png,black.png,orange blue.png,yellow.png,green right.png,55209
2142,yellow.png,yellow.png,blue red.png,green.png,red left.png,55210
2143,green.png,red.png,orange blue.png,red.png,orange left.png,55211
2144,red.png,green.png,black yellow.png,red.png,green left.png,55212
2145,blue.png,green.png,orange blue.png,blue.png,blue right.png,55213
2146,black.png,yellow.png,green red.png,green.png,yellow left.png,55214
2147,orange.png,blue.png,red blue.png,blue.png,green right.png,55215
2148,orange.png,blue.png,left black yellow.png,orange.png,blue left.png,55216
2149,orange.png,green.png,up_and_out black yellow.png,blue.png,yellow right.png,55217
2150,black.png,yellow.png,red blue.png,red.png,blue right.png,55218
2151,black.png,blue.png,orange yellow.png,blue.png,blue right.png,55219
2152,green.png,black.png,green red.png,yellow.png,orange left.png,55220
2153,blue.png,red.png,red blue.png,black.png,red left.png,55221
2154,orange.png,orange.png,orange blue.png,orange.png,black left.png,55222
2155,green.png,red.png,green yellow.png,orange.png,orange right.png,55223
2156,green.png,orange.png,red blue.png,red.png,blue right.png,55224
2157,yellow.png,green.png,yellow black black yellow.png,blue.png,blue left.png,55225
2158,blue.png,orange.png,green yellow.png,green.png,blue left.png,55226
2159,green.png,orange.png,yellow blue.png,yellow.png,black left.png,55227
2160,green.png,red.png,black red.png,green.png,yellow left.png,55228
2161,green.png,orange.png,yellow green blue.png,orange.png,green left.png,55229
2162,green.png,green.png,left black yellow.png,blue.png,orange left.png,55230
2163,blue.png,orange.png,yellow green blue.png,yellow.png,none.png,55231
2164,orange.png,blue.png,green yellow.png,blue.png,blue left.png,55232
2165,red.png,black.png,left black yellow.png,yellow.png,black left.png,55233
2166,black.png,orange.png,orange blue.png,green.png,yellow right.png,55234
2167,blue.png,blue.png,left black yellow.png,orange.png,red left.png,55235
2168,red.png,black.png,down black up red.png,orange.png,orange right.png,55236
2169,orange.png,green.png,left black yellow.png,blue.png,yellow right.png,55237
2170,green.png,blue.png,orange yellow.png,red.png,black left.png,55238
2171,blue.png,black.png,yellow blue.png,blue.png,green right.png,55239
2172,blue.png,yellow.png,yellow green blue.png,green.png,yellow right.png,55240
2173,blue.png,orange.png,left black yellow.png,blue.png,orange right.png,55241
2174,blue.png,red.png,up_and_out black yellow.png,green.png,blue right.png,55242
2175,red.png,black.png,orange yellow.png,green.png,black left.png,55243
2176,yellow.png,red.png,blue red.png,yellow.png,orange right.png,55244
2177,blue.png,orange.png,black red.png,black.png,red left.png,55245
2178,black.png,orange.png,down black up red.png,green.png,blue left.png,55246
2179,blue.png,blue.png,black yellow yellow black.png,green.png,blue left.png,55247
2180,yellow.png,black.png,yellow black black yellow.png,yellow.png,yellow right.png,55248
2181,black.png,green.png,orange yellow.png,blue.png,yellow right.png,55249
2182,green.png,blue.png,yellow blue.png,orange.png,black right.png,55250
2183,red.png,blue.png,multicolor.png,orange.png,orange right.png,55251
2184,green.png,orange.png,red blue.png,blue.png,yellow right.png,55252
2185,green.png,black.png,red blue.png,blue.png,yellow left.png,55253
2186,red.png,red.png,orange blue.png,orange.png,green right.png,55254
2187,green.png,blue.png,green red.png,blue.png,green left.png,55255
2188,orange.png,green.png,orange blue.png,orange.png,blue left.png,55256
2189,blue.png,green.png,green blue.png,blue.png,red left.png,55257
2190,yellow.png,red.png,black yellow.png,red.png,blue left.png,55258
2191,black.png,black.png,yellow black black yellow.png,orange.png,blue right.png,55259
2192,blue.png,blue.png,left black yellow.png,green.png,orange right.png,55260
2193,black.png,red.png,black red.png,red.png,black left.png,55261
2194,black.png,orange.png,orange yellow.png,yellow.png,blue left.png,55262
2195,black.png,green.png,yellow blue.png,black.png,yellow right.png,55263
2196,green.png,black.png,down black up red.png,red.png,yellow left.png,55264
2197,blue.png,blue.png,red blue.png,red.png,none.png,55265
2198,blue.png,black.png,red blue.png,green.png,yellow right.png,55266
2199,yellow.png,red.png,left black yellow.png,orange.png,blue right.png,55267
2200,blue.png,black.png,green red.png,green.png,orange right.png,55268
2201,blue.png,orange.png,blue red.png,green.png,blue right.png,55269
2202,orange.png,green.png,black yellow yellow black.png,blue.png,blue right.png,55270
2203,orange.png,blue.png,down black up red.png,yellow.png,green right.png,55271
2204,green.png,blue.png,black yellow.png,green.png,orange right.png,55272
2205,red.png,blue.png,yellow black black yellow.png,red.png,black right.png,55273
2206,blue.png,black.png,blue red.png,yellow.png,none.png,55274
2207,black.png,black.png,black yellow.png,green.png,yellow right.png,55275
2208,yellow.png,orange.png,blue red.png,red.png,none.png,55276
2209,orange.png,blue.png,green blue.png,green.png,orange right.png,55277
2210,green.png,orange.png,yellow black black yellow.png,orange.png,none.png,55278
2211,red.png,green.png,orange yellow.png,orange.png,red left.png,55279
2212,black.png,orange.png,green blue.png,black.png,yellow left.png,55280
2213,black.png,red.png,left black yellow.png,yellow.png,yellow right.png,55281
2214,black.png,black.png,orange yellow.png,blue.png,red left.png,55282
2215,yellow.png,blue.png,yellow black black yellow.png,red.png,red left.png,55283
2216,black.png,orange.png,up_and_out black yellow.png,black.png,orange right.png,55284
2217,blue.png,blue.png,red blue.png,green.png,orange left.png,55285
2218,black.png,blue.png,left black yellow.png,yellow.png,blue left.png,55286
2219,orange.png,red.png,yellow green blue.png,blue.png,none.png,55287
2220,orange.png,red.png,yellow blue.png,green.png,green left.png,55288
2221,green.png,yellow.png,multicolor.png,black.png,yellow right.png,55289
2222,red.png,black.png,orange yellow.png,green.png,green left.png,55290
2223,blue.png,blue.png,yellow red.png,green.png,green right.png,55291
2224,orange.png,orange.png,blue red.png,red.png,red left.png,55292
2225,orange.png,red.png,yellow green blue.png,blue.png,orange left.png,55293
2226,orange.png,yellow.png,blue red.png,blue.png,blue left.png,55294
2227,yellow.png,black.png,black yellow.png,orange.png,orange left.png,55295
2228,blue.png,blue.png,orange blue.png,green.png,red left.png,55296
2229,yellow.png,yellow.png,orange blue.png,orange.png,black left.png,55297
2230,orange.png,green.png,orange blue.png,blue.png,black left.png,55298
2231,blue.png,blue.png,left black yellow.png,red.png,black right.png,55299
2232,blue.png,green.png,left black yellow.png,red.png,yellow right.png,55300
2233,blue.png,blue.png,yellow blue.png,yellow.png,yellow left.png,55301
2234,blue.png,black.png,yellow blue.png,orange.png,green left.png,55302
2235,orange.png,blue.png,multicolor.png,yellow.png,yellow left.png,55303
2236,blue.png,black.png,multicolor.png,red.png,black right.png,55304
2237,blue.png,blue.png,yellow green blue.png,orange.png,yellow right.png,55305
2238,black.png,yellow.png,green yellow.png,green.png,yellow left.png,55306
2239,orange.png,red.png,black red.png,blue.png,blue left.png,55307
2240,red.png,green.png,green blue.png,blue.png,yellow right.png,55308
2241,blue.png,green.png,up_and_out black yellow.png,red.png,yellow right.png,55309
2242,green.png,red.png,multicolor.png,green.png,green right.png,55310
2243,black.png,red.png,black red.png,red.png,black right.png,55311
2244,black.png,green.png,left black yellow.png,yellow.png,green right.png,55312
2245,red.png,black.png,blue red.png,red.png,red left.png,55313
2246,orange.png,red.png,yellow red.png,green.png,black right.png,55314
2247,black.png,blue.png,yellow black black yellow.png,orange.png,black right.png,55315
2248,orange.png,yellow.png,yellow green blue.png,orange.png,yellow left.png,55316
2249,black.png,black.png,black yellow yellow black.png,green.png,yellow left.png,55317
2250,black.png,yellow.png,green yellow.png,black.png,yellow left.png,55318
2251,red.png,black.png,up_and_out black yellow.png,green.png,blue left.png,55319
2252,orange.png,yellow.png,left black yellow.png,yellow.png,yellow right.png,55320
2253,blue.png,blue.png,yellow green blue.png,yellow.png,green left.png,55321
2254,black.png,green.png,green red.png,green.png,orange right.png,55322
2255,orange.png,green.png,green yellow.png,green.png,none.png,55323
2256,blue.png,yellow.png,green blue.png,yellow.png,black right.png,55324
2257,green.png,green.png,left black yellow.png,black.png,yellow left.png,55325
2258,black.png,green.png,left black yellow.png,yellow.png,orange left.png,55326
2259,black.png,orange.png,green blue.png,red.png,orange right.png,55327
2260,blue.png,black.png,black red.png,black.png,yellow right.png,55328
2261,orange.png,green.png,black yellow.png,black.png,none.png,55329
2262,blue.png,black.png,green yellow.png,black.png,green right.png,55330
2263,black.png,red.png,green yellow.png,red.png,yellow left.png,55331
2264,yellow.png,red.png,yellow black black yellow.png,black.png,orange right.png,55332
2265,yellow.png,red.png,green yellow.png,red.png,blue left.png,55333
2266,green.png,black.png,blue red.png,green.png,red left.png,55334
2267,green.png,green.png,green yellow.png,black.png,black right.png,55335
2268,yellow.png,orange.png,up_and_out black yellow.png,green.png,orange right.png,55336
2269,green.png,yellow.png,black yellow.png,orange.png,green right.png,55337
2270,orange.png,blue.png,multicolor.png,yellow.png,yellow right.png,55338
2271,blue.png,green.png,up_and_out black yellow.png,black.png,yellow right.png,55339
2272,red.png,black.png,yellow blue.png,yellow.png,black right.png,55340
2273,yellow.png,red.png,multicolor.png,red.png,yellow right.png,55341
2274,yellow.png,yellow.png,green yellow.png,black.png,green left.png,55342
2275,red.png,blue.png,orange yellow.png,red.png,yellow right.png,55343
2276,green.png,black.png,left black yellow.png,yellow.png,yellow right.png,55344
2277,black.png,green.png,up_and_out black yellow.png,green.png,yellow left.png,55345
2278,blue.png,green.png,black yellow.png,red.png,blue left.png,55346
2279,yellow.png,orange.png,orange blue.png,black.png,black left.png,55347
2280,yellow.png,red.png,yellow black black yellow.png,blue.png,green left.png,55348
2281,green.png,green.png,up_and_out black yellow.png,yellow.png,yellow right.png,55349
2282,black.png,red.png,yellow red.png,blue.png,yellow left.png,55350
2283,blue.png,red.png,yellow black black yellow.png,yellow.png,green left.png,55351
2284,orange.png,red.png,orange yellow.png,green.png,none.png,55352
2285,blue.png,yellow.png,down black up red.png,black.png,red left.png,55353
2286,green.png,yellow.png,down black up red.png,green.png,green left.png,55354
2287,green.png,green.png,orange yellow.png,blue.png,blue left.png,55355
2288,blue.png,black.png,black yellow yellow black.png,blue.png,blue left.png,55356
2289,red.png,green.png,orange yellow.png,yellow.png,green right.png,55357
2290,black.png,yellow.png,green yellow.png,blue.png,red left.png,55358
2291,orange.png,red.png,up_and_out black yellow.png,red.png,yellow left.png,55359
2292,yellow.png,blue.png,green blue.png,red.png,black left.png,55360
2293,black.png,green.png,down black up red.png,black.png,yellow left.png,55361
2294,red.png,orange.png,up_and_out black yellow.png,green.png,blue right.png,55362
2295,blue.png,yellow.png,black yellow.png,yellow.png,red left.png,55363
2296,yellow.png,yellow.png,down black up red.png,orange.png,black left.png,55364
2297,black.png,red.png,green yellow.png,yellow.png,orange right.png,55365
2298,yellow.png,green.png,green red.png,green.png,green left.png,55366
2299,yellow.png,orange.png,blue red.png,blue.png,blue right.png,55367
2300,black.png,yellow.png,green blue.png,red.png,green right.png,55368
2301,blue.png,yellow.png,green blue.png,orange.png,orange left.png,55369
2302,red.png,yellow.png,blue red.png,yellow.png,blue left.png,55370
2303,blue.png,orange.png,yellow black black yellow.png,green.png,red left.png,55371
2304,red.png,red.png,green red.png,orange.png,black right.png,55372
2305,black.png,green.png,green red.png,blue.png,blue left.png,55373
2306,blue.png,yellow.png,red blue.png,red.png,yellow right.png,55374
2307,blue.png,blue.png,orange yellow.png,red.png,yellow left.png,55375
2308,red.png,blue.png,up_and_out black yellow.png,orange.png,green left.png,55376
2309,green.png,yellow.png,red blue.png,orange.png,yellow right.png,55377
2310,green.png,black.png,up_and_out black yellow.png,orange.png,red left.png,55378
2311,yellow.png,black.png,black yellow yellow black.png,yellow.png,none.png,55379
2312,red.png,blue.png,multicolor.png,blue.png,orange right.png,55380
2313,orange.png,black.png,yellow green blue.png,blue.png,orange right.png,55381
2314,black.png,black.png,green blue.png,yellow.png,green right.png,55382
2315,red.png,yellow.png,red blue.png,red.png,blue right.png,55383
2316,blue.png,green.png,yellow red.png,yellow.png,blue right.png,55384
2317,orange.png,red.png,black yellow yellow black.png,blue.png,green right.png,55385
2318,red.png,blue.png,green red.png,red.png,yellow left.png,55386
2319,red.png,yellow.png,orange yellow.png,black.png,green right.png,55387
2320,red.png,yellow.png,yellow blue.png,blue.png,green left.png,55388
2321,blue.png,red.png,multicolor.png,red.png,none.png,55389
2322,black.png,blue.png,black yellow.png,green.png,red left.png,55390
2323,blue.png,yellow.png,black yellow yellow black.png,black.png,blue right.png,55391
2324,black.png,red.png,yellow green blue.png,green.png,yellow left.png,55392
2325,orange.png,red.png,orange yellow.png,black.png,green left.png,55393
2326,red.png,green.png,yellow blue.png,blue.png,none.png,55394
2327,red.png,blue.png,down black up red.png,blue.png,green left.png,55395
2328,green.png,blue.png,black red.png,blue.png,yellow left.png,55396
2329,red.png,green.png,yellow blue.png,red.png,green right.png,55397
2330,yellow.png,green.png,yellow red.png,yellow.png,black right.png,55398
2331,green.png,black.png,yellow black black yellow.png,yellow.png,blue left.png,55399
2332,red.png,yellow.png,yellow red.png,blue.png,black right.png,55400
2333,blue.png,green.png,orange blue.png,black.png,orange right.png,55401
2334,orange.png,orange.png,down black up red.png,orange.png,green right.png,55402
2335,blue.png,blue.png,yellow red.png,orange.png,orange right.png,55403
2336,green.png,black.png,black yellow yellow black.png,red.png,black left.png,55404
2337,orange.png,yellow.png,orange blue.png,black.png,black left.png,55405
2338,black.png,blue.png,blue red.png,black.png,yellow right.png,55406
2339,green.png,black.png,yellow black black yellow.png,yellow.png,red left.png,55407
2340,black.png,yellow.png,red blue.png,black.png,blue left.png,55408
2341,green.png,yellow.png,left black yellow.png,green.png,orange left.png,55409
2342,orange.png,black.png,black yellow yellow black.png,black.png,yellow right.png,55410
2343,blue.png,orange.png,yellow green blue.png,blue.png,orange right.png,55411
2344,red.png,red.png,green yellow.png,orange.png,orange left.png,55412
2345,blue.png,red.png,down black up red.png,yellow.png,black left.png,55413
2346,yellow.png,orange.png,multicolor.png,orange.png,black right.png,55414
2347,yellow.png,orange.png,green blue.png,green.png,black right.png,55415
2348,blue.png,black.png,down black up red.png,black.png,orange left.png,55416
2349,black.png,yellow.png,blue red.png,black.png,black right.png,55417
2350,black.png,orange.png,yellow blue.png,orange.png,yellow left.png,55418
2351,orange.png,orange.png,up_and_out black yellow.png,blue.png,blue right.png,55419
2352,blue.png,blue.png,down black up red.png,blue.png,black left.png,55420
2353,blue.png,yellow.png,black red.png,red.png,black right.png,55421
2354,orange.png,black.png,left black yellow.png,green.png,red left.png,55422
2355,orange.png,blue.png,green blue.png,green.png,black left.png,55423
2356,yellow.png,blue.png,yellow green blue.png,green.png,red left.png,55424
2357,orange.png,blue.png,black red.png,blue.png,green right.png,55425
2358,red.png,yellow.png,black yellow.png,black.png,red left.png,55426
2359,blue.png,green.png,yellow black black yellow.png,yellow.png,none.png,55427
2360,green.png,black.png,orange blue.png,black.png,green left.png,55428
2361,green.png,green.png,left black yellow.png,orange.png,blue right.png,55429
2362,green.png,red.png,green yellow.png,yellow.png,blue left.png,55430
2363,green.png,orange.png,green blue.png,black.png,black right.png,55431
2364,orange.png,green.png,multicolor.png,black.png,orange right.png,55432
2365,yellow.png,yellow.png,green blue.png,blue.png,none.png,55433
2366,black.png,red.png,green yellow.png,yellow.png,none.png,55434
2367,orange.png,orange.png,red blue.png,red.png,green left.png,55435
2368,black.png,black.png,orange blue.png,black.png,orange left.png,55436
2369,red.png,blue.png,multicolor.png,black.png,orange left.png,55437
2370,yellow.png,yellow.png,yellow blue.png,red.png,none.png,55438
2371,orange.png,orange.png,down black up red.png,yellow.png,green right.png,55439
2372,green.png,red.png,yellow black black yellow.png,blue.png,green right.png,55440
2373,red.png,black.png,orange blue.png,green.png,blue right.png,55441
2374,blue.png,yellow.png,green yellow.png,green.png,yellow right.png,55442
2375,yellow.png,blue.png,black yellow yellow black.png,yellow.png,blue left.png,55443
2376,green.png,black.png,yellow black black yellow.png,red.png,orange left.png,55444
2377,blue.png,red.png,orange blue.png,orange.png,blue right.png,55445
2378,yellow.png,red.png,yellow blue.png,red.png,black right.png,55446
2379,black.png,red.png,green yellow.png,black.png,red left.png,55447
2380,orange.png,orange.png,green yellow.png,blue.png,orange left.png,55448
2381,yellow.png,blue.png,black yellow.png,yellow.png,orange right.png,55449
2382,orange.png,blue.png,up_and_out black yellow.png,orange.png,blue right.png,55450
2383,black.png,yellow.png,green red.png,yellow.png,orange right.png,55451
2384,green.png,blue.png,green blue.png,green.png,yellow right.png,55452
2385,blue.png,black.png,green yellow.png,red.png,green right.png,55453
2386,green.png,green.png,down black up red.png,red.png,blue left.png,55454
2387,red.png,green.png,orange yellow.png,green.png,orange left.png,55455
2388,yellow.png,red.png,yellow blue.png,black.png,yellow right.png,55456
2389,blue.png,black.png,black red.png,black.png,green left.png,55457
2390,red.png,orange.png,left black yellow.png,red.png,green left.png,55458
2391,blue.png,black.png,yellow red.png,black.png,red left.png,55459
2392,black.png,green.png,red blue.png,orange.png,blue right.png,55460
2393,blue.png,black.png,red blue.png,black.png,blue left.png,55461
2394,blue.png,yellow.png,orange blue.png,red.png,black right.png,55462
2395,red.png,yellow.png,yellow red.png,orange.png,yellow right.png,55463
2396,yellow.png,blue.png,yellow blue.png,orange.png,yellow left.png,55464
2397,orange.png,orange.png,yellow red.png,green.png,black right.png,55465
2398,orange.png,black.png,up_and_out black yellow.png,orange.png,none.png,55466
2399,green.png,orange.png,up_and_out black yellow.png,green.png,black left.png,55467
2400,red.png,yellow.png,blue red.png,green.png,yellow right.png,55468
2401,green.png,yellow.png,orange yellow.png,red.png,red left.png,55469
2402,black.png,orange.png,up_and_out black yellow.png,black.png,none.png,55470
2403,green.png,blue.png,blue red.png,red.png,yellow left.png,55471
2404,green.png,red.png,yellow red.png,red.png,red left.png,55472
2405,yellow.png,orange.png,orange yellow.png,blue.png,orange left.png,55473
2406,green.png,red.png,green blue.png,yellow.png,black right.png,55474
2407,black.png,red.png,yellow red.png,yellow.png,yellow right.png,55475
2408,blue.png,green.png,left black yellow.png,black.png,black left.png,55476
2409,red.png,red.png,up_and_out black yellow.png,yellow.png,orange right.png,55477
2410,yellow.png,yellow.png,yellow red.png,blue.png,red left.png,55478
2411,black.png,green.png,green yellow.png,yellow.png,yellow right.png,55479
2412,blue.png,green.png,up_and_out black yellow.png,blue.png,yellow right.png,55480
2413,black.png,green.png,black red.png,black.png,orange right.png,55481
2414,green.png,green.png,up_and_out black yellow.png,orange.png,orange right.png,55482
2415,red.png,black.png,up_and_out black yellow.png,blue.png,green right.png,55483
2416,green.png,red.png,yellow green blue.png,red.png,orange right.png,55484
2417,orange.png,green.png,yellow black black yellow.png,orange.png,black left.png,55485
2418,blue.png,black.png,down black up red.png,red.png,none.png,55486
2419,black.png,yellow.png,black red.png,red.png,orange right.png,55487
2420,yellow.png,green.png,green red.png,orange.png,red left.png,55488
2421,orange.png,orange.png,orange blue.png,orange.png,orange left.png,55489
2422,green.png,green.png,blue red.png,red.png,blue right.png,55490
2423,blue.png,yellow.png,yellow blue.png,green.png,orange right.png,55491
2424,blue.png,blue.png,black red.png,blue.png,black right.png,55492
2425,green.png,red.png,black red.png,red.png,green left.png,55493
2426,orange.png,black.png,black yellow yellow black.png,yellow.png,green right.png,55494
2427,green.png,black.png,blue red.png,orange.png,none.png,55495
2428,green.png,black.png,red blue.png,yellow.png,black right.png,55496
2429,red.png,black.png,orange blue.png,blue.png,yellow right.png,55497
2430,black.png,black.png,left black yellow.png,yellow.png,none.png,55498
2431,green.png,blue.png,red blue.png,green.png,blue left.png,55499
2432,red.png,red.png,green red.png,blue.png,green right.png,55500
2433,black.png,green.png,black red.png,black.png,black left.png,55501
2434,blue.png,yellow.png,black yellow.png,red.png,red left.png,55502
2435,yellow.png,green.png,left black yellow.png,red.png,green left.png,55503
2436,orange.png,blue.png,yellow blue.png,green.png,orange left.png,55504
2437,yellow.png,orange.png,down black up red.png,yellow.png,black left.png,55505
2438,black.png,orange.png,yellow red.png,red.png,blue left.png,55506
2439,green.png,blue.png,black red.png,green.png,red left.png,55507
2440,green.png,yellow.png,up_and_out black yellow.png,green.png,red left.png,55508
2441,green.png,red.png,blue red.png,yellow.png,orange right.png,55509
2442,green.png,orange.png,orange yellow.png,green.png,black right.png,55510
2443,green.png,black.png,blue red.png,orange.png,yellow right.png,55511
2444,green.png,blue.png,green blue.png,green.png,orange left.png,55512
2445,red.png,orange.png,left black yellow.png,blue.png,blue left.png,55513
2446,blue.png,red.png,yellow blue.png,green.png,none.png,55514
2447,blue.png,black.png,multicolor.png,green.png,yellow left.png,55515
2448,black.png,green.png,yellow blue.png,green.png,blue right.png,55516
2449,blue.png,blue.png,orange blue.png,orange.png,orange right.png,55517
2450,blue.png,green.png,orange yellow.png,yellow.png,blue right.png,55518
2451,black.png,blue.png,green red.png,yellow.png,yellow left.png,55519
2452,yellow.png,red.png,yellow black black yellow.png,red.png,yellow right.png,55520
2453,black.png,yellow.png,green red.png,orange.png,orange left.png,55521
2454,yellow.png,red.png,yellow red.png,yellow.png,orange left.png,55522
2455,blue.png,yellow.png,black red.png,orange.png,red left.png,55523
2456,yellow.png,green.png,red blue.png,yellow.png,blue right.png,55524
2457,black.png,yellow.png,yellow red.png,red.png,red left.png,55525
2458,yellow.png,orange.png,yellow blue.png,blue.png,black right.png,55526
2459,green.png,red.png,yellow black black yellow.png,green.png,orange right.png,55527
2460,yellow.png,yellow.png,multicolor.png,red.png,yellow left.png,55528
2461,red.png,black.png,orange blue.png,yellow.png,blue right.png,55529
2462,green.png,blue.png,orange blue.png,black.png,blue right.png,55530
2463,red.png,black.png,green yellow.png,blue.png,blue right.png,55531
2464,black.png,blue.png,yellow green blue.png,blue.png,green left.png,55532
2465,black.png,black.png,yellow blue.png,blue.png,none.png,55533
2466,black.png,orange.png,black yellow yellow black.png,black.png,orange right.png,55534
2467,orange.png,green.png,yellow blue.png,black.png,blue left.png,55535
2468,red.png,red.png,blue red.png,yellow.png,none.png,55536
2469,orange.png,black.png,black red.png,red.png,red left.png,55537
2470,orange.png,red.png,yellow black black yellow.png,orange.png,orange right.png,55538
2471,blue.png,black.png,yellow red.png,orange.png,green left.png,55539
2472,black.png,green.png,green blue.png,yellow.png,green right.png,55540
2473,black.png,blue.png,yellow blue.png,green.png,yellow left.png,55541
2474,red.png,blue.png,black yellow yellow black.png,orange.png,red left.png,55542
2475,yellow.png,black.png,black red.png,red.png,yellow left.png,55543
2476,red.png,orange.png,yellow green blue.png,orange.png,orange right.png,55544
2477,red.png,yellow.png,down black up red.png,orange.png,blue right.png,55545
2478,red.png,blue.png,red blue.png,blue.png,orange left.png,55546
2479,red.png,orange.png,black red.png,black.png,green right.png,55547
2480,red.png,blue.png,multicolor.png,orange.png,green left.png,55548
2481,orange.png,black.png,down black up red.png,orange.png,orange left.png,55549
2482,red.png,blue.png,yellow black black yellow.png,blue.png,orange right.png,55550
2483,orange.png,black.png,down black up red.png,black.png,orange right.png,55551
2484,blue.png,red.png,green red.png,red.png,yellow left.png,55552
2485,green.png,orange.png,black yellow.png,black.png,orange right.png,55553
2486,red.png,orange.png,yellow red.png,orange.png,black left.png,55554
2487,blue.png,green.png,black yellow.png,green.png,none.png,55555
2488,black.png,blue.png,green yellow.png,green.png,red left.png,55556
2489,yellow.png,green.png,yellow blue.png,black.png,none.png,55557
2490,orange.png,green.png,green red.png,blue.png,orange right.png,55558
2491,red.png,blue.png,orange blue.png,green.png,black left.png,55559
2492,green.png,red.png,yellow black black yellow.png,black.png,none.png,55560
2493,blue.png,green.png,yellow green blue.png,yellow.png,red left.png,55561
2494,green.png,yellow.png,yellow red.png,red.png,yellow right.png,55562
2495,black.png,green.png,green blue.png,yellow.png,black left.png,55563
2496,yellow.png,blue.png,orange yellow.png,green.png,red left.png,55564
2497,red.png,blue.png,green yellow.png,orange.png,none.png,55565
2498,orange.png,red.png,blue red.png,black.png,none.png,55566
2499,orange.png,yellow.png,black yellow.png,black.png,yellow left.png,55567
2500,orange.png,yellow.png,yellow green blue.png,blue.png,none.png,55568
2501,red.png,orange.png,yellow red.png,yellow.png,orange left.png,55569
2502,green.png,black.png,green red.png,blue.png,orange left.png,55570
2503,green.png,green.png,red blue.png,black.png,green left.png,55571
2504,black.png,yellow.png,down black up red.png,black.png,yellow left.png,55572
2505,blue.png,green.png,yellow blue.png,yellow.png,orange left.png,55573
2506,yellow.png,yellow.png,black yellow yellow black.png,black.png,orange right.png,55574
2507,blue.png,black.png,red blue.png,blue.png,red left.png,55575
2508,orange.png,yellow.png,left black yellow.png,blue.png,red left.png,55576
2509,blue.png,green.png,yellow green blue.png,black.png,black right.png,55577
2510,black.png,black.png,green yellow.png,blue.png,orange right.png,55578
2511,blue.png,yellow.png,red blue.png,yellow.png,black left.png,55579
2512,blue.png,green.png,multicolor.png,blue.png,green left.png,55580
2513,red.png,green.png,left black yellow.png,orange.png,black right.png,55581
2514,blue.png,orange.png,left black yellow.png,orange.png,yellow right.png,55582
2515,green.png,green.png,multicolor.png,black.png,red left.png,55583
2516,green.png,green.png,green blue.png,blue.png,black right.png,55584
2517,yellow.png,green.png,green yellow.png,blue.png,yellow left.png,55585
2518,yellow.png,blue.png,green yellow.png,orange.png,green left.png,55586
2519,orange.png,red.png,black red.png,blue.png,orange left.png,55587
2520,black.png,black.png,multicolor.png,blue.png,yellow left.png,55588
2521,orange.png,black.png,black yellow.png,blue.png,orange left.png,55589
2522,blue.png,blue.png,yellow blue.png,yellow.png,yellow right.png,55590
2523,green.png,orange.png,black yellow yellow black.png,orange.png,yellow left.png,55591
2524,orange.png,red.png,orange blue.png,red.png,blue right.png,55592
2525,yellow.png,yellow.png,green red.png,red.png,green left.png,55593
2526,green.png,blue.png,green yellow.png,green.png,red left.png,55594
2527,orange.png,orange.png,left black yellow.png,yellow.png,red left.png,55595
2528,black.png,green.png,left black yellow.png,blue.png,yellow right.png,55596
2529,red.png,orange.png,yellow green blue.png,orange.png,blue left.png,55597
2530,blue.png,blue.png,black red.png,black.png,green left.png,55598
2531,blue.png,green.png,yellow green blue.png,red.png,black left.png,55599
2532,blue.png,blue.png,yellow green blue.png,black.png,green left.png,55600
2533,blue.png,green.png,yellow black black yellow.png,blue.png,blue right.png,55601
2534,blue.png,orange.png,orange blue.png,black.png,orange right.png,55602
2535,blue.png,red.png,orange yellow.png,black.png,none.png,55603
2536,orange.png,orange.png,yellow green blue.png,blue.png,black left.png,55604
2537,green.png,green.png,orange blue.png,black.png,black right.png,55605
2538,black.png,yellow.png,yellow red.png,blue.png,blue right.png,55606
2539,black.png,red.png,green blue.png,yellow.png,yellow left.png,55607
2540,black.png,orange.png,green red.png,yellow.png,orange left.png,55608
2541,black.png,orange.png,yellow red.png,black.png,orange right.png,55609
2542,orange.png,black.png,black yellow.png,red.png,orange left.png,55610
2543,blue.png,yellow.png,left black yellow.png,red.png,yellow left.png,55611
2544,blue.png,blue.png,orange yellow.png,yellow.png,black right.png,55612
2545,blue.png,black.png,up_and_out black yellow.png,red.png,none.png,55613
2546,green.png,blue.png,green blue.png,green.png,orange right.png,55614
2547,black.png,red.png,orange yellow.png,orange.png,orange right.png,55615
2548,red.png,black.png,green yellow.png,yellow.png,yellow left.png,55616
2549,red.png,blue.png,down black up red.png,black.png,black right.png,55617
2550,black.png,orange.png,yellow red.png,yellow.png,none.png,55618
2551,orange.png,red.png,yellow blue.png,black.png,green left.png,55619
2552,orange.png,black.png,green yellow.png,orange.png,orange right.png,55620
2553,orange.png,yellow.png,red blue.png,orange.png,none.png,55621
2554,blue.png,green.png,black yellow yellow black.png,blue.png,yellow right.png,55622
2555,black.png,yellow.png,black yellow yellow black.png,black.png,blue right.png,55623
2556,orange.png,black.png,multicolor.png,green.png,blue right.png,55624
2557,green.png,blue.png,down black up red.png,yellow.png,red left.png,55625
2558,green.png,black.png,black red.png,yellow.png,orange right.png,55626
2559,black.png,red.png,yellow black black yellow.png,red.png,orange left.png,55627
2560,blue.png,yellow.png,left black yellow.png,black.png,orange left.png,55628
2561,blue.png,blue.png,green red.png,green.png,blue right.png,55629
2562,blue.png,orange.png,green red.png,blue.png,none.png,55630
2563,red.png,black.png,blue red.png,yellow.png,green left.png,55631
2564,blue.png,black.png,down black up red.png,blue.png,orange right.png,55632
2565,green.png,black.png,orange blue.png,orange.png,orange right.png,55633
2566,blue.png,green.png,up_and_out black yellow.png,blue.png,green right.png,55634
2567,blue.png,blue.png,orange blue.png,yellow.png,black right.png,55635
2568,yellow.png,red.png,left black yellow.png,yellow.png,blue left.png,55636
2569,green.png,orange.png,up_and_out black yellow.png,yellow.png,none.png,55637
2570,blue.png,yellow.png,yellow green blue.png,blue.png,green left.png,55638
2571,green.png,red.png,orange yellow.png,black.png,blue right.png,55639
2572,blue.png,blue.png,green blue.png,black.png,blue left.png,55640
2573,black.png,orange.png,left black yellow.png,yellow.png,red left.png,55641
2574,blue.png,blue.png,green blue.png,black.png,red left.png,55642
2575,yellow.png,black.png,multicolor.png,green.png,red left.png,55643
2576,yellow.png,blue.png,black red.png,blue.png,orange right.png,55644
2577,blue.png,black.png,multicolor.png,blue.png,orange left.png,55645
2578,green.png,blue.png,yellow red.png,red.png,blue right.png,55646
2579,black.png,yellow.png,down black up red.png,green.png,orange right.png,55647
2580,orange.png,orange.png,yellow black black yellow.png,orange.png,blue left.png,55648
2581,yellow.png,orange.png,green yellow.png,red.png,red left.png,55649
2582,red.png,blue.png,multicolor.png,green.png,black left.png,55650
2583,red.png,orange.png,yellow black black yellow.png,orange.png,red left.png,55651
2584,green.png,blue.png,black yellow.png,yellow.png,black left.png,55652
2585,yellow.png,black.png,down black up red.png,orange.png,black left.png,55653
2586,green.png,red.png,yellow red.png,black.png,blue left.png,55654
2587,yellow.png,yellow.png,black red.png,black.png,black right.png,55655
2588,black.png,yellow.png,up_and_out black yellow.png,black.png,blue right.png,55656
2589,green.png,green.png,green red.png,blue.png,blue right.png,55657
2590,blue.png,black.png,down black up red.png,yellow.png,black left.png,55658
2591,orange.png,blue.png,yellow green blue.png,blue.png,orange right.png,55659
2592,black.png,blue.png,yellow red.png,blue.png,orange right.png,55660
2593,blue.png,blue.png,multicolor.png,blue.png,red left.png,55661
2594,black.png,blue.png,green blue.png,blue.png,black right.png,55662
2595,orange.png,green.png,left black yellow.png,black.png,blue right.png,55663
2596,green.png,blue.png,orange blue.png,red.png,yellow left.png,55664
2597,blue.png,green.png,green red.png,black.png,yellow right.png,55665
2598,yellow.png,red.png,red blue.png,black.png,black left.png,55666
2599,blue.png,blue.png,up_and_out black yellow.png,blue.png,black left.png,55667
2600,yellow.png,orange.png,orange yellow.png,red.png,green right.png,55668
2601,yellow.png,green.png,yellow blue.png,yellow.png,green right.png,55669
2602,red.png,black.png,yellow black black yellow.png,black.png,black left.png,55670
2603,red.png,orange.png,red blue.png,yellow.png,blue right.png,55671
2604,orange.png,black.png,black yellow yellow black.png,green.png,blue left.png,55672
2605,black.png,black.png,green red.png,blue.png,blue left.png,55673
2606,blue.png,black.png,green blue.png,green.png,green right.png,55674
2607,orange.png,yellow.png,black red.png,green.png,green left.png,55675
2608,red.png,green.png,green yellow.png,black.png,green right.png,55676
2609,blue.png,red.png,green red.png,yellow.png,none.png,55677
2610,black.png,blue.png,yellow red.png,green.png,green left.png,55678
2611,black.png,red.png,red blue.png,red.png,red left.png,55679
2612,orange.png,green.png,green red.png,red.png,yellow right.png,55680
2613,black.png,yellow.png,black yellow yellow black.png,red.png,orange left.png,55681
2614,green.png,green.png,orange blue.png,yellow.png,none.png,55682
2615,black.png,red.png,black yellow.png,red.png,blue left.png,55683
2616,blue.png,green.png,left black yellow.png,red.png,blue left.png,55684
2617,blue.png,black.png,blue red.png,green.png,blue left.png,55685
2618,green.png,black.png,up_and_out black yellow.png,green.png,blue left.png,55686
2619,red.png,orange.png,black red.png,red.png,yellow left.png,55687
2620,black.png,yellow.png,green blue.png,black.png,black left.png,55688
2621,yellow.png,black.png,black red.png,blue.png,yellow right.png,55689
2622,yellow.png,yellow.png,black yellow.png,yellow.png,orange right.png,55690
2623,red.png,yellow.png,green red.png,yellow.png,blue right.png,55691
2624,yellow.png,blue.png,up_and_out black yellow.png,black.png,green right.png,55692
2625,orange.png,orange.png,black yellow yellow black.png,yellow.png,blue left.png,55693
2626,black.png,black.png,orange yellow.png,orange.png,black right.png,55694
2627,black.png,black.png,yellow blue.png,green.png,black left.png,55695
2628,green.png,yellow.png,orange blue.png,blue.png,blue right.png,55696
2629,yellow.png,blue.png,yellow black black yellow.png,orange.png,blue left.png,55697
2630,orange.png,green.png,blue red.png,orange.png,blue right.png,55698
2631,orange.png,green.png,multicolor.png,red.png,blue left.png,55699
2632,orange.png,blue.png,orange yellow.png,green.png,yellow left.png,55700
2633,orange.png,red.png,red blue.png,orange.png,black right.png,55701
2634,blue.png,yellow.png,orange blue.png,orange.png,none.png,55702
2635,black.png,blue.png,red blue.png,blue.png,red left.png,55703
2636,green.png,orange.png,green yellow.png,orange.png,black right.png,55704
2637,blue.png,blue.png,yellow black black yellow.png,red.png,black right.png,55705
2638,black.png,red.png,green yellow.png,blue.png,yellow right.png,55706
2639,green.png,orange.png,yellow black black yellow.png,red.png,green left.png,55707
2640,orange.png,red.png,down black up red.png,blue.png,yellow left.png,55708
2641,yellow.png,blue.png,orange yellow.png,blue.png,none.png,55709
2642,yellow.png,blue.png,black yellow.png,red.png,none.png,55710
2643,red.png,green.png,yellow green blue.png,black.png,black left.png,55711
2644,blue.png,orange.png,red blue.png,red.png,yellow left.png,55712
2645,red.png,red.png,green blue.png,green.png,yellow left.png,55713
2646,blue.png,blue.png,orange yellow.png,black.png,blue right.png,55714
2647,blue.png,green.png,orange yellow.png,blue.png,black left.png,55715
2648,black.png,orange.png,black yellow.png,orange.png,black left.png,55716
2649,green.png,orange.png,red blue.png,orange.png,blue left.png,55717
2650,orange.png,green.png,orange yellow.png,orange.png,blue left.png,55718
2651,orange.png,red.png,black yellow yellow black.png,green.png,blue left.png,55719
2652,blue.png,black.png,yellow black black yellow.png,yellow.png,orange right.png,55720
2653,yellow.png,orange.png,green blue.png,red.png,yellow right.png,55721
2654,red.png,orange.png,orange yellow.png,green.png,blue right.png,55722
2655,green.png,yellow.png,down black up red.png,orange.png,orange right.png,55723
2656,red.png,green.png,black yellow yellow black.png,blue.png,blue left.png,55724
2657,blue.png,blue.png,green yellow.png,orange.png,orange left.png,55725
2658,black.png,blue.png,red blue.png,red.png,orange right.png,55726
2659,green.png,orange.png,yellow red.png,red.png,green left.png,55727
2660,green.png,red.png,green yellow.png,blue.png,black right.png,55728
2661,orange.png,green.png,red blue.png,red.png,orange left.png,55729
2662,black.png,red.png,blue red.png,red.png,blue left.png,55730
2663,blue.png,yellow.png,orange yellow.png,red.png,orange left.png,55731
2664,green.png,yellow.png,green blue.png,yellow.png,green left.png,55732
2665,yellow.png,green.png,orange blue.png,blue.png,orange left.png,55733
2666,yellow.png,orange.png,orange yellow.png,black.png,orange right.png,55734
2667,blue.png,red.png,black yellow.png,green.png,black right.png,55735
2668,green.png,green.png,yellow green blue.png,orange.png,black left.png,55736
2669,yellow.png,green.png,yellow black black yellow.png,blue.png,green left.png,55737
2670,orange.png,orange.png,left black yellow.png,red.png,red left.png,55738
2671,blue.png,black.png,yellow green blue.png,green.png,green right.png,55739
2672,green.png,red.png,yellow green blue.png,yellow.png,blue right.png,55740
2673,yellow.png,red.png,green blue.png,green.png,yellow right.png,55741
2674,orange.png,green.png,green yellow.png,yellow.png,yellow right.png,55742
2675,black.png,blue.png,orange blue.png,green.png,orange right.png,55743
2676,orange.png,black.png,multicolor.png,red.png,yellow right.png,55744
2677,blue.png,red.png,yellow black black yellow.png,red.png,red left.png,55745
2678,yellow.png,orange.png,yellow red.png,black.png,blue left.png,55746
2679,orange.png,black.png,black yellow yellow black.png,green.png,yellow left.png,55747
2680,yellow.png,blue.png,yellow black black yellow.png,red.png,orange right.png,55748
2681,red.png,black.png,yellow green blue.png,red.png,blue right.png,55749
2682,red.png,green.png,multicolor.png,black.png,green right.png,55750
2683,orange.png,blue.png,black yellow.png,red.png,orange left.png,55751
2684,green.png,red.png,black red.png,red.png,black right.png,55752
2685,green.png,yellow.png,down black up red.png,yellow.png,none.png,55753
2686,black.png,yellow.png,yellow green blue.png,blue.png,yellow left.png,55754
2687,black.png,green.png,orange blue.png,blue.png,green right.png,55755
2688,black.png,yellow.png,green yellow.png,blue.png,black right.png,55756
2689,orange.png,yellow.png,blue red.png,yellow.png,yellow left.png,55757
2690,yellow.png,black.png,orange blue.png,blue.png,orange left.png,55758
2691,orange.png,blue.png,black yellow.png,green.png,green left.png,55759
2692,blue.png,green.png,orange yellow.png,yellow.png,none.png,55760
2693,green.png,orange.png,red blue.png,blue.png,yellow left.png,55761
2694,green.png,black.png,yellow green blue.png,green.png,none.png,55762
2695,red.png,black.png,red blue.png,yellow.png,green left.png,55763
2696,blue.png,blue.png,multicolor.png,yellow.png,orange left.png,55764
2697,red.png,orange.png,green red.png,red.png,yellow right.png,55765
2698,green.png,green.png,orange yellow.png,yellow.png,orange left.png,55766
2699,green.png,red.png,red blue.png,blue.png,blue left.png,55767
2700,blue.png,black.png,left black yellow.png,orange.png,black left.png,55768
2701,black.png,black.png,left black yellow.png,black.png,blue left.png,55769
2702,blue.png,blue.png,black yellow yellow black.png,red.png,yellow left.png,55770
2703,black.png,yellow.png,left black yellow.png,green.png,yellow right.png,55771
2704,orange.png,black.png,up_and_out black yellow.png,green.png,black right.png,55772
2705,blue.png,orange.png,orange yellow.png,red.png,black right.png,55773
2706,black.png,black.png,left black yellow.png,red.png,none.png,55774
2707,green.png,orange.png,green yellow.png,red.png,black right.png,55775
2708,red.png,green.png,green red.png,yellow.png,yellow right.png,55776
2709,orange.png,red.png,green blue.png,red.png,black left.png,55777
2710,orange.png,orange.png,black red.png,green.png,yellow right.png,55778
2711,yellow.png,green.png,green yellow.png,yellow.png,green right.png,55779
2712,green.png,red.png,up_and_out black yellow.png,blue.png,blue right.png,55780
2713,yellow.png,black.png,down black up red.png,green.png,yellow right.png,55781
2714,red.png,orange.png,yellow red.png,yellow.png,none.png,55782
2715,yellow.png,orange.png,yellow black black yellow.png,yellow.png,green right.png,55783
2716,green.png,green.png,black red.png,green.png,green right.png,55784
2717,red.png,red.png,yellow black black yellow.png,green.png,none.png,55785
2718,green.png,orange.png,down black up red.png,blue.png,none.png,55786
2719,green.png,yellow.png,yellow black black yellow.png,orange.png,green left.png,55787
2720,green.png,green.png,black red.png,orange.png,none.png,55788
2721,black.png,red.png,yellow black black yellow.png,black.png,blue right.png,55789
2722,black.png,red.png,black red.png,orange.png,green right.png,55790
2723,yellow.png,red.png,red blue.png,orange.png,black left.png,55791
2724,blue.png,yellow.png,yellow blue.png,orange.png,green right.png,55792
2725,green.png,black.png,orange blue.png,red.png,blue right.png,55793
2726,blue.png,green.png,up_and_out black yellow.png,orange.png,black left.png,55794
2727,black.png,red.png,red blue.png,black.png,black left.png,55795
2728,green.png,green.png,orange blue.png,red.png,green right.png,55796
2729,orange.png,green.png,up_and_out black yellow.png,orange.png,blue right.png,55797
2730,orange.png,red.png,blue red.png,red.png,orange right.png,55798
2731,green.png,black.png,orange yellow.png,blue.png,orange left.png,55799
2732,orange.png,yellow.png,black red.png,black.png,yellow left.png,55800
2733,yellow.png,orange.png,yellow black black yellow.png,yellow.png,black left.png,55801
2734,red.png,orange.png,yellow green blue.png,red.png,green right.png,55802
2735,red.png,orange.png,yellow black black yellow.png,black.png,yellow right.png,55803
2736,orange.png,yellow.png,blue red.png,orange.png,green left.png,55804
2737,red.png,blue.png,green yellow.png,yellow.png,black left.png,55805
2738,yellow.png,black.png,orange blue.png,orange.png,green right.png,55806
2739,red.png,orange.png,left black yellow.png,green.png,yellow left.png,55807
2740,blue.png,blue.png,orange yellow.png,red.png,green left.png,55808
2741,orange.png,red.png,black yellow.png,blue.png,yellow right.png,55809
2742,orange.png,yellow.png,yellow blue.png,yellow.png,black right.png,55810
2743,black.png,blue.png,orange yellow.png,yellow.png,blue right.png,55811
2744,orange.png,red.png,up_and_out black yellow.png,red.png,none.png,55812
2745,blue.png,yellow.png,up_and_out black yellow.png,red.png,yellow left.png,55813
2746,blue.png,red.png,left black yellow.png,green.png,black right.png,55814
2747,black.png,green.png,green blue.png,red.png,yellow left.png,55815
2748,blue.png,black.png,yellow red.png,green.png,red left.png,55816
2749,black.png,black.png,left black yellow.png,green.png,black right.png,55817
2750,black.png,yellow.png,yellow green blue.png,orange.png,black left.png,55818
2751,yellow.png,blue.png,down black up red.png,blue.png,yellow right.png,55819
2752,yellow.png,green.png,red blue.png,red.png,none.png,55820
2753,yellow.png,black.png,black yellow yellow black.png,blue.png,none.png,55821
2754,green.png,red.png,yellow blue.png,green.png,orange left.png,55822
2755,yellow.png,black.png,black yellow.png,orange.png,black left.png,55823
2756,blue.png,black.png,up_and_out black yellow.png,red.png,yellow right.png,55824
2757,green.png,black.png,left black yellow.png,orange.png,yellow right.png,55825
2758,yellow.png,red.png,green red.png,red.png,blue right.png,55826
2759,black.png,black.png,yellow red.png,orange.png,black left.png,55827
2760,blue.png,orange.png,black yellow yellow black.png,orange.png,black left.png,55828
2761,green.png,blue.png,up_and_out black yellow.png,green.png,orange left.png,55829
2762,red.png,orange.png,yellow blue.png,green.png,yellow right.png,55830
2763,orange.png,blue.png,orange yellow.png,orange.png,orange left.png,55831
2764,yellow.png,blue.png,black red.png,blue.png,black right.png,55832
2765,blue.png,orange.png,yellow green blue.png,blue.png,red left.png,55833
2766,blue.png,red.png,left black yellow.png,yellow.png,yellow left.png,55834
2767,green.png,orange.png,yellow green blue.png,orange.png,red left.png,55835
2768,yellow.png,green.png,yellow black black yellow.png,blue.png,yellow left.png,55836
2769,red.png,blue.png,blue red.png,black.png,none.png,55837
2770,red.png,blue.png,orange yellow.png,orange.png,red left.png,55838
2771,black.png,red.png,black yellow.png,red.png,orange left.png,55839
2772,yellow.png,red.png,multicolor.png,red.png,green right.png,55840
2773,red.png,yellow.png,yellow green blue.png,black.png,yellow right.png,55841
2774,orange.png,orange.png,black red.png,orange.png,yellow right.png,55842
2775,red.png,blue.png,black yellow.png,orange.png,orange right.png,55843
2776,red.png,yellow.png,black yellow.png,green.png,red left.png,55844
2777,red.png,orange.png,blue red.png,red.png,blue left.png,55845
2778,yellow.png,yellow.png,blue red.png,yellow.png,orange right.png,55846
2779,orange.png,green.png,green blue.png,green.png,green right.png,55847
2780,orange.png,blue.png,black yellow.png,yellow.png,yellow right.png,55848
2781,black.png,orange.png,blue red.png,orange.png,blue right.png,55849
2782,orange.png,yellow.png,down black up red.png,green.png,blue left.png,55850
2783,blue.png,green.png,multicolor.png,blue.png,none.png,55851
2784,green.png,yellow.png,blue red.png,red.png,yellow right.png,55852
2785,orange.png,black.png,multicolor.png,yellow.png,yellow right.png,55853
2786,orange.png,green.png,green red.png,red.png,blue left.png,55854
2787,red.png,blue.png,yellow red.png,yellow.png,yellow right.png,55855
2788,orange.png,yellow.png,yellow black black yellow.png,yellow.png,black left.png,55856
2789,blue.png,orange.png,yellow blue.png,yellow.png,yellow left.png,55857
2790,blue.png,yellow.png,yellow blue.png,red.png,green left.png,55858
2791,blue.png,orange.png,multicolor.png,black.png,red left.png,55859
2792,blue.png,yellow.png,orange blue.png,black.png,blue left.png,55860
2793,blue.png,green.png,down black up red.png,orange.png,red left.png,55861
2794,blue.png,orange.png,blue red.png,blue.png,orange left.png,55862
2795,green.png,green.png,down black up red.png,yellow.png,blue left.png,55863
2796,orange.png,orange.png,yellow blue.png,orange.png,yellow right.png,55864
2797,blue.png,red.png,red blue.png,yellow.png,none.png,55865
2798,green.png,black.png,up_and_out black yellow.png,blue.png,none.png,55866
2799,black.png,red.png,black yellow yellow black.png,blue.png,green right.png,55867
2800,orange.png,red.png,black yellow.png,blue.png,green right.png,55868
2801,red.png,blue.png,yellow green blue.png,yellow.png,black right.png,55869
2802,yellow.png,green.png,green red.png,orange.png,green left.png,55870
2803,red.png,red.png,orange yellow.png,red.png,orange right.png,55871
2804,blue.png,orange.png,yellow red.png,green.png,black right.png,55872
2805,green.png,yellow.png,left black yellow.png,orange.png,none.png,55873
2806,blue.png,black.png,green yellow.png,orange.png,yellow right.png,55874
2807,black.png,yellow.png,black yellow yellow black.png,blue.png,black right.png,55875
2808,green.png,yellow.png,green blue.png,black.png,yellow left.png,55876
2809,orange.png,red.png,black yellow.png,blue.png,black left.png,55877
2810,orange.png,red.png,black red.png,black.png,orange left.png,55878
2811,red.png,black.png,yellow green blue.png,red.png,green left.png,55879
2812,orange.png,orange.png,green red.png,green.png,black left.png,55880
2813,red.png,green.png,up_and_out black yellow.png,green.png,blue left.png,55881
2814,red.png,yellow.png,yellow blue.png,green.png,orange right.png,55882
2815,blue.png,orange.png,yellow blue.png,blue.png,green right.png,55883
2816,orange.png,red.png,green blue.png,blue.png,blue right.png,55884
2817,yellow.png,yellow.png,blue red.png,orange.png,yellow right.png,55885
2818,red.png,yellow.png,multicolor.png,orange.png,green left.png,55886
2819,orange.png,black.png,green red.png,green.png,blue left.png,55887
2820,yellow.png,red.png,orange yellow.png,yellow.png,yellow right.png,55888
2821,green.png,green.png,orange blue.png,yellow.png,yellow left.png,55889
2822,yellow.png,orange.png,black yellow.png,green.png,red left.png,55890
2823,orange.png,red.png,yellow blue.png,blue.png,red left.png,55891
2824,green.png,yellow.png,green red.png,red.png,black left.png,55892
2825,black.png,green.png,yellow blue.png,orange.png,blue left.png,55893
2826,blue.png,blue.png,up_and_out black yellow.png,red.png,black right.png,55894
2827,yellow.png,black.png,blue red.png,orange.png,black left.png,55895
2828,green.png,blue.png,red blue.png,orange.png,yellow left.png,55896
2829,red.png,orange.png,blue red.png,yellow.png,black left.png,55897
2830,yellow.png,orange.png,yellow green blue.png,blue.png,none.png,55898
2831,blue.png,orange.png,down black up red.png,green.png,yellow right.png,55899
2832,green.png,red.png,yellow blue.png,green.png,green left.png,55900
2833,red.png,yellow.png,orange yellow.png,blue.png,blue right.png,55901
2834,orange.png,orange.png,red blue.png,yellow.png,black right.png,55902
2835,orange.png,green.png,yellow black black yellow.png,black.png,black right.png,55903
2836,orange.png,yellow.png,up_and_out black yellow.png,blue.png,green right.png,55904
2837,yellow.png,blue.png,yellow black black yellow.png,red.png,orange left.png,55905
2838,green.png,green.png,blue red.png,yellow.png,blue right.png,55906
2839,red.png,orange.png,black yellow yellow black.png,black.png,black right.png,55907
2840,black.png,orange.png,yellow green blue.png,black.png,orange right.png,55908
2841,green.png,black.png,up_and_out black yellow.png,orange.png,none.png,55909
2842,yellow.png,orange.png,orange yellow.png,black.png,orange left.png,55910
2843,blue.png,green.png,black red.png,red.png,yellow left.png,55911
2844,yellow.png,black.png,black red.png,green.png,none.png,55912
2845,blue.png,yellow.png,black red.png,orange.png,yellow left.png,55913
2846,orange.png,red.png,left black yellow.png,orange.png,red left.png,55914
2847,black.png,black.png,black yellow.png,green.png,orange left.png,55915
2848,orange.png,red.png,black yellow yellow black.png,red.png,orange left.png,55916
2849,blue.png,orange.png,down black up red.png,green.png,black right.png,55917
2850,blue.png,yellow.png,red blue.png,green.png,green left.png,55918
2851,green.png,black.png,black yellow yellow black.png,red.png,yellow left.png,55919
2852,blue.png,blue.png,green red.png,yellow.png,black left.png,55920
2853,blue.png,orange.png,orange yellow.png,yellow.png,blue left.png,55921
2854,orange.png,black.png,left black yellow.png,blue.png,red left.png,55922
2855,yellow.png,red.png,orange yellow.png,orange.png,orange right.png,55923
2856,red.png,black.png,yellow blue.png,green.png,black left.png,55924
2857,green.png,blue.png,orange blue.png,orange.png,red left.png,55925
2858,black.png,green.png,black red.png,blue.png,yellow right.png,55926
2859,yellow.png,red.png,yellow black black yellow.png,orange.png,black left.png,55927
2860,green.png,red.png,blue red.png,blue.png,blue right.png,55928
2861,green.png,blue.png,black red.png,black.png,orange right.png,55929
2862,green.png,black.png,green blue.png,blue.png,blue right.png,55930
2863,yellow.png,green.png,up_and_out black yellow.png,red.png,orange left.png,55931
2864,red.png,yellow.png,orange yellow.png,black.png,yellow right.png,55932
2865,black.png,black.png,up_and_out black yellow.png,yellow.png,none.png,55933
2866,green.png,black.png,orange blue.png,orange.png,black left.png,55934
2867,green.png,blue.png,left black yellow.png,blue.png,blue right.png,55935
2868,black.png,black.png,down black up red.png,black.png,black left.png,55936
2869,green.png,yellow.png,yellow black black yellow.png,green.png,yellow right.png,55937
2870,orange.png,black.png,yellow black black yellow.png,green.png,green right.png,55938
2871,blue.png,orange.png,blue red.png,black.png,yellow left.png,55939
2872,yellow.png,green.png,multicolor.png,red.png,blue right.png,55940
2873,orange.png,black.png,orange blue.png,red.png,black right.png,55941
2874,red.png,red.png,yellow black black yellow.png,orange.png,red left.png,55942
2875,orange.png,green.png,yellow black black yellow.png,blue.png,red left.png,55943
2876,green.png,yellow.png,yellow red.png,red.png,blue left.png,55944
2877,orange.png,black.png,blue red.png,orange.png,black left.png,55945
2878,blue.png,black.png,red blue.png,orange.png,red left.png,55946
2879,blue.png,blue.png,multicolor.png,red.png,green right.png,55947
2880,red.png,blue.png,yellow green blue.png,red.png,blue right.png,55948
2881,black.png,blue.png,multicolor.png,green.png,orange right.png,55949
2882,green.png,blue.png,yellow black black yellow.png,blue.png,red left.png,55950
2883,orange.png,black.png,up_and_out black yellow.png,black.png,red left.png,55951
2884,blue.png,blue.png,left black yellow.png,black.png,none.png,55952
2885,blue.png,green.png,yellow red.png,green.png,orange right.png,55953
2886,green.png,yellow.png,green blue.png,blue.png,green left.png,55954
2887,yellow.png,yellow.png,multicolor.png,green.png,yellow left.png,55955
2888,orange.png,blue.png,down black up red.png,yellow.png,orange left.png,55956
2889,blue.png,blue.png,blue red.png,green.png,green left.png,55957
2890,blue.png,green.png,black yellow yellow black.png,black.png,yellow left.png,55958
2891,red.png,orange.png,green red.png,red.png,green left.png,55959
2892,blue.png,green.png,down black up red.png,orange.png,green right.png,55960
2893,blue.png,orange.png,red blue.png,green.png,orange right.png,55961
2894,yellow.png,orange.png,yellow black black yellow.png,orange.png,blue left.png,55962
2895,yellow.png,orange.png,black yellow yellow black.png,blue.png,orange left.png,55963
2896,red.png,red.png,down black up red.png,black.png,none.png,55964
2897,green.png,blue.png,orange yellow.png,blue.png,none.png,55965
2898,green.png,red.png,yellow blue.png,green.png,red left.png,55966
2899,blue.png,orange.png,up_and_out black yellow.png,green.png,green left.png,55967
2900,blue.png,red.png,yellow red.png,yellow.png,orange left.png,55968
2901,black.png,black.png,green red.png,red.png,black right.png,55969
2902,orange.png,blue.png,up_and_out black yellow.png,yellow.png,none.png,55970
2903,blue.png,green.png,orange yellow.png,yellow.png,blue left.png,55971
2904,black.png,black.png,green red.png,red.png,blue right.png,55972
2905,orange.png,green.png,black yellow.png,red.png,green left.png,55973
2906,blue.png,black.png,down black up red.png,yellow.png,red left.png,55974
2907,blue.png,orange.png,yellow black black yellow.png,orange.png,blue left.png,55975
2908,yellow.png,yellow.png,yellow green blue.png,blue.png,blue right.png,55976
2909,yellow.png,blue.png,black yellow.png,red.png,black left.png,55977
2910,red.png,black.png,black yellow.png,yellow.png,black left.png,55978
2911,yellow.png,blue.png,black yellow yellow black.png,blue.png,green left.png,55979
2912,black.png,red.png,black yellow yellow black.png,black.png,red left.png,55980
2913,yellow.png,red.png,orange yellow.png,red.png,green left.png,55981
2914,orange.png,orange.png,orange yellow.png,green.png,green left.png,55982
2915,orange.png,red.png,green yellow.png,green.png,yellow right.png,55983
2916,blue.png,blue.png,blue red.png,green.png,black left.png,55984
2917,orange.png,yellow.png,orange blue.png,black.png,orange left.png,55985
2918,yellow.png,green.png,red blue.png,red.png,blue left.png,55986
2919,green.png,black.png,orange blue.png,blue.png,yellow right.png,55987
2920,black.png,green.png,left black yellow.png,black.png,none.png,55988
2921,yellow.png,yellow.png,multicolor.png,green.png,none.png,55989
2922,yellow.png,black.png,green blue.png,black.png,black left.png,55990
2923,black.png,yellow.png,blue red.png,yellow.png,yellow right.png,55991
2924,red.png,yellow.png,red blue.png,black.png,blue left.png,55992
2925,blue.png,black.png,orange yellow.png,red.png,black left.png,55993
2926,black.png,orange.png,up_and_out black yellow.png,orange.png,none.png,55994
2927,yellow.png,orange.png,black yellow yellow black.png,green.png,blue right.png,55995
2928,red.png,blue.png,left black yellow.png,orange.png,black right.png,55996
2929,green.png,red.png,blue red.png,blue.png,black right.png,55997
2930,black.png,blue.png,green blue.png,orange.png,green left.png,55998
2931,black.png,blue.png,black red.png,red.png,blue right.png,55999
2932,black.png,black.png,black yellow yellow black.png,black.png,yellow right.png,56000
2933,green.png,orange.png,down black up red.png,yellow.png,green left.png,56001
2934,black.png,red.png,up_and_out black yellow.png,black.png,orange right.png,56002
2935,red.png,blue.png,yellow black black yellow.png,yellow.png,none.png,56003
2936,yellow.png,black.png,multicolor.png,orange.png,blue right.png,56004
2937,green.png,red.png,yellow red.png,red.png,yellow left.png,56005
2938,black.png,orange.png,yellow red.png,black.png,yellow left.png,56006
2939,black.png,red.png,yellow red.png,black.png,green left.png,56007
2940,orange.png,yellow.png,left black yellow.png,blue.png,green right.png,56008
2941,blue.png,blue.png,black yellow yellow black.png,black.png,red left.png,56009
2942,black.png,green.png,red blue.png,green.png,yellow left.png,56010
2943,green.png,red.png,black red.png,orange.png,yellow left.png,56011
2944,blue.png,black.png,yellow green blue.png,red.png,blue right.png,56012
2945,black.png,black.png,black yellow.png,blue.png,orange left.png,56013
2946,red.png,black.png,yellow green blue.png,red.png,orange right.png,56014
2947,green.png,red.png,orange yellow.png,red.png,orange right.png,56015
2948,yellow.png,orange.png,green blue.png,orange.png,black right.png,56016
2949,orange.png,red.png,green yellow.png,orange.png,none.png,56017
2950,green.png,green.png,red blue.png,blue.png,black right.png,56018
2951,green.png,orange.png,yellow red.png,red.png,green right.png,56019
2952,green.png,yellow.png,down black up red.png,orange.png,red left.png,56020
2953,blue.png,yellow.png,green red.png,black.png,yellow right.png,56021
2954,blue.png,green.png,up_and_out black yellow.png,orange.png,red left.png,56022
2955,black.png,blue.png,orange blue.png,red.png,none.png,56023
2956,blue.png,black.png,yellow blue.png,green.png,black left.png,56024
2957,orange.png,black.png,yellow blue.png,yellow.png,green right.png,56025
2958,blue.png,yellow.png,left black yellow.png,black.png,green left.png,56026
2959,yellow.png,orange.png,orange blue.png,green.png,orange left.png,56027
2960,yellow.png,blue.png,multicolor.png,black.png,black right.png,56028
2961,black.png,green.png,left black yellow.png,orange.png,black right.png,56029
2962,black.png,orange.png,yellow red.png,orange.png,blue right.png,56030
2963,green.png,orange.png,orange yellow.png,blue.png,black left.png,56031
2964,blue.png,green.png,orange yellow.png,blue.png,orange left.png,56032
2965,red.png,orange.png,yellow red.png,black.png,orange left.png,56033
2966,orange.png,yellow.png,black yellow.png,black.png,green right.png,56034
2967,red.png,yellow.png,green red.png,blue.png,none.png,56035
2968,blue.png,green.png,black yellow.png,red.png,orange right.png,56036
2969,blue.png,green.png,down black up red.png,yellow.png,none.png,56037
2970,blue.png,green.png,black yellow yellow black.png,blue.png,blue left.png,56038
2971,green.png,blue.png,yellow blue.png,black.png,orange right.png,56039
2972,red.png,yellow.png,yellow red.png,red.png,blue right.png,56040
2973,yellow.png,green.png,yellow black black yellow.png,orange.png,yellow left.png,56041
2974,black.png,blue.png,down black up red.png,green.png,red left.png,56042
2975,blue.png,black.png,yellow black black yellow.png,blue.png,red left.png,56043
2976,yellow.png,blue.png,red blue.png,black.png,orange right.png,56044
2977,black.png,orange.png,black yellow yellow black.png,blue.png,blue right.png,56045
2978,blue.png,blue.png,blue red.png,green.png,green right.png,56046
2979,orange.png,orange.png,blue red.png,red.png,blue left.png,56047
2980,black.png,black.png,black yellow yellow black.png,green.png,blue left.png,56048
2981,orange.png,black.png,black yellow.png,yellow.png,black right.png,56049
2982,orange.png,red.png,up_and_out black yellow.png,black.png,green left.png,56050
2983,blue.png,yellow.png,left black yellow.png,blue.png,orange right.png,56051
2984,yellow.png,black.png,yellow black black yellow.png,green.png,black left.png,56052
2985,blue.png,yellow.png,orange blue.png,green.png,blue left.png,56053
2986,black.png,green.png,yellow red.png,green.png,orange left.png,56054
2987,blue.png,orange.png,black yellow yellow black.png,red.png,none.png,56055
2988,green.png,green.png,black yellow.png,yellow.png,green left.png,56056
2989,green.png,yellow.png,orange yellow.png,yellow.png,yellow left.png,56057
2990,green.png,blue.png,orange yellow.png,blue.png,orange right.png,56058
2991,green.png,green.png,multicolor.png,orange.png,orange left.png,56059
2992,red.png,red.png,orange yellow.png,orange.png,red left.png,56060
2993,yellow.png,red.png,left black yellow.png,green.png,none.png,56061
2994,black.png,yellow.png,green blue.png,black.png,none.png,56062
2995,blue.png,green.png,down black up red.png,red.png,orange left.png,56063
2996,black.png,yellow.png,yellow black black yellow.png,yellow.png,black left.png,56064
2997,blue.png,black.png,green yellow.png,red.png,blue right.png,56065
2998,yellow.png,green.png,black yellow.png,yellow.png,yellow right.png,56066
2999,red.png,blue.png,yellow red.png,blue.png,red left.png,56067
3000,orange.png,red.png,blue red.png,yellow.png,orange right.png,56068
3001,green.png,black.png,multicolor.png,green.png,green right.png,70697
3002,black.png,green.png,left black yellow.png,red.png,blue right.png,70698
3003,black.png,yellow.png,green blue.png,green.png,blue left.png,70699
3004,red.png,blue.png,yellow blue.png,yellow.png,green right.png,70700
3005,orange.png,blue.png,green blue.png,black.png,blue left.png,70701
3006,blue.png,green.png,black yellow.png,yellow.png,yellow left.png,70702
3007,yellow.png,green.png,down black up red.png,red.png,green left.png,70703
3008,green.png,orange.png,blue red.png,black.png,orange right.png,70704
3009,orange.png,black.png,black red.png,black.png,orange left.png,70705
3010,red.png,blue.png,orange blue.png,blue.png,blue left.png,70706
3011,yellow.png,black.png,orange blue.png,yellow.png,orange left.png,70707
3012,orange.png,red.png,yellow black black yellow.png,red.png,blue right.png,70708
3013,black.png,yellow.png,yellow black black yellow.png,yellow.png,red left.png,70709
3014,black.png,blue.png,orange yellow.png,orange.png,yellow left.png,70710
3015,orange.png,red.png,orange yellow.png,orange.png,yellow right.png,70711
3016,blue.png,black.png,red blue.png,blue.png,blue right.png,70712
3017,green.png,yellow.png,up_and_out black yellow.png,green.png,blue left.png,70713
3018,green.png,yellow.png,orange blue.png,green.png,orange right.png,70714
3019,green.png,orange.png,yellow green blue.png,yellow.png,orange left.png,70715
3020,red.png,yellow.png,yellow green blue.png,red.png,green right.png,70716
3021,blue.png,green.png,black red.png,orange.png,orange right.png,70717
3022,black.png,green.png,blue red.png,green.png,red left.png,70718
3023,blue.png,blue.png,yellow black black yellow.png,red.png,yellow left.png,70719
3024,orange.png,yellow.png,yellow blue.png,blue.png,green right.png,70720
3025,red.png,green.png,blue red.png,blue.png,yellow left.png,70721
3026,black.png,orange.png,orange yellow.png,yellow.png,black right.png,70722
3027,yellow.png,black.png,black yellow yellow black.png,red.png,black right.png,70723
3028,orange.png,yellow.png,yellow black black yellow.png,black.png,orange right.png,70724
3029,orange.png,black.png,black yellow yellow black.png,red.png,yellow left.png,70725
3030,red.png,blue.png,blue red.png,red.png,green right.png,70726
3031,green.png,yellow.png,blue red.png,blue.png,blue left.png,70727
3032,blue.png,black.png,blue red.png,green.png,yellow left.png,70728
3033,black.png,black.png,orange yellow.png,yellow.png,green right.png,70729
3034,blue.png,blue.png,green red.png,black.png,black left.png,70730
3035,red.png,green.png,black yellow.png,red.png,red left.png,70731
3036,yellow.png,orange.png,orange yellow.png,yellow.png,yellow left.png,70732
3037,blue.png,green.png,yellow black black yellow.png,blue.png,black right.png,70733
3038,black.png,green.png,down black up red.png,yellow.png,orange left.png,70734
3039,blue.png,black.png,red blue.png,blue.png,black right.png,70735
3040,blue.png,blue.png,yellow green blue.png,orange.png,green left.png,70736
3041,blue.png,yellow.png,green red.png,black.png,orange right.png,70737
3042,yellow.png,green.png,down black up red.png,green.png,black right.png,70738
3043,red.png,orange.png,yellow blue.png,yellow.png,red left.png,70739
3044,yellow.png,yellow.png,black yellow.png,black.png,none.png,70740
3045,blue.png,blue.png,multicolor.png,green.png,yellow right.png,70741
3046,black.png,orange.png,green blue.png,yellow.png,yellow left.png,70742
3047,orange.png,black.png,down black up red.png,green.png,none.png,70743
3048,green.png,black.png,blue red.png,blue.png,none.png,70744
3049,orange.png,red.png,left black yellow.png,red.png,none.png,70745
3050,green.png,black.png,black yellow.png,blue.png,green left.png,70746
3051,orange.png,red.png,up_and_out black yellow.png,orange.png,blue right.png,70747
3052,red.png,blue.png,up_and_out black yellow.png,yellow.png,red left.png,70748
3053,orange.png,orange.png,orange blue.png,black.png,none.png,70749
3054,yellow.png,green.png,orange blue.png,yellow.png,black left.png,70750
3055,red.png,yellow.png,blue red.png,yellow.png,yellow right.png,70751
3056,green.png,orange.png,yellow black black yellow.png,blue.png,blue right.png,70752
3057,black.png,red.png,green red.png,green.png,black right.png,70753
3058,green.png,orange.png,yellow blue.png,red.png,green right.png,70754
3059,blue.png,green.png,down black up red.png,blue.png,green left.png,70755
3060,yellow.png,red.png,green yellow.png,blue.png,orange left.png,70756
3061,yellow.png,black.png,yellow blue.png,orange.png,yellow right.png,70757
3062,green.png,red.png,black yellow yellow black.png,green.png,red left.png,70758
3063,green.png,orange.png,black red.png,blue.png,black right.png,70759
3064,black.png,red.png,orange blue.png,yellow.png,orange left.png,70760
3065,black.png,blue.png,down black up red.png,black.png,blue right.png,70761
3066,green.png,orange.png,down black up red.png,red.png,green left.png,70762
3067,black.png,orange.png,yellow black black yellow.png,green.png,orange right.png,70763
3068,orange.png,green.png,yellow black black yellow.png,yellow.png,yellow right.png,70764
3069,black.png,red.png,red blue.png,green.png,orange right.png,70765
3070,yellow.png,yellow.png,black yellow.png,orange.png,black left.png,70766
3071,green.png,yellow.png,black yellow yellow black.png,blue.png,black left.png,70767
3072,orange.png,blue.png,blue red.png,blue.png,orange left.png,70768
3073,orange.png,black.png,left black yellow.png,orange.png,green right.png,70769
3074,red.png,black.png,orange blue.png,red.png,green left.png,70770
3075,yellow.png,orange.png,yellow black black yellow.png,orange.png,yellow left.png,70771
3076,orange.png,blue.png,black yellow yellow black.png,yellow.png,none.png,70772
3077,red.png,black.png,yellow red.png,red.png,black right.png,70773
3078,blue.png,black.png,green yellow.png,red.png,yellow right.png,70774
3079,red.png,blue.png,green blue.png,yellow.png,orange left.png,70775
3080,black.png,red.png,yellow red.png,orange.png,blue left.png,70776
3081,blue.png,blue.png,green red.png,red.png,orange left.png,70777
3082,blue.png,orange.png,down black up red.png,blue.png,none.png,70778
3083,orange.png,blue.png,green blue.png,yellow.png,red left.png,70779
3084,red.png,green.png,yellow green blue.png,blue.png,orange right.png,70780
3085,orange.png,yellow.png,green yellow.png,yellow.png,black left.png,70781
3086,green.png,yellow.png,multicolor.png,black.png,green right.png,70782
3087,yellow.png,red.png,down black up red.png,green.png,black left.png,70783
3088,green.png,yellow.png,yellow black black yellow.png,black.png,black left.png,70784
3089,orange.png,black.png,blue red.png,black.png,blue left.png,70785
3090,blue.png,red.png,yellow green blue.png,orange.png,orange right.png,70786
3091,blue.png,orange.png,black red.png,yellow.png,blue right.png,70787
3092,black.png,red.png,left black yellow.png,yellow.png,blue right.png,70788
3093,red.png,black.png,black red.png,green.png,blue right.png,70789
3094,green.png,red.png,multicolor.png,blue.png,blue right.png,70790
3095,blue.png,black.png,black yellow yellow black.png,blue.png,yellow right.png,70791
3096,blue.png,yellow.png,down black up red.png,green.png,orange right.png,70792
3097,red.png,black.png,yellow red.png,red.png,green left.png,70793
3098,orange.png,red.png,orange blue.png,red.png,black right.png,70794
3099,yellow.png,blue.png,green yellow.png,yellow.png,black right.png,70795
3100,orange.png,orange.png,multicolor.png,blue.png,blue left.png,70796
3101,black.png,orange.png,black yellow.png,orange.png,none.png,70797
3102,black.png,yellow.png,red blue.png,red.png,orange left.png,70798
3103,yellow.png,green.png,green red.png,blue.png,green right.png,70799
3104,yellow.png,red.png,orange blue.png,black.png,green right.png,70800
3105,yellow.png,red.png,black yellow yellow black.png,orange.png,yellow left.png,70801
3106,red.png,black.png,orange yellow.png,green.png,blue right.png,70802
3107,green.png,red.png,orange blue.png,green.png,green right.png,70803
3108,red.png,orange.png,yellow blue.png,orange.png,green left.png,70804
3109,orange.png,orange.png,blue red.png,blue.png,yellow right.png,70805
3110,orange.png,blue.png,yellow black black yellow.png,green.png,green right.png,70806
3111,orange.png,yellow.png,blue red.png,blue.png,green right.png,70807
3112,green.png,yellow.png,multicolor.png,orange.png,black right.png,70808
3113,orange.png,orange.png,red blue.png,green.png,orange right.png,70809
3114,black.png,black.png,down black up red.png,yellow.png,green left.png,70810
3115,yellow.png,orange.png,yellow red.png,green.png,yellow right.png,70811
3116,blue.png,orange.png,orange yellow.png,orange.png,blue left.png,70812
3117,blue.png,blue.png,red blue.png,blue.png,blue right.png,70813
3118,yellow.png,orange.png,orange blue.png,red.png,orange right.png,70814
3119,blue.png,black.png,green yellow.png,orange.png,orange left.png,70815
3120,orange.png,black.png,blue red.png,red.png,orange left.png,70816
3121,orange.png,yellow.png,down black up red.png,green.png,black right.png,70817
3122,orange.png,orange.png,yellow red.png,red.png,blue right.png,70818
3123,orange.png,orange.png,left black yellow.png,green.png,blue right.png,70819
3124,black.png,blue.png,yellow black black yellow.png,green.png,yellow left.png,70820
3125,yellow.png,red.png,green blue.png,green.png,black left.png,70821
3126,blue.png,yellow.png,multicolor.png,black.png,green right.png,70822
3127,orange.png,orange.png,black yellow yellow black.png,black.png,blue right.png,70823
3128,green.png,yellow.png,up_and_out black yellow.png,green.png,green right.png,70824
3129,blue.png,yellow.png,black red.png,black.png,black left.png,70825
3130,black.png,black.png,orange yellow.png,red.png,yellow right.png,70826
3131,orange.png,red.png,down black up red.png,black.png,green right.png,70827
3132,red.png,green.png,yellow red.png,red.png,yellow right.png,70828
3133,yellow.png,green.png,yellow black black yellow.png,black.png,black left.png,70829
3134,yellow.png,green.png,multicolor.png,orange.png,yellow right.png,70830
3135,blue.png,orange.png,orange blue.png,black.png,orange left.png,70831
3136,green.png,orange.png,black red.png,green.png,black left.png,70832
3137,green.png,orange.png,green red.png,blue.png,yellow right.png,70833
3138,orange.png,blue.png,yellow black black yellow.png,orange.png,none.png,70834
3139,green.png,yellow.png,multicolor.png,red.png,yellow right.png,70835
3140,yellow.png,orange.png,black yellow yellow black.png,orange.png,green right.png,70836
3141,blue.png,red.png,black red.png,black.png,yellow right.png,70837
3142,red.png,orange.png,multicolor.png,black.png,orange right.png,70838
3143,orange.png,red.png,yellow red.png,blue.png,orange right.png,70839
3144,black.png,green.png,blue red.png,blue.png,red left.png,70840
3145,red.png,black.png,green yellow.png,red.png,black left.png,70841
3146,green.png,green.png,orange yellow.png,green.png,none.png,70842
3147,green.png,blue.png,blue red.png,red.png,blue left.png,70843
3148,orange.png,green.png,yellow red.png,blue.png,red left.png,70844
3149,yellow.png,blue.png,orange blue.png,red.png,none.png,70845
3150,red.png,red.png,down black up red.png,blue.png,orange right.png,70846
3151,green.png,blue.png,down black up red.png,blue.png,red left.png,70847
3152,orange.png,red.png,orange yellow.png,black.png,black right.png,70848
3153,green.png,green.png,down black up red.png,orange.png,yellow left.png,70849
3154,black.png,red.png,green blue.png,yellow.png,none.png,70850
3155,green.png,red.png,yellow green blue.png,green.png,black left.png,70851
3156,yellow.png,blue.png,black yellow yellow black.png,red.png,blue left.png,70852
3157,red.png,orange.png,multicolor.png,yellow.png,yellow right.png,70853
3158,black.png,black.png,yellow green blue.png,red.png,orange right.png,70854
3159,black.png,blue.png,black red.png,green.png,green left.png,70855
3160,red.png,green.png,black red.png,red.png,green right.png,70856
3161,blue.png,black.png,up_and_out black yellow.png,blue.png,black left.png,70857
3162,blue.png,green.png,up_and_out black yellow.png,green.png,red left.png,70858
3163,blue.png,orange.png,down black up red.png,red.png,black left.png,70859
3164,orange.png,orange.png,yellow red.png,yellow.png,blue right.png,70860
3165,black.png,black.png,down black up red.png,red.png,orange left.png,70861
3166,red.png,black.png,yellow blue.png,yellow.png,red left.png,70862
3167,green.png,red.png,black yellow yellow black.png,orange.png,green right.png,70863
3168,green.png,red.png,black yellow.png,black.png,blue left.png,70864
3169,red.png,blue.png,multicolor.png,yellow.png,orange right.png,70865
3170,black.png,black.png,black yellow.png,yellow.png,black right.png,70866
3171,black.png,yellow.png,red blue.png,yellow.png,blue right.png,70867
3172,orange.png,red.png,down black up red.png,blue.png,green left.png,70868
3173,black.png,red.png,red blue.png,red.png,orange right.png,70869
3174,red.png,yellow.png,multicolor.png,yellow.png,green left.png,70870
3175,yellow.png,blue.png,orange yellow.png,yellow.png,yellow left.png,70871
3176,black.png,yellow.png,green red.png,green.png,orange left.png,70872
3177,yellow.png,orange.png,yellow green blue.png,yellow.png,black right.png,70873
3178,blue.png,red.png,blue red.png,green.png,green left.png,70874
3179,orange.png,green.png,black red.png,blue.png,yellow right.png,70875
3180,black.png,black.png,green yellow.png,red.png,blue left.png,70876
3181,blue.png,black.png,black yellow yellow black.png,green.png,red left.png,70877
3182,blue.png,red.png,yellow red.png,black.png,yellow left.png,70878
3183,red.png,red.png,green red.png,green.png,yellow left.png,70879
3184,green.png,green.png,blue red.png,green.png,yellow right.png,70880
3185,red.png,red.png,down black up red.png,blue.png,black right.png,70881
3186,blue.png,green.png,black yellow yellow black.png,black.png,none.png,70882
3187,green.png,orange.png,orange blue.png,black.png,yellow right.png,70883
3188,yellow.png,green.png,yellow red.png,red.png,none.png,70884
3189,blue.png,red.png,orange blue.png,yellow.png,black left.png,70885
3190,red.png,blue.png,yellow blue.png,red.png,green left.png,70886
3191,orange.png,orange.png,yellow blue.png,red.png,yellow left.png,70887
3192,green.png,blue.png,black yellow.png,orange.png,red left.png,70888
3193,blue.png,red.png,black yellow.png,orange.png,yellow left.png,70889
3194,yellow.png,blue.png,orange yellow.png,black.png,red left.png,70890
3195,green.png,black.png,black yellow yellow black.png,green.png,orange right.png,70891
3196,black.png,green.png,yellow red.png,red.png,green left.png,70892
3197,red.png,black.png,green red.png,green.png,green left.png,70893
3198,yellow.png,blue.png,black yellow.png,orange.png,red left.png,70894
3199,yellow.png,black.png,yellow blue.png,black.png,black right.png,70895
3200,red.png,black.png,yellow black black yellow.png,green.png,black right.png,70896
3201,red.png,orange.png,green red.png,green.png,red left.png,70897
3202,orange.png,green.png,yellow blue.png,red.png,red left.png,70898
3203,red.png,orange.png,green red.png,green.png,green left.png,70899
3204,black.png,red.png,blue red.png,black.png,orange right.png,70900
3205,red.png,yellow.png,blue red.png,blue.png,black left.png,70901
3206,blue.png,orange.png,orange yellow.png,green.png,black left.png,70902
3207,black.png,red.png,black red.png,green.png,red left.png,70903
3208,red.png,green.png,yellow black black yellow.png,yellow.png,green right.png,70904
3209,red.png,blue.png,down black up red.png,red.png,none.png,70905
3210,green.png,blue.png,yellow red.png,black.png,black left.png,70906
3211,blue.png,green.png,red blue.png,black.png,orange right.png,70907
3212,orange.png,blue.png,red blue.png,blue.png,orange right.png,70908
3213,orange.png,blue.png,multicolor.png,orange.png,orange right.png,70909
3214,green.png,yellow.png,multicolor.png,black.png,green left.png,70910
3215,blue.png,yellow.png,green blue.png,green.png,none.png,70911
3216,blue.png,orange.png,black red.png,blue.png,blue right.png,70912
3217,yellow.png,orange.png,yellow red.png,green.png,green left.png,70913
3218,green.png,orange.png,black yellow yellow black.png,orange.png,black left.png,70914
3219,yellow.png,red.png,orange yellow.png,orange.png,blue left.png,70915
3220,green.png,yellow.png,green red.png,green.png,red left.png,70916
3221,green.png,red.png,blue red.png,green.png,black right.png,70917
3222,green.png,yellow.png,green red.png,red.png,red left.png,70918
3223,red.png,black.png,yellow green blue.png,black.png,green right.png,70919
3224,black.png,blue.png,orange yellow.png,green.png,green right.png,70920
3225,yellow.png,green.png,green yellow.png,red.png,green right.png,70921
3226,red.png,orange.png,up_and_out black yellow.png,green.png,yellow left.png,70922
3227,orange.png,blue.png,down black up red.png,black.png,red left.png,70923
3228,black.png,blue.png,yellow black black yellow.png,red.png,blue left.png,70924
3229,yellow.png,green.png,green blue.png,blue.png,green left.png,70925
3230,blue.png,yellow.png,red blue.png,green.png,yellow right.png,70926
3231,yellow.png,orange.png,orange blue.png,black.png,yellow left.png,70927
3232,yellow.png,yellow.png,green yellow.png,black.png,black right.png,70928
3233,yellow.png,red.png,black yellow.png,green.png,green left.png,70929
3234,yellow.png,green.png,up_and_out black yellow.png,red.png,green right.png,70930
3235,yellow.png,red.png,yellow blue.png,green.png,yellow left.png,70931
3236,green.png,blue.png,green yellow.png,orange.png,black left.png,70932
3237,orange.png,yellow.png,down black up red.png,green.png,green left.png,70933
3238,green.png,blue.png,red blue.png,black.png,green left.png,70934
3239,black.png,black.png,yellow blue.png,black.png,green left.png,70935
3240,red.png,blue.png,orange blue.png,yellow.png,blue right.png,70936
3241,yellow.png,red.png,orange yellow.png,yellow.png,green left.png,70937
3242,green.png,red.png,black yellow.png,orange.png,blue left.png,70938
3243,yellow.png,red.png,red blue.png,yellow.png,blue right.png,70939
3244,green.png,green.png,green yellow.png,yellow.png,black right.png,70940
3245,green.png,orange.png,green blue.png,yellow.png,yellow left.png,70941
3246,green.png,black.png,up_and_out black yellow.png,black.png,yellow right.png,70942
3247,blue.png,yellow.png,black yellow.png,red.png,none.png,70943
3248,black.png,black.png,black yellow yellow black.png,green.png,red left.png,70944
3249,yellow.png,blue.png,multicolor.png,blue.png,black right.png,70945
3250,blue.png,black.png,yellow red.png,orange.png,blue right.png,70946
3251,green.png,red.png,black yellow yellow black.png,black.png,blue right.png,70947
3252,black.png,black.png,orange yellow.png,green.png,green left.png,70948
3253,red.png,yellow.png,green blue.png,green.png,red left.png,70949
3254,orange.png,orange.png,yellow black black yellow.png,red.png,red left.png,70950
3255,black.png,black.png,green blue.png,orange.png,black right.png,70951
3256,orange.png,red.png,left black yellow.png,black.png,green left.png,70952
3257,blue.png,orange.png,green blue.png,blue.png,blue left.png,70953
3258,orange.png,blue.png,black yellow yellow black.png,yellow.png,blue right.png,70954
3259,yellow.png,red.png,blue red.png,blue.png,yellow right.png,70955
3260,orange.png,black.png,orange blue.png,black.png,orange left.png,70956
3261,green.png,red.png,down black up red.png,black.png,green left.png,70957
3262,yellow.png,black.png,green yellow.png,yellow.png,yellow left.png,70958
3263,red.png,yellow.png,orange yellow.png,yellow.png,yellow left.png,70959
3264,black.png,green.png,orange yellow.png,yellow.png,orange left.png,70960
3265,blue.png,orange.png,orange blue.png,green.png,red left.png,70961
3266,black.png,red.png,down black up red.png,green.png,blue left.png,70962
3267,red.png,green.png,black red.png,yellow.png,red left.png,70963
3268,blue.png,blue.png,yellow black black yellow.png,green.png,yellow right.png,70964
3269,red.png,orange.png,green red.png,yellow.png,red left.png,70965
3270,orange.png,blue.png,left black yellow.png,black.png,yellow right.png,70966
3271,blue.png,blue.png,green yellow.png,orange.png,none.png,70967
3272,blue.png,orange.png,yellow blue.png,blue.png,orange right.png,70968
3273,red.png,orange.png,multicolor.png,green.png,red left.png,70969
3274,black.png,yellow.png,black yellow.png,yellow.png,none.png,70970
3275,black.png,yellow.png,multicolor.png,orange.png,green left.png,70971
3276,red.png,red.png,orange yellow.png,red.png,yellow right.png,70972
3277,blue.png,black.png,left black yellow.png,black.png,black left.png,70973
3278,green.png,black.png,green blue.png,green.png,blue left.png,70974
3279,blue.png,yellow.png,yellow red.png,yellow.png,blue right.png,70975
3280,red.png,green.png,black yellow yellow black.png,blue.png,green left.png,70976
3281,orange.png,black.png,yellow blue.png,orange.png,green left.png,70977
3282,orange.png,red.png,green red.png,blue.png,orange right.png,70978
3283,yellow.png,orange.png,yellow red.png,yellow.png,none.png,70979
3284,red.png,green.png,yellow black black yellow.png,blue.png,yellow right.png,70980
3285,orange.png,orange.png,up_and_out black yellow.png,yellow.png,black right.png,70981
3286,green.png,green.png,green yellow.png,red.png,red left.png,70982
3287,red.png,black.png,up_and_out black yellow.png,black.png,blue right.png,70983
3288,black.png,green.png,green blue.png,blue.png,yellow right.png,70984
3289,red.png,yellow.png,up_and_out black yellow.png,green.png,orange left.png,70985
3290,green.png,green.png,left black yellow.png,black.png,blue right.png,70986
3291,green.png,orange.png,black red.png,green.png,yellow right.png,70987
3292,green.png,orange.png,yellow blue.png,yellow.png,orange left.png,70988
3293,yellow.png,green.png,black red.png,red.png,orange right.png,70989
3294,blue.png,yellow.png,black red.png,blue.png,blue left.png,70990
3295,blue.png,blue.png,yellow green blue.png,orange.png,green right.png,70991
3296,orange.png,blue.png,yellow blue.png,green.png,green left.png,70992
3297,yellow.png,green.png,green red.png,blue.png,black right.png,70993
3298,red.png,green.png,yellow red.png,orange.png,blue left.png,70994
3299,orange.png,blue.png,black red.png,yellow.png,yellow right.png,70995
3300,black.png,green.png,red blue.png,blue.png,orange right.png,70996
3301,green.png,orange.png,left black yellow.png,blue.png,blue left.png,70997
3302,green.png,black.png,black red.png,red.png,green right.png,70998
3303,green.png,orange.png,black red.png,blue.png,black left.png,70999
3304,green.png,green.png,black yellow yellow black.png,black.png,red left.png,71000
3305,red.png,green.png,blue red.png,green.png,blue right.png,71001
3306,blue.png,orange.png,black yellow yellow black.png,black.png,yellow left.png,71002
3307,green.png,blue.png,red blue.png,red.png,none.png,71003
3308,orange.png,green.png,left black yellow.png,black.png,green right.png,71004
3309,orange.png,green.png,blue red.png,orange.png,yellow left.png,71005
3310,yellow.png,blue.png,down black up red.png,yellow.png,orange left.png,71006
3311,blue.png,red.png,green blue.png,blue.png,black right.png,71007
3312,green.png,orange.png,green yellow.png,green.png,red left.png,71008
3313,blue.png,orange.png,yellow red.png,red.png,yellow right.png,71009
3314,black.png,yellow.png,black red.png,yellow.png,black left.png,71010
3315,orange.png,green.png,black red.png,black.png,green left.png,71011
3316,blue.png,orange.png,down black up red.png,green.png,orange right.png,71012
3317,green.png,yellow.png,multicolor.png,yellow.png,green left.png,71013
3318,black.png,blue.png,green red.png,green.png,yellow left.png,71014
3319,black.png,yellow.png,orange blue.png,blue.png,yellow right.png,71015
3320,yellow.png,yellow.png,yellow black black yellow.png,orange.png,blue right.png,71016
3321,blue.png,red.png,orange blue.png,green.png,orange left.png,71017
3322,blue.png,green.png,orange blue.png,yellow.png,orange left.png,71018
3323,green.png,blue.png,up_and_out black yellow.png,orange.png,yellow left.png,71019
3324,orange.png,orange.png,black yellow yellow black.png,orange.png,green left.png,71020
3325,black.png,yellow.png,red blue.png,orange.png,green right.png,71021
3326,red.png,black.png,orange yellow.png,orange.png,orange right.png,71022
3327,black.png,black.png,up_and_out black yellow.png,green.png,orange left.png,71023
3328,black.png,green.png,blue red.png,yellow.png,orange left.png,71024
3329,yellow.png,blue.png,black yellow.png,yellow.png,red left.png,71025
3330,yellow.png,orange.png,black red.png,blue.png,red left.png,71026
3331,green.png,red.png,down black up red.png,yellow.png,yellow right.png,71027
3332,yellow.png,orange.png,black red.png,green.png,yellow left.png,71028
3333,orange.png,black.png,red blue.png,black.png,orange left.png,71029
3334,blue.png,blue.png,multicolor.png,orange.png,blue right.png,71030
3335,green.png,blue.png,up_and_out black yellow.png,orange.png,blue right.png,71031
3336,red.png,black.png,up_and_out black yellow.png,yellow.png,blue left.png,71032
3337,blue.png,black.png,yellow red.png,blue.png,yellow left.png,71033
3338,green.png,black.png,multicolor.png,blue.png,yellow right.png,71034
3339,blue.png,blue.png,yellow black black yellow.png,orange.png,red left.png,71035
3340,black.png,red.png,yellow red.png,blue.png,black right.png,71036
3341,green.png,green.png,green blue.png,yellow.png,red left.png,71037
3342,blue.png,red.png,multicolor.png,green.png,black left.png,71038
3343,green.png,red.png,yellow black black yellow.png,red.png,yellow right.png,71039
3344,green.png,green.png,yellow green blue.png,blue.png,yellow right.png,71040
3345,yellow.png,orange.png,yellow blue.png,blue.png,green right.png,71041
3346,black.png,green.png,yellow red.png,yellow.png,yellow left.png,71042
3347,red.png,green.png,orange blue.png,orange.png,orange right.png,71043
3348,orange.png,red.png,green blue.png,red.png,yellow right.png,71044
3349,black.png,black.png,up_and_out black yellow.png,black.png,green left.png,71045
3350,blue.png,red.png,black red.png,red.png,orange left.png,71046
3351,green.png,blue.png,blue red.png,orange.png,green left.png,71047
3352,blue.png,orange.png,yellow blue.png,black.png,red left.png,71048
3353,blue.png,blue.png,black yellow.png,blue.png,black left.png,71049
3354,yellow.png,black.png,down black up red.png,blue.png,red left.png,71050
3355,green.png,yellow.png,yellow red.png,green.png,none.png,71051
3356,black.png,blue.png,green red.png,red.png,yellow right.png,71052
3357,blue.png,green.png,green blue.png,blue.png,green right.png,71053
3358,green.png,black.png,multicolor.png,black.png,blue left.png,71054
3359,red.png,green.png,green red.png,orange.png,yellow left.png,71055
3360,black.png,black.png,yellow red.png,yellow.png,green right.png,71056
3361,green.png,yellow.png,up_and_out black yellow.png,black.png,orange right.png,71057
3362,green.png,green.png,orange yellow.png,yellow.png,green right.png,71058
3363,black.png,blue.png,green red.png,yellow.png,red left.png,71059
3364,blue.png,black.png,yellow red.png,green.png,blue left.png,71060
3365,orange.png,red.png,blue red.png,orange.png,none.png,71061
3366,black.png,green.png,left black yellow.png,blue.png,none.png,71062
3367,orange.png,blue.png,green red.png,orange.png,yellow right.png,71063
3368,green.png,yellow.png,black yellow yellow black.png,blue.png,orange left.png,71064
3369,red.png,blue.png,red blue.png,green.png,yellow right.png,71065
3370,black.png,yellow.png,multicolor.png,red.png,yellow right.png,71066
3371,orange.png,red.png,orange blue.png,green.png,yellow left.png,71067
3372,black.png,blue.png,black yellow.png,green.png,green right.png,71068
3373,green.png,blue.png,yellow red.png,green.png,green right.png,71069
3374,blue.png,yellow.png,left black yellow.png,yellow.png,blue left.png,71070
3375,orange.png,orange.png,up_and_out black yellow.png,red.png,blue right.png,71071
3376,yellow.png,red.png,green yellow.png,blue.png,black right.png,71072
3377,orange.png,red.png,left black yellow.png,green.png,none.png,71073
3378,black.png,green.png,red blue.png,red.png,red left.png,71074
3379,black.png,black.png,black red.png,green.png,black right.png,71075
3380,yellow.png,yellow.png,left black yellow.png,blue.png,green right.png,71076
3381,yellow.png,red.png,left black yellow.png,orange.png,orange right.png,71077
3382,black.png,green.png,up_and_out black yellow.png,yellow.png,yellow left.png,71078
3383,yellow.png,orange.png,blue red.png,black.png,black left.png,71079
3384,green.png,green.png,orange blue.png,orange.png,yellow left.png,71080
3385,orange.png,yellow.png,yellow red.png,blue.png,yellow left.png,71081
3386,black.png,black.png,orange blue.png,orange.png,black right.png,71082
3387,yellow.png,red.png,green red.png,green.png,yellow right.png,71083
3388,orange.png,black.png,yellow blue.png,blue.png,yellow right.png,71084
3389,black.png,red.png,green yellow.png,black.png,green right.png,71085
3390,red.png,black.png,green yellow.png,black.png,yellow left.png,71086
3391,yellow.png,green.png,black yellow.png,yellow.png,green left.png,71087
3392,green.png,orange.png,black yellow yellow black.png,black.png,orange left.png,71088
3393,yellow.png,black.png,down black up red.png,green.png,orange right.png,71089
3394,blue.png,green.png,down black up red.png,yellow.png,green left.png,71090
3395,yellow.png,red.png,green blue.png,yellow.png,blue right.png,71091
3396,blue.png,red.png,yellow black black yellow.png,red.png,blue left.png,71092
3397,green.png,black.png,red blue.png,black.png,orange right.png,71093
3398,blue.png,black.png,green yellow.png,blue.png,orange right.png,71094
3399,yellow.png,orange.png,left black yellow.png,red.png,blue right.png,71095
3400,black.png,green.png,green yellow.png,black.png,orange left.png,71096
3401,orange.png,black.png,green red.png,yellow.png,blue left.png,71097
3402,blue.png,red.png,black yellow.png,blue.png,orange right.png,71098
3403,black.png,orange.png,black red.png,blue.png,blue left.png,71099
3404,orange.png,orange.png,green red.png,red.png,yellow left.png,71100
3405,black.png,yellow.png,yellow black black yellow.png,black.png,yellow left.png,71101
3406,orange.png,blue.png,down black up red.png,blue.png,yellow left.png,71102
3407,green.png,black.png,green blue.png,blue.png,none.png,71103
3408,yellow.png,black.png,green blue.png,yellow.png,yellow left.png,71104
3409,red.png,green.png,orange yellow.png,red.png,orange right.png,71105
3410,blue.png,red.png,down black up red.png,orange.png,blue left.png,71106
3411,yellow.png,yellow.png,up_and_out black yellow.png,green.png,red left.png,71107
3412,blue.png,yellow.png,left black yellow.png,black.png,orange right.png,71108
3413,blue.png,black.png,up_and_out black yellow.png,blue.png,black right.png,71109
3414,red.png,orange.png,up_and_out black yellow.png,orange.png,black left.png,71110
3415,blue.png,green.png,green blue.png,yellow.png,black right.png,71111
3416,red.png,orange.png,blue red.png,green.png,blue left.png,71112
3417,black.png,blue.png,yellow green blue.png,blue.png,orange left.png,71113
3418,black.png,black.png,green red.png,green.png,red left.png,71114
3419,black.png,green.png,green yellow.png,yellow.png,green left.png,71115
3420,blue.png,yellow.png,black yellow yellow black.png,red.png,yellow right.png,71116
3421,black.png,red.png,green yellow.png,blue.png,black right.png,71117
3422,red.png,green.png,green yellow.png,orange.png,green right.png,71118
3423,yellow.png,orange.png,green red.png,green.png,yellow left.png,71119
3424,blue.png,orange.png,green yellow.png,black.png,red left.png,71120
3425,black.png,black.png,black yellow yellow black.png,blue.png,green left.png,71121
3426,black.png,black.png,black yellow.png,red.png,red left.png,71122
3427,yellow.png,red.png,red blue.png,blue.png,green left.png,71123
3428,red.png,yellow.png,yellow red.png,red.png,green right.png,71124
3429,orange.png,green.png,orange yellow.png,yellow.png,blue left.png,71125
3430,blue.png,green.png,down black up red.png,red.png,blue left.png,71126
3431,yellow.png,red.png,green blue.png,yellow.png,none.png,71127
3432,red.png,black.png,up_and_out black yellow.png,green.png,black right.png,71128
3433,red.png,orange.png,green yellow.png,green.png,yellow left.png,71129
3434,orange.png,orange.png,blue red.png,red.png,yellow right.png,71130
3435,yellow.png,blue.png,down black up red.png,red.png,yellow right.png,71131
3436,blue.png,orange.png,up_and_out black yellow.png,orange.png,blue left.png,71132
3437,black.png,black.png,green yellow.png,yellow.png,blue left.png,71133
3438,orange.png,black.png,green yellow.png,green.png,red left.png,71134
3439,yellow.png,orange.png,red blue.png,red.png,blue right.png,71135
3440,blue.png,black.png,black red.png,blue.png,yellow right.png,71136
3441,blue.png,orange.png,blue red.png,orange.png,none.png,71137
3442,blue.png,blue.png,black yellow.png,red.png,black left.png,71138
3443,orange.png,red.png,red blue.png,orange.png,blue left.png,71139
3444,blue.png,red.png,black yellow yellow black.png,orange.png,blue right.png,71140
3445,green.png,yellow.png,green yellow.png,green.png,blue right.png,71141
3446,yellow.png,yellow.png,blue red.png,green.png,none.png,71142
3447,orange.png,yellow.png,green red.png,orange.png,green left.png,71143
3448,black.png,blue.png,green yellow.png,black.png,yellow left.png,71144
3449,red.png,yellow.png,green red.png,orange.png,blue right.png,71145
3450,black.png,orange.png,orange blue.png,yellow.png,green right.png,71146
3451,black.png,black.png,yellow green blue.png,green.png,none.png,71147
3452,black.png,yellow.png,multicolor.png,black.png,orange left.png,71148
3453,red.png,orange.png,red blue.png,red.png,blue right.png,71149
3454,green.png,blue.png,black red.png,black.png,black left.png,71150
3455,yellow.png,green.png,up_and_out black yellow.png,black.png,blue left.png,71151
3456,black.png,black.png,down black up red.png,green.png,black left.png,71152
3457,blue.png,green.png,black red.png,red.png,orange right.png,71153
3458,yellow.png,red.png,green yellow.png,yellow.png,yellow right.png,71154
3459,red.png,blue.png,green yellow.png,green.png,yellow left.png,71155
3460,blue.png,black.png,orange blue.png,yellow.png,red left.png,71156
3461,red.png,green.png,multicolor.png,black.png,black left.png,71157
3462,blue.png,orange.png,green red.png,red.png,yellow left.png,71158
3463,orange.png,yellow.png,yellow blue.png,orange.png,black right.png,71159
3464,orange.png,orange.png,blue red.png,black.png,blue right.png,71160
3465,green.png,orange.png,green blue.png,blue.png,orange right.png,71161
3466,yellow.png,black.png,green red.png,blue.png,red left.png,71162
3467,green.png,black.png,red blue.png,orange.png,blue right.png,71163
3468,black.png,blue.png,blue red.png,yellow.png,black left.png,71164
3469,yellow.png,orange.png,yellow red.png,green.png,yellow left.png,71165
3470,green.png,orange.png,orange blue.png,green.png,green right.png,71166
3471,black.png,green.png,blue red.png,green.png,none.png,71167
3472,red.png,blue.png,up_and_out black yellow.png,yellow.png,blue right.png,71168
3473,blue.png,green.png,left black yellow.png,red.png,none.png,71169
3474,yellow.png,black.png,down black up red.png,red.png,blue left.png,71170
3475,green.png,orange.png,yellow black black yellow.png,yellow.png,orange left.png,71171
3476,orange.png,green.png,blue red.png,black.png,yellow right.png,71172
3477,orange.png,green.png,left black yellow.png,blue.png,blue left.png,71173
3478,black.png,green.png,yellow black black yellow.png,blue.png,yellow right.png,71174
3479,orange.png,red.png,green blue.png,orange.png,yellow right.png,71175
3480,green.png,blue.png,green blue.png,black.png,yellow right.png,71176
3481,yellow.png,red.png,yellow green blue.png,orange.png,red left.png,71177
3482,red.png,blue.png,multicolor.png,black.png,orange right.png,71178
3483,yellow.png,orange.png,yellow red.png,yellow.png,yellow right.png,71179
3484,green.png,orange.png,yellow black black yellow.png,red.png,none.png,71180
3485,orange.png,orange.png,green red.png,black.png,yellow right.png,71181
3486,blue.png,red.png,orange yellow.png,yellow.png,blue left.png,71182
3487,yellow.png,green.png,blue red.png,orange.png,orange left.png,71183
3488,orange.png,yellow.png,black yellow yellow black.png,green.png,yellow right.png,71184
3489,blue.png,orange.png,multicolor.png,blue.png,black right.png,71185
3490,red.png,blue.png,black yellow.png,orange.png,green left.png,71186
3491,blue.png,red.png,left black yellow.png,black.png,green right.png,71187
3492,black.png,red.png,orange blue.png,orange.png,blue right.png,71188
3493,green.png,green.png,orange blue.png,red.png,black left.png,71189
3494,orange.png,orange.png,black red.png,orange.png,green left.png,71190
3495,green.png,blue.png,green yellow.png,yellow.png,black left.png,71191
3496,red.png,yellow.png,blue red.png,yellow.png,red left.png,71192
3497,yellow.png,green.png,down black up red.png,orange.png,red left.png,71193
3498,orange.png,black.png,yellow blue.png,orange.png,yellow right.png,71194
3499,blue.png,blue.png,green blue.png,green.png,green right.png,71195
3500,red.png,yellow.png,yellow red.png,blue.png,blue left.png,71196
3501,orange.png,black.png,up_and_out black yellow.png,red.png,orange left.png,71197
3502,black.png,blue.png,black yellow yellow black.png,green.png,green right.png,71198
3503,orange.png,red.png,green blue.png,green.png,black right.png,71199
3504,green.png,black.png,yellow red.png,yellow.png,black right.png,71200
3505,black.png,green.png,up_and_out black yellow.png,black.png,blue right.png,71201
3506,red.png,black.png,green blue.png,green.png,none.png,71202
3507,yellow.png,red.png,black yellow yellow black.png,red.png,none.png,71203
3508,yellow.png,red.png,left black yellow.png,black.png,blue left.png,71204
3509,red.png,yellow.png,multicolor.png,orange.png,none.png,71205
3510,green.png,blue.png,up_and_out black yellow.png,blue.png,orange right.png,71206
3511,blue.png,blue.png,green yellow.png,red.png,orange right.png,71207
3512,green.png,black.png,yellow black black yellow.png,red.png,black right.png,71208
3513,black.png,black.png,yellow green blue.png,orange.png,green right.png,71209
3514,red.png,green.png,black red.png,black.png,black left.png,71210
3515,yellow.png,yellow.png,left black yellow.png,orange.png,green right.png,71211
3516,black.png,red.png,multicolor.png,red.png,blue left.png,71212
3517,black.png,blue.png,up_and_out black yellow.png,blue.png,yellow right.png,71213
3518,red.png,blue.png,multicolor.png,green.png,green left.png,71214
3519,green.png,red.png,red blue.png,red.png,yellow left.png,71215
3520,yellow.png,yellow.png,green red.png,yellow.png,black right.png,71216
3521,yellow.png,blue.png,black red.png,black.png,black left.png,71217
3522,black.png,blue.png,left black yellow.png,blue.png,yellow right.png,71218
3523,blue.png,blue.png,orange yellow.png,blue.png,black left.png,71219
3524,green.png,red.png,left black yellow.png,black.png,black left.png,71220
3525,blue.png,red.png,yellow green blue.png,green.png,black right.png,71221
3526,black.png,orange.png,black yellow.png,orange.png,yellow left.png,71222
3527,red.png,green.png,orange blue.png,orange.png,none.png,71223
3528,black.png,blue.png,multicolor.png,blue.png,black right.png,71224
3529,blue.png,blue.png,green red.png,red.png,red left.png,71225
3530,yellow.png,blue.png,yellow red.png,yellow.png,black left.png,71226
3531,blue.png,blue.png,yellow black black yellow.png,orange.png,black right.png,71227
3532,orange.png,black.png,left black yellow.png,black.png,green left.png,71228
3533,red.png,green.png,orange blue.png,red.png,green left.png,71229
3534,blue.png,black.png,down black up red.png,green.png,orange left.png,71230
3535,orange.png,orange.png,black yellow.png,black.png,green left.png,71231
3536,orange.png,blue.png,red blue.png,black.png,blue right.png,71232
3537,orange.png,orange.png,yellow red.png,black.png,green left.png,71233
3538,blue.png,yellow.png,yellow blue.png,orange.png,orange right.png,71234
3539,red.png,blue.png,black yellow yellow black.png,blue.png,green right.png,71235
3540,blue.png,black.png,left black yellow.png,orange.png,blue left.png,71236
3541,black.png,blue.png,green blue.png,red.png,orange right.png,71237
3542,blue.png,orange.png,up_and_out black yellow.png,red.png,orange left.png,71238
3543,blue.png,orange.png,orange blue.png,yellow.png,blue right.png,71239
3544,red.png,orange.png,black yellow yellow black.png,yellow.png,blue left.png,71240
3545,orange.png,orange.png,black yellow yellow black.png,red.png,green left.png,71241
3546,blue.png,red.png,green blue.png,black.png,black right.png,71242
3547,green.png,red.png,multicolor.png,yellow.png,orange right.png,71243
3548,orange.png,blue.png,yellow blue.png,orange.png,green right.png,71244
3549,black.png,blue.png,yellow green blue.png,red.png,red left.png,71245
3550,orange.png,black.png,black yellow yellow black.png,blue.png,black right.png,71246
3551,green.png,orange.png,black yellow yellow black.png,yellow.png,yellow left.png,71247
3552,black.png,orange.png,yellow red.png,blue.png,blue left.png,71248
3553,green.png,black.png,yellow black black yellow.png,yellow.png,orange left.png,71249
3554,black.png,blue.png,black red.png,black.png,blue right.png,71250
3555,yellow.png,red.png,green blue.png,red.png,yellow right.png,71251
3556,yellow.png,red.png,yellow green blue.png,yellow.png,blue left.png,71252
3557,blue.png,black.png,up_and_out black yellow.png,orange.png,green left.png,71253
3558,green.png,red.png,yellow blue.png,orange.png,yellow right.png,71254
3559,green.png,black.png,green blue.png,yellow.png,yellow right.png,71255
3560,red.png,green.png,down black up red.png,red.png,green left.png,71256
3561,black.png,red.png,up_and_out black yellow.png,yellow.png,none.png,71257
3562,black.png,blue.png,black red.png,green.png,black right.png,71258
3563,green.png,orange.png,red blue.png,green.png,yellow left.png,71259
3564,yellow.png,yellow.png,orange yellow.png,green.png,yellow right.png,71260
3565,green.png,yellow.png,red blue.png,blue.png,black left.png,71261
3566,green.png,orange.png,green red.png,black.png,orange right.png,71262
3567,green.png,green.png,green blue.png,blue.png,blue right.png,71263
3568,orange.png,green.png,black yellow yellow black.png,orange.png,yellow left.png,71264
3569,red.png,black.png,multicolor.png,green.png,orange left.png,71265
3570,orange.png,green.png,yellow green blue.png,black.png,none.png,71266
3571,orange.png,red.png,up_and_out black yellow.png,yellow.png,orange left.png,71267
3572,red.png,yellow.png,black yellow.png,red.png,yellow left.png,71268
3573,green.png,orange.png,left black yellow.png,yellow.png,yellow left.png,71269
3574,green.png,green.png,down black up red.png,yellow.png,green left.png,71270
3575,orange.png,black.png,yellow blue.png,red.png,black right.png,71271
3576,green.png,yellow.png,down black up red.png,black.png,none.png,71272
3577,black.png,yellow.png,left black yellow.png,yellow.png,blue left.png,71273
3578,yellow.png,red.png,orange blue.png,black.png,black left.png,71274
3579,black.png,green.png,yellow green blue.png,green.png,green right.png,71275
3580,red.png,orange.png,blue red.png,blue.png,none.png,71276
3581,yellow.png,black.png,green yellow.png,blue.png,red left.png,71277
3582,yellow.png,orange.png,yellow green blue.png,green.png,none.png,71278
3583,black.png,red.png,green blue.png,black.png,green left.png,71279
3584,green.png,red.png,yellow green blue.png,blue.png,yellow right.png,71280
3585,red.png,green.png,black red.png,orange.png,orange right.png,71281
3586,black.png,black.png,black red.png,green.png,yellow right.png,71282
3587,black.png,blue.png,blue red.png,red.png,yellow right.png,71283
3588,orange.png,black.png,blue red.png,green.png,black left.png,71284
3589,yellow.png,green.png,orange yellow.png,black.png,green right.png,71285
3590,yellow.png,black.png,green yellow.png,black.png,orange left.png,71286
3591,yellow.png,red.png,blue red.png,orange.png,red left.png,71287
3592,black.png,blue.png,yellow red.png,yellow.png,green left.png,71288
3593,red.png,red.png,up_and_out black yellow.png,green.png,black right.png,71289
3594,red.png,blue.png,up_and_out black yellow.png,blue.png,black left.png,71290
3595,red.png,yellow.png,up_and_out black yellow.png,blue.png,yellow left.png,71291
3596,orange.png,orange.png,yellow blue.png,green.png,blue left.png,71292
3597,yellow.png,yellow.png,up_and_out black yellow.png,green.png,orange right.png,71293
3598,blue.png,green.png,yellow black black yellow.png,green.png,black left.png,71294
3599,yellow.png,red.png,yellow blue.png,yellow.png,red left.png,71295
3600,yellow.png,green.png,green red.png,red.png,red left.png,71296
3601,red.png,green.png,yellow black black yellow.png,red.png,black right.png,71297
3602,blue.png,black.png,yellow black black yellow.png,blue.png,black left.png,71298
3603,orange.png,yellow.png,black red.png,black.png,none.png,71299
3604,black.png,black.png,green yellow.png,orange.png,orange right.png,71300
3605,green.png,orange.png,black red.png,green.png,yellow left.png,71301
3606,yellow.png,green.png,yellow blue.png,black.png,green left.png,71302
3607,black.png,orange.png,black red.png,green.png,yellow left.png,71303
3608,blue.png,orange.png,green yellow.png,red.png,yellow right.png,71304
3609,green.png,red.png,black yellow yellow black.png,orange.png,orange left.png,71305
3610,blue.png,blue.png,black yellow.png,red.png,yellow right.png,71306
3611,orange.png,red.png,black yellow yellow black.png,green.png,red left.png,71307
3612,blue.png,blue.png,green yellow.png,red.png,yellow right.png,71308
3613,orange.png,green.png,green yellow.png,orange.png,blue left.png,71309
3614,blue.png,orange.png,yellow black black yellow.png,black.png,yellow right.png,71310
3615,orange.png,black.png,orange yellow.png,orange.png,orange right.png,71311
3616,green.png,black.png,blue red.png,yellow.png,blue right.png,71312
3617,yellow.png,green.png,up_and_out black yellow.png,blue.png,black left.png,71313
3618,black.png,yellow.png,orange blue.png,black.png,orange left.png,71314
3619,yellow.png,green.png,black yellow.png,black.png,black right.png,71315
3620,yellow.png,orange.png,orange blue.png,green.png,green right.png,71316
3621,orange.png,red.png,yellow green blue.png,yellow.png,green right.png,71317
3622,red.png,orange.png,yellow blue.png,black.png,green left.png,71318
3623,orange.png,blue.png,up_and_out black yellow.png,green.png,yellow left.png,71319
3624,black.png,blue.png,orange yellow.png,green.png,orange left.png,71320
3625,yellow.png,red.png,green blue.png,red.png,black right.png,71321
3626,blue.png,red.png,green yellow.png,orange.png,yellow left.png,71322
3627,red.png,blue.png,up_and_out black yellow.png,yellow.png,none.png,71323
3628,black.png,black.png,green yellow.png,red.png,green left.png,71324
3629,blue.png,red.png,orange blue.png,blue.png,red left.png,71325
3630,black.png,green.png,black yellow yellow black.png,red.png,red left.png,71326
3631,blue.png,orange.png,black yellow.png,yellow.png,green right.png,71327
3632,yellow.png,red.png,up_and_out black yellow.png,green.png,yellow left.png,71328
3633,black.png,green.png,black red.png,yellow.png,green left.png,71329
3634,blue.png,red.png,red blue.png,yellow.png,red left.png,71330
3635,orange.png,green.png,orange blue.png,black.png,blue right.png,71331
3636,green.png,green.png,green blue.png,red.png,blue right.png,71332
3637,green.png,black.png,left black yellow.png,yellow.png,green right.png,71333
3638,yellow.png,orange.png,green red.png,orange.png,yellow right.png,71334
3639,black.png,green.png,orange blue.png,yellow.png,yellow left.png,71335
3640,green.png,red.png,up_and_out black yellow.png,black.png,black left.png,71336
3641,blue.png,blue.png,green red.png,yellow.png,blue left.png,71337
3642,orange.png,orange.png,green red.png,blue.png,black left.png,71338
3643,black.png,green.png,black red.png,blue.png,green right.png,71339
3644,green.png,yellow.png,yellow blue.png,black.png,yellow right.png,71340
3645,blue.png,green.png,yellow red.png,black.png,black right.png,71341
3646,green.png,orange.png,black yellow yellow black.png,black.png,green left.png,71342
3647,black.png,red.png,black yellow.png,orange.png,blue right.png,71343
3648,black.png,red.png,multicolor.png,yellow.png,red left.png,71344
3649,yellow.png,black.png,black yellow yellow black.png,black.png,green left.png,71345
3650,green.png,blue.png,black yellow.png,black.png,yellow right.png,71346
3651,orange.png,orange.png,black yellow yellow black.png,red.png,blue right.png,71347
3652,blue.png,red.png,down black up red.png,black.png,yellow right.png,71348
3653,green.png,yellow.png,down black up red.png,orange.png,blue left.png,71349
3654,yellow.png,blue.png,orange yellow.png,black.png,black left.png,71350
3655,black.png,yellow.png,black yellow.png,red.png,black right.png,71351
3656,black.png,black.png,green yellow.png,black.png,orange left.png,71352
3657,red.png,orange.png,up_and_out black yellow.png,yellow.png,red left.png,71353
3658,green.png,red.png,orange blue.png,orange.png,yellow right.png,71354
3659,blue.png,blue.png,multicolor.png,blue.png,blue right.png,71355
3660,blue.png,black.png,black yellow yellow black.png,blue.png,green left.png,71356
3661,yellow.png,black.png,orange blue.png,orange.png,yellow left.png,71357
3662,blue.png,yellow.png,red blue.png,black.png,none.png,71358
3663,black.png,black.png,down black up red.png,black.png,green left.png,71359
3664,green.png,yellow.png,multicolor.png,green.png,orange left.png,71360
3665,green.png,blue.png,yellow green blue.png,yellow.png,orange right.png,71361
3666,red.png,yellow.png,multicolor.png,black.png,green left.png,71362
3667,yellow.png,yellow.png,black yellow yellow black.png,orange.png,none.png,71363
3668,blue.png,blue.png,yellow red.png,blue.png,black right.png,71364
3669,green.png,blue.png,black red.png,green.png,green right.png,71365
3670,yellow.png,black.png,red blue.png,green.png,orange left.png,71366
3671,blue.png,black.png,red blue.png,orange.png,orange right.png,71367
3672,orange.png,blue.png,red blue.png,yellow.png,none.png,71368
3673,orange.png,orange.png,green red.png,orange.png,orange left.png,71369
3674,blue.png,red.png,up_and_out black yellow.png,black.png,red left.png,71370
3675,blue.png,yellow.png,orange yellow.png,black.png,black left.png,71371
3676,red.png,red.png,orange yellow.png,black.png,yellow right.png,71372
3677,green.png,yellow.png,green yellow.png,yellow.png,orange left.png,71373
3678,orange.png,orange.png,green red.png,yellow.png,orange right.png,71374
3679,black.png,orange.png,yellow red.png,green.png,green right.png,71375
3680,orange.png,red.png,green blue.png,yellow.png,black left.png,71376
3681,blue.png,red.png,green blue.png,blue.png,none.png,71377
3682,red.png,red.png,yellow green blue.png,green.png,black right.png,71378
3683,yellow.png,black.png,yellow red.png,red.png,green left.png,71379
3684,blue.png,orange.png,green yellow.png,blue.png,orange right.png,71380
3685,blue.png,yellow.png,yellow red.png,red.png,none.png,71381
3686,black.png,yellow.png,left black yellow.png,orange.png,red left.png,71382
3687,black.png,yellow.png,yellow green blue.png,yellow.png,yellow right.png,71383
3688,green.png,green.png,blue red.png,blue.png,green right.png,71384
3689,black.png,orange.png,black yellow.png,red.png,orange left.png,71385
3690,black.png,yellow.png,black yellow.png,black.png,yellow right.png,71386
3691,black.png,yellow.png,black yellow yellow black.png,red.png,none.png,71387
3692,blue.png,blue.png,black yellow.png,black.png,none.png,71388
3693,green.png,yellow.png,yellow red.png,orange.png,black left.png,71389
3694,black.png,green.png,green yellow.png,orange.png,orange left.png,71390
3695,blue.png,orange.png,blue red.png,yellow.png,green left.png,71391
3696,yellow.png,black.png,left black yellow.png,red.png,orange left.png,71392
3697,black.png,yellow.png,yellow red.png,blue.png,green right.png,71393
3698,green.png,red.png,black red.png,green.png,blue left.png,71394
3699,orange.png,blue.png,up_and_out black yellow.png,green.png,red left.png,71395
3700,yellow.png,red.png,blue red.png,green.png,orange left.png,71396
3701,orange.png,orange.png,green blue.png,black.png,blue left.png,71397
3702,green.png,green.png,yellow red.png,orange.png,green right.png,71398
3703,orange.png,orange.png,yellow green blue.png,green.png,red left.png,71399
3704,red.png,yellow.png,yellow green blue.png,red.png,green left.png,71400
3705,yellow.png,blue.png,orange yellow.png,red.png,green left.png,71401
3706,black.png,red.png,black yellow.png,orange.png,green right.png,71402
3707,yellow.png,green.png,yellow red.png,green.png,orange left.png,71403
3708,red.png,blue.png,red blue.png,orange.png,green left.png,71404
3709,yellow.png,red.png,green red.png,yellow.png,black right.png,71405
3710,orange.png,yellow.png,black yellow.png,black.png,none.png,71406
3711,green.png,green.png,black red.png,red.png,yellow right.png,71407
3712,green.png,black.png,yellow black black yellow.png,black.png,yellow right.png,71408
3713,red.png,red.png,black red.png,yellow.png,red left.png,71409
3714,black.png,green.png,orange yellow.png,orange.png,none.png,71410
3715,yellow.png,yellow.png,green red.png,black.png,orange left.png,71411
3716,green.png,red.png,green red.png,orange.png,orange left.png,71412
3717,blue.png,blue.png,orange blue.png,red.png,orange left.png,71413
3718,yellow.png,orange.png,red blue.png,orange.png,black left.png,71414
3719,orange.png,red.png,yellow black black yellow.png,red.png,orange left.png,71415
3720,yellow.png,yellow.png,up_and_out black yellow.png,green.png,green right.png,71416
3721,yellow.png,yellow.png,green yellow.png,black.png,none.png,71417
3722,black.png,red.png,yellow red.png,red.png,black right.png,71418
3723,yellow.png,blue.png,green yellow.png,orange.png,orange right.png,71419
3724,blue.png,orange.png,black yellow.png,orange.png,blue left.png,71420
3725,red.png,yellow.png,orange blue.png,blue.png,orange left.png,71421
3726,yellow.png,orange.png,yellow black black yellow.png,orange.png,orange right.png,71422
3727,yellow.png,black.png,green yellow.png,blue.png,green left.png,71423
3728,yellow.png,orange.png,orange yellow.png,green.png,none.png,71424
3729,yellow.png,blue.png,green red.png,orange.png,black right.png,71425
3730,orange.png,blue.png,black red.png,red.png,blue left.png,71426
3731,red.png,black.png,green blue.png,yellow.png,green left.png,71427
3732,yellow.png,orange.png,green red.png,red.png,orange right.png,71428
3733,yellow.png,blue.png,black yellow.png,yellow.png,black right.png,71429
3734,black.png,black.png,black yellow.png,yellow.png,green left.png,71430
3735,orange.png,black.png,yellow red.png,yellow.png,yellow right.png,71431
3736,orange.png,orange.png,green blue.png,red.png,none.png,71432
3737,red.png,green.png,green red.png,red.png,orange right.png,71433
3738,blue.png,black.png,down black up red.png,black.png,none.png,71434
3739,blue.png,green.png,down black up red.png,blue.png,black right.png,71435
3740,green.png,blue.png,green blue.png,yellow.png,orange left.png,71436
3741,yellow.png,red.png,green red.png,yellow.png,blue left.png,71437
3742,green.png,red.png,left black yellow.png,red.png,yellow left.png,71438
3743,orange.png,blue.png,left black yellow.png,blue.png,blue left.png,71439
3744,blue.png,orange.png,multicolor.png,yellow.png,blue right.png,71440
3745,green.png,yellow.png,black yellow yellow black.png,green.png,yellow right.png,71441
3746,green.png,red.png,multicolor.png,yellow.png,orange left.png,71442
3747,red.png,red.png,blue red.png,red.png,black left.png,71443
3748,yellow.png,black.png,multicolor.png,black.png,green left.png,71444
3749,yellow.png,orange.png,yellow blue.png,orange.png,none.png,71445
3750,green.png,blue.png,down black up red.png,yellow.png,orange left.png,71446
3751,orange.png,red.png,green blue.png,yellow.png,orange right.png,71447
3752,blue.png,green.png,orange blue.png,yellow.png,yellow left.png,71448
3753,yellow.png,green.png,orange yellow.png,blue.png,black left.png,71449
3754,yellow.png,blue.png,orange yellow.png,black.png,orange left.png,71450
3755,yellow.png,black.png,yellow black black yellow.png,red.png,blue right.png,71451
3756,yellow.png,green.png,orange yellow.png,blue.png,yellow right.png,71452
3757,green.png,black.png,black yellow yellow black.png,orange.png,none.png,71453
3758,red.png,blue.png,up_and_out black yellow.png,yellow.png,yellow right.png,71454
3759,green.png,yellow.png,orange yellow.png,yellow.png,none.png,71455
3760,red.png,yellow.png,up_and_out black yellow.png,red.png,none.png,71456
3761,black.png,red.png,black yellow.png,black.png,blue right.png,71457
3762,orange.png,orange.png,green red.png,blue.png,blue right.png,71458
3763,orange.png,blue.png,red blue.png,green.png,yellow left.png,71459
3764,red.png,blue.png,left black yellow.png,orange.png,black left.png,71460
3765,orange.png,black.png,green yellow.png,red.png,black right.png,71461
3766,red.png,green.png,down black up red.png,yellow.png,yellow left.png,71462
3767,blue.png,black.png,yellow red.png,blue.png,black left.png,71463
3768,yellow.png,green.png,yellow blue.png,green.png,yellow left.png,71464
3769,blue.png,orange.png,yellow red.png,black.png,red left.png,71465
3770,yellow.png,orange.png,black yellow.png,black.png,yellow left.png,71466
3771,blue.png,green.png,up_and_out black yellow.png,red.png,black right.png,71467
3772,red.png,red.png,yellow black black yellow.png,red.png,green left.png,71468
3773,blue.png,black.png,blue red.png,black.png,orange right.png,71469
3774,red.png,blue.png,down black up red.png,yellow.png,green left.png,71470
3775,red.png,green.png,yellow blue.png,green.png,blue right.png,71471
3776,black.png,black.png,multicolor.png,blue.png,none.png,71472
3777,red.png,yellow.png,yellow black black yellow.png,black.png,red left.png,71473
3778,blue.png,red.png,down black up red.png,black.png,black left.png,71474
3779,blue.png,red.png,black red.png,green.png,black right.png,71475
3780,blue.png,yellow.png,green yellow.png,orange.png,orange right.png,71476
3781,blue.png,orange.png,blue red.png,red.png,red left.png,71477
3782,red.png,black.png,yellow red.png,yellow.png,none.png,71478
3783,green.png,green.png,yellow blue.png,green.png,blue right.png,71479
3784,red.png,black.png,black yellow.png,yellow.png,orange right.png,71480
3785,orange.png,blue.png,green yellow.png,red.png,yellow left.png,71481
3786,blue.png,orange.png,orange blue.png,red.png,yellow left.png,71482
3787,orange.png,orange.png,down black up red.png,black.png,yellow left.png,71483
3788,green.png,green.png,yellow blue.png,blue.png,black left.png,71484
3789,black.png,red.png,up_and_out black yellow.png,yellow.png,orange left.png,71485
3790,green.png,green.png,green blue.png,orange.png,red left.png,71486
3791,red.png,red.png,black yellow yellow black.png,green.png,blue right.png,71487
3792,orange.png,red.png,down black up red.png,red.png,yellow right.png,71488
3793,black.png,green.png,orange blue.png,orange.png,green left.png,71489
3794,red.png,yellow.png,orange yellow.png,red.png,yellow left.png,71490
3795,orange.png,blue.png,yellow blue.png,black.png,yellow left.png,71491
3796,orange.png,blue.png,multicolor.png,green.png,black left.png,71492
3797,yellow.png,red.png,green red.png,orange.png,yellow right.png,71493
3798,orange.png,yellow.png,green yellow.png,yellow.png,blue right.png,71494
3799,orange.png,orange.png,black yellow yellow black.png,orange.png,yellow left.png,71495
3800,green.png,green.png,multicolor.png,black.png,yellow right.png,71496
3801,blue.png,green.png,black red.png,orange.png,blue right.png,71497
3802,blue.png,red.png,yellow blue.png,red.png,none.png,71498
3803,green.png,yellow.png,down black up red.png,blue.png,green left.png,71499
3804,orange.png,orange.png,left black yellow.png,yellow.png,none.png,71500
3805,red.png,yellow.png,orange yellow.png,orange.png,green left.png,71501
3806,black.png,yellow.png,yellow blue.png,green.png,orange right.png,71502
3807,blue.png,yellow.png,yellow green blue.png,green.png,blue right.png,71503
3808,blue.png,red.png,yellow black black yellow.png,blue.png,blue left.png,71504
3809,red.png,blue.png,yellow green blue.png,orange.png,yellow left.png,71505
3810,blue.png,red.png,black red.png,yellow.png,yellow left.png,71506
3811,black.png,green.png,red blue.png,orange.png,none.png,71507
3812,blue.png,red.png,green blue.png,yellow.png,yellow right.png,71508
3813,yellow.png,red.png,red blue.png,black.png,green right.png,71509
3814,orange.png,yellow.png,green blue.png,blue.png,green right.png,71510
3815,green.png,green.png,orange blue.png,yellow.png,orange right.png,71511
3816,red.png,yellow.png,yellow black black yellow.png,red.png,green left.png,71512
3817,red.png,blue.png,yellow green blue.png,black.png,yellow right.png,71513
3818,black.png,orange.png,blue red.png,black.png,orange left.png,71514
3819,red.png,black.png,left black yellow.png,blue.png,green right.png,71515
3820,green.png,orange.png,yellow blue.png,green.png,yellow left.png,71516
3821,green.png,orange.png,black yellow yellow black.png,yellow.png,orange left.png,71517
3822,yellow.png,blue.png,green yellow.png,blue.png,yellow left.png,71518
3823,orange.png,black.png,yellow red.png,orange.png,blue right.png,71519
3824,black.png,black.png,down black up red.png,orange.png,black left.png,71520
3825,orange.png,yellow.png,green blue.png,green.png,orange left.png,71521
3826,red.png,blue.png,orange yellow.png,red.png,blue left.png,71522
3827,yellow.png,blue.png,green blue.png,blue.png,none.png,71523
3828,orange.png,yellow.png,left black yellow.png,red.png,black left.png,71524
3829,black.png,yellow.png,black yellow.png,black.png,green right.png,71525
3830,blue.png,red.png,yellow green blue.png,blue.png,black left.png,71526
3831,green.png,blue.png,multicolor.png,orange.png,black left.png,71527
3832,yellow.png,red.png,green blue.png,black.png,yellow right.png,71528
3833,orange.png,yellow.png,blue red.png,red.png,black left.png,71529
3834,red.png,blue.png,up_and_out black yellow.png,green.png,orange right.png,71530
3835,orange.png,yellow.png,orange yellow.png,black.png,black right.png,71531
3836,yellow.png,orange.png,green blue.png,yellow.png,yellow right.png,71532
3837,black.png,orange.png,yellow red.png,blue.png,black left.png,71533
3838,blue.png,blue.png,yellow red.png,orange.png,orange left.png,71534
3839,yellow.png,orange.png,multicolor.png,black.png,blue right.png,71535
3840,blue.png,blue.png,left black yellow.png,black.png,black left.png,71536
3841,orange.png,black.png,blue red.png,orange.png,orange right.png,71537
3842,blue.png,blue.png,black yellow.png,yellow.png,blue left.png,71538
3843,orange.png,green.png,black red.png,black.png,black right.png,71539
3844,green.png,orange.png,green blue.png,orange.png,blue left.png,71540
3845,blue.png,yellow.png,orange yellow.png,green.png,yellow right.png,71541
3846,black.png,black.png,down black up red.png,orange.png,orange right.png,71542
3847,blue.png,red.png,yellow black black yellow.png,black.png,yellow left.png,71543
3848,yellow.png,orange.png,multicolor.png,green.png,orange left.png,71544
3849,orange.png,black.png,green blue.png,black.png,blue right.png,71545
3850,green.png,black.png,left black yellow.png,red.png,black left.png,71546
3851,yellow.png,green.png,up_and_out black yellow.png,red.png,black right.png,71547
3852,black.png,green.png,orange blue.png,orange.png,none.png,71548
3853,red.png,orange.png,up_and_out black yellow.png,yellow.png,blue left.png,71549
3854,blue.png,black.png,yellow black black yellow.png,orange.png,green right.png,71550
3855,red.png,orange.png,blue red.png,red.png,none.png,71551
3856,blue.png,green.png,black yellow.png,green.png,blue left.png,71552
3857,green.png,orange.png,orange yellow.png,red.png,green right.png,71553
3858,black.png,orange.png,black yellow yellow black.png,green.png,black right.png,71554
3859,orange.png,black.png,black yellow yellow black.png,blue.png,red left.png,71555
3860,yellow.png,blue.png,black yellow yellow black.png,green.png,blue right.png,71556
3861,orange.png,green.png,red blue.png,black.png,blue right.png,71557
3862,orange.png,blue.png,blue red.png,green.png,none.png,71558
3863,orange.png,green.png,orange yellow.png,green.png,yellow right.png,71559
3864,orange.png,black.png,black red.png,red.png,blue right.png,71560
3865,red.png,black.png,down black up red.png,yellow.png,black right.png,71561
3866,black.png,orange.png,red blue.png,orange.png,yellow right.png,71562
3867,blue.png,orange.png,multicolor.png,red.png,orange right.png,71563
3868,orange.png,orange.png,orange yellow.png,black.png,orange right.png,71564
3869,orange.png,blue.png,yellow red.png,red.png,blue right.png,71565
3870,green.png,orange.png,multicolor.png,green.png,none.png,71566
3871,red.png,orange.png,orange yellow.png,black.png,yellow right.png,71567
3872,green.png,green.png,left black yellow.png,red.png,yellow right.png,71568
3873,orange.png,yellow.png,black yellow yellow black.png,orange.png,red left.png,71569
3874,red.png,black.png,black red.png,yellow.png,black right.png,71570
3875,yellow.png,red.png,yellow red.png,orange.png,green right.png,71571
3876,blue.png,blue.png,black yellow.png,orange.png,blue right.png,71572
3877,orange.png,orange.png,multicolor.png,yellow.png,black right.png,71573
3878,yellow.png,black.png,yellow green blue.png,green.png,blue right.png,71574
3879,orange.png,green.png,orange blue.png,green.png,blue left.png,71575
3880,red.png,yellow.png,black yellow.png,yellow.png,orange left.png,71576
3881,blue.png,red.png,left black yellow.png,orange.png,none.png,71577
3882,yellow.png,orange.png,yellow black black yellow.png,green.png,black right.png,71578
3883,black.png,yellow.png,up_and_out black yellow.png,orange.png,blue left.png,71579
3884,red.png,green.png,up_and_out black yellow.png,green.png,red left.png,71580
3885,blue.png,red.png,yellow green blue.png,orange.png,green left.png,71581
3886,green.png,blue.png,down black up red.png,green.png,red left.png,71582
3887,green.png,black.png,black yellow.png,red.png,blue right.png,71583
3888,green.png,blue.png,black red.png,green.png,blue right.png,71584
3889,black.png,green.png,yellow black black yellow.png,orange.png,black left.png,71585
3890,green.png,orange.png,orange blue.png,red.png,yellow right.png,71586
3891,green.png,orange.png,black yellow yellow black.png,green.png,blue right.png,71587
3892,yellow.png,yellow.png,yellow red.png,red.png,none.png,71588
3893,orange.png,yellow.png,orange yellow.png,black.png,green right.png,71589
3894,red.png,green.png,blue red.png,black.png,blue left.png,71590
3895,orange.png,blue.png,blue red.png,yellow.png,yellow right.png,71591
3896,orange.png,black.png,black yellow yellow black.png,blue.png,orange left.png,71592
3897,orange.png,yellow.png,up_and_out black yellow.png,yellow.png,none.png,71593
3898,orange.png,blue.png,down black up red.png,blue.png,none.png,71594
3899,red.png,orange.png,black red.png,yellow.png,none.png,71595
3900,yellow.png,green.png,left black yellow.png,green.png,black left.png,71596
3901,orange.png,yellow.png,yellow green blue.png,black.png,orange right.png,71597
3902,blue.png,blue.png,black yellow.png,orange.png,orange right.png,71598
3903,blue.png,green.png,orange blue.png,yellow.png,blue right.png,71599
3904,green.png,orange.png,orange yellow.png,red.png,yellow right.png,71600
3905,orange.png,black.png,yellow green blue.png,orange.png,red left.png,71601
3906,red.png,black.png,yellow blue.png,orange.png,black left.png,71602
3907,yellow.png,orange.png,up_and_out black yellow.png,blue.png,orange left.png,71603
3908,red.png,orange.png,red blue.png,yellow.png,red left.png,71604
3909,orange.png,green.png,black yellow yellow black.png,black.png,none.png,71605
3910,red.png,red.png,orange yellow.png,black.png,orange right.png,71606
3911,yellow.png,yellow.png,black yellow.png,blue.png,none.png,71607
3912,yellow.png,green.png,green yellow.png,blue.png,orange left.png,71608
3913,blue.png,black.png,left black yellow.png,black.png,red left.png,71609
3914,green.png,black.png,yellow green blue.png,blue.png,red left.png,71610
3915,green.png,black.png,up_and_out black yellow.png,black.png,black right.png,71611
3916,yellow.png,black.png,red blue.png,orange.png,none.png,71612
3917,blue.png,red.png,green blue.png,yellow.png,blue right.png,71613
3918,blue.png,green.png,yellow red.png,yellow.png,green left.png,71614
3919,red.png,orange.png,down black up red.png,red.png,black left.png,71615
3920,orange.png,green.png,left black yellow.png,green.png,orange right.png,71616
3921,black.png,orange.png,yellow green blue.png,yellow.png,none.png,71617
3922,green.png,yellow.png,yellow red.png,yellow.png,blue right.png,71618
3923,black.png,yellow.png,left black yellow.png,green.png,blue left.png,71619
3924,blue.png,black.png,up_and_out black yellow.png,orange.png,black left.png,71620
3925,yellow.png,blue.png,green red.png,yellow.png,orange right.png,71621
3926,green.png,black.png,down black up red.png,blue.png,blue left.png,71622
3927,blue.png,blue.png,black yellow yellow black.png,black.png,yellow left.png,71623
3928,red.png,orange.png,black yellow.png,yellow.png,yellow left.png,71624
3929,red.png,green.png,up_and_out black yellow.png,blue.png,black right.png,71625
3930,orange.png,orange.png,green blue.png,yellow.png,orange right.png,71626
3931,black.png,green.png,yellow black black yellow.png,blue.png,orange left.png,71627
3932,red.png,red.png,yellow green blue.png,blue.png,yellow right.png,71628
3933,orange.png,blue.png,black yellow yellow black.png,black.png,green left.png,71629
3934,black.png,red.png,black red.png,red.png,none.png,71630
3935,yellow.png,green.png,orange blue.png,red.png,black left.png,71631
3936,red.png,red.png,yellow black black yellow.png,yellow.png,yellow left.png,71632
3937,orange.png,yellow.png,black yellow yellow black.png,blue.png,yellow right.png,71633
3938,green.png,blue.png,down black up red.png,blue.png,yellow right.png,71634
3939,red.png,red.png,blue red.png,red.png,orange left.png,71635
3940,yellow.png,orange.png,blue red.png,yellow.png,yellow left.png,71636
3941,yellow.png,blue.png,yellow red.png,green.png,blue left.png,71637
3942,red.png,green.png,yellow black black yellow.png,red.png,orange left.png,71638
3943,blue.png,blue.png,yellow blue.png,orange.png,blue right.png,71639
3944,yellow.png,orange.png,green red.png,red.png,yellow left.png,71640
3945,red.png,red.png,green yellow.png,black.png,yellow left.png,71641
3946,green.png,orange.png,black yellow yellow black.png,black.png,blue left.png,71642
3947,red.png,yellow.png,red blue.png,blue.png,black right.png,71643
3948,yellow.png,blue.png,black yellow.png,orange.png,orange left.png,71644
3949,black.png,yellow.png,blue red.png,yellow.png,green right.png,71645
3950,black.png,red.png,yellow green blue.png,red.png,none.png,71646
3951,green.png,blue.png,green yellow.png,red.png,black right.png,71647
3952,red.png,red.png,black yellow.png,black.png,orange right.png,71648
3953,red.png,blue.png,yellow red.png,orange.png,none.png,71649
3954,blue.png,orange.png,black red.png,orange.png,green right.png,71650
3955,blue.png,red.png,orange yellow.png,black.png,blue right.png,71651
3956,yellow.png,black.png,multicolor.png,red.png,red left.png,71652
3957,yellow.png,yellow.png,black red.png,orange.png,red left.png,71653
3958,green.png,green.png,black yellow.png,green.png,yellow right.png,71654
3959,green.png,yellow.png,blue red.png,red.png,blue right.png,71655
3960,yellow.png,green.png,yellow blue.png,orange.png,green left.png,71656
3961,green.png,green.png,green blue.png,red.png,green right.png,71657
3962,red.png,yellow.png,yellow black black yellow.png,yellow.png,blue right.png,71658
3963,blue.png,yellow.png,green red.png,yellow.png,green right.png,71659
3964,blue.png,yellow.png,yellow green blue.png,green.png,red left.png,71660
3965,orange.png,red.png,orange yellow.png,green.png,orange right.png,71661
3966,red.png,green.png,orange blue.png,green.png,green right.png,71662
3967,orange.png,green.png,black red.png,orange.png,yellow right.png,71663
3968,black.png,black.png,blue red.png,blue.png,red left.png,71664
3969,green.png,black.png,yellow blue.png,red.png,yellow left.png,71665
3970,green.png,red.png,red blue.png,black.png,black right.png,71666
3971,blue.png,green.png,yellow black black yellow.png,green.png,green left.png,71667
3972,red.png,yellow.png,yellow green blue.png,yellow.png,green right.png,71668
3973,green.png,green.png,green red.png,red.png,blue right.png,71669
3974,green.png,orange.png,black yellow yellow black.png,black.png,none.png,71670
3975,green.png,yellow.png,orange yellow.png,blue.png,green left.png,71671
3976,yellow.png,blue.png,black red.png,red.png,none.png,71672
3977,yellow.png,yellow.png,yellow green blue.png,blue.png,orange left.png,71673
3978,yellow.png,orange.png,yellow red.png,black.png,orange right.png,71674
3979,red.png,yellow.png,blue red.png,orange.png,orange right.png,71675
3980,orange.png,blue.png,black yellow.png,green.png,yellow right.png,71676
3981,blue.png,blue.png,green blue.png,orange.png,orange right.png,71677
3982,green.png,yellow.png,yellow green blue.png,black.png,blue left.png,71678
3983,blue.png,black.png,orange yellow.png,yellow.png,green left.png,71679
3984,black.png,green.png,yellow black black yellow.png,yellow.png,black right.png,71680
3985,yellow.png,yellow.png,black yellow.png,red.png,black right.png,71681
3986,red.png,green.png,green red.png,blue.png,blue right.png,71682
3987,yellow.png,black.png,yellow red.png,black.png,green left.png,71683
3988,orange.png,orange.png,left black yellow.png,yellow.png,black left.png,71684
3989,green.png,yellow.png,yellow green blue.png,yellow.png,orange left.png,71685
3990,red.png,yellow.png,orange blue.png,green.png,orange left.png,71686
3991,green.png,blue.png,green red.png,green.png,green right.png,71687
3992,red.png,black.png,orange blue.png,red.png,green right.png,71688
3993,green.png,green.png,yellow blue.png,green.png,yellow left.png,71689
3994,blue.png,red.png,yellow red.png,yellow.png,none.png,71690
3995,yellow.png,black.png,green yellow.png,orange.png,green right.png,71691
3996,orange.png,green.png,orange yellow.png,black.png,black left.png,71692
3997,green.png,yellow.png,black yellow.png,red.png,black right.png,71693
3998,blue.png,yellow.png,yellow blue.png,blue.png,green right.png,71694
3999,red.png,green.png,yellow blue.png,blue.png,blue right.png,71695
4000,orange.png,green.png,yellow blue.png,yellow.png,black left.png,71696
4001,yellow.png,green.png,orange yellow.png,blue.png,green left.png,78397
4002,orange.png,black.png,red blue.png,black.png,none.png,78398
4003,red.png,orange.png,orange yellow.png,orange.png,green right.png,78399
4004,orange.png,orange.png,left black yellow.png,black.png,red left.png,78400
4005,yellow.png,black.png,green red.png,green.png,orange right.png,78401
4006,red.png,black.png,black yellow.png,green.png,none.png,78402
4007,blue.png,red.png,black yellow yellow black.png,blue.png,orange left.png,78403
4008,green.png,blue.png,up_and_out black yellow.png,orange.png,black left.png,78404
4009,yellow.png,black.png,blue red.png,blue.png,blue right.png,78405
4010,red.png,blue.png,green blue.png,orange.png,orange left.png,78406
4011,red.png,red.png,black red.png,red.png,black left.png,78407
4012,green.png,black.png,orange blue.png,black.png,yellow left.png,78408
4013,red.png,orange.png,black yellow.png,blue.png,orange right.png,78409
4014,black.png,black.png,black yellow.png,yellow.png,yellow right.png,78410
4015,yellow.png,orange.png,blue red.png,red.png,blue right.png,78411
4016,green.png,orange.png,multicolor.png,black.png,yellow right.png,78412
4017,green.png,green.png,down black up red.png,orange.png,black right.png,78413
4018,black.png,yellow.png,black yellow.png,red.png,green right.png,78414
4019,green.png,green.png,red blue.png,blue.png,yellow right.png,78415
4020,yellow.png,blue.png,yellow blue.png,orange.png,red left.png,78416
4021,green.png,green.png,black yellow yellow black.png,orange.png,green left.png,78417
4022,red.png,green.png,yellow black black yellow.png,yellow.png,black right.png,78418
4023,green.png,black.png,black red.png,red.png,blue right.png,78419
4024,blue.png,black.png,orange blue.png,red.png,yellow left.png,78420
4025,red.png,blue.png,black red.png,yellow.png,green right.png,78421
4026,yellow.png,green.png,down black up red.png,red.png,blue left.png,78422
4027,black.png,black.png,multicolor.png,yellow.png,orange right.png,78423
4028,black.png,orange.png,yellow red.png,yellow.png,yellow right.png,78424
4029,orange.png,orange.png,down black up red.png,red.png,orange left.png,78425
4030,black.png,yellow.png,green blue.png,yellow.png,blue right.png,78426
4031,red.png,blue.png,black yellow.png,yellow.png,green right.png,78427
4032,red.png,red.png,multicolor.png,orange.png,orange right.png,78428
4033,yellow.png,black.png,yellow green blue.png,green.png,black right.png,78429
4034,blue.png,blue.png,orange blue.png,black.png,green left.png,78430
4035,red.png,yellow.png,green red.png,black.png,green left.png,78431
4036,green.png,orange.png,yellow blue.png,red.png,blue right.png,78432
4037,red.png,orange.png,down black up red.png,green.png,yellow left.png,78433
4038,blue.png,yellow.png,yellow green blue.png,yellow.png,orange left.png,78434
4039,yellow.png,red.png,red blue.png,orange.png,none.png,78435
4040,orange.png,green.png,up_and_out black yellow.png,blue.png,orange right.png,78436
4041,orange.png,red.png,black yellow.png,black.png,orange left.png,78437
4042,blue.png,orange.png,yellow black black yellow.png,yellow.png,yellow left.png,78438
4043,blue.png,yellow.png,orange blue.png,yellow.png,blue right.png,78439
4044,blue.png,black.png,orange blue.png,blue.png,black right.png,78440
4045,red.png,yellow.png,black yellow yellow black.png,red.png,yellow left.png,78441
4046,black.png,red.png,yellow black black yellow.png,green.png,yellow right.png,78442
4047,orange.png,orange.png,yellow green blue.png,orange.png,black right.png,78443
4048,blue.png,red.png,black red.png,green.png,yellow left.png,78444
4049,green.png,red.png,yellow blue.png,yellow.png,blue left.png,78445
4050,black.png,orange.png,orange yellow.png,red.png,yellow right.png,78446
4051,orange.png,green.png,yellow red.png,yellow.png,red left.png,78447
4052,orange.png,orange.png,red blue.png,blue.png,green right.png,78448
4053,red.png,red.png,yellow red.png,blue.png,black left.png,78449
4054,red.png,green.png,green yellow.png,green.png,blue right.png,78450
4055,blue.png,blue.png,left black yellow.png,orange.png,yellow right.png,78451
4056,black.png,blue.png,yellow blue.png,orange.png,black right.png,78452
4057,red.png,red.png,yellow black black yellow.png,red.png,red left.png,78453
4058,black.png,orange.png,multicolor.png,green.png,blue left.png,78454
4059,red.png,green.png,green yellow.png,yellow.png,none.png,78455
4060,red.png,orange.png,green yellow.png,blue.png,none.png,78456
4061,black.png,blue.png,green blue.png,yellow.png,blue left.png,78457
4062,blue.png,yellow.png,multicolor.png,red.png,yellow right.png,78458
4063,green.png,yellow.png,green red.png,red.png,green right.png,78459
4064,orange.png,red.png,orange blue.png,blue.png,none.png,78460
4065,yellow.png,black.png,green yellow.png,blue.png,green right.png,78461
4066,black.png,orange.png,green yellow.png,red.png,black left.png,78462
4067,green.png,yellow.png,blue red.png,yellow.png,black left.png,78463
4068,blue.png,green.png,left black yellow.png,yellow.png,black right.png,78464
4069,red.png,red.png,black yellow yellow black.png,red.png,red left.png,78465
4070,blue.png,green.png,multicolor.png,black.png,black right.png,78466
4071,black.png,orange.png,down black up red.png,blue.png,red left.png,78467
4072,yellow.png,green.png,green yellow.png,red.png,black left.png,78468
4073,blue.png,orange.png,green red.png,black.png,green left.png,78469
4074,blue.png,blue.png,left black yellow.png,green.png,yellow left.png,78470
4075,blue.png,red.png,up_and_out black yellow.png,blue.png,black left.png,78471
4076,green.png,black.png,green yellow.png,green.png,orange right.png,78472
4077,black.png,green.png,yellow red.png,blue.png,orange right.png,78473
4078,red.png,blue.png,black yellow.png,black.png,orange right.png,78474
4079,blue.png,orange.png,yellow red.png,black.png,black right.png,78475
4080,yellow.png,blue.png,blue red.png,green.png,none.png,78476
4081,black.png,black.png,blue red.png,orange.png,none.png,78477
4082,black.png,yellow.png,yellow black black yellow.png,green.png,green right.png,78478
4083,black.png,green.png,yellow green blue.png,orange.png,green left.png,78479
4084,blue.png,black.png,orange yellow.png,green.png,blue left.png,78480
4085,green.png,orange.png,blue red.png,orange.png,orange right.png,78481
4086,yellow.png,blue.png,green blue.png,yellow.png,yellow left.png,78482
4087,yellow.png,green.png,blue red.png,orange.png,green right.png,78483
4088,yellow.png,red.png,yellow black black yellow.png,red.png,none.png,78484
4089,green.png,yellow.png,blue red.png,orange.png,green right.png,78485
4090,black.png,black.png,black yellow yellow black.png,yellow.png,yellow right.png,78486
4091,green.png,blue.png,left black yellow.png,red.png,orange right.png,78487
4092,orange.png,blue.png,down black up red.png,green.png,orange left.png,78488
4093,blue.png,green.png,black yellow yellow black.png,green.png,yellow right.png,78489
4094,red.png,orange.png,green blue.png,yellow.png,orange right.png,78490
4095,blue.png,blue.png,left black yellow.png,orange.png,green left.png,78491
4096,black.png,red.png,yellow red.png,black.png,green right.png,78492
4097,green.png,red.png,green yellow.png,blue.png,black left.png,78493
4098,yellow.png,green.png,down black up red.png,yellow.png,red left.png,78494
4099,red.png,yellow.png,multicolor.png,green.png,green left.png,78495
4100,blue.png,black.png,yellow red.png,red.png,yellow right.png,78496
4101,red.png,blue.png,black yellow.png,black.png,none.png,78497
4102,black.png,green.png,orange blue.png,orange.png,blue left.png,78498
4103,yellow.png,blue.png,yellow blue.png,green.png,blue left.png,78499
4104,red.png,blue.png,green red.png,black.png,black right.png,78500
4105,black.png,yellow.png,black yellow yellow black.png,blue.png,blue left.png,78501
4106,orange.png,black.png,yellow red.png,orange.png,orange right.png,78502
4107,black.png,blue.png,blue red.png,black.png,none.png,78503
4108,black.png,orange.png,up_and_out black yellow.png,black.png,yellow left.png,78504
4109,orange.png,yellow.png,down black up red.png,yellow.png,blue left.png,78505
4110,green.png,blue.png,red blue.png,orange.png,none.png,78506
4111,blue.png,yellow.png,yellow green blue.png,yellow.png,black right.png,78507
4112,blue.png,red.png,yellow black black yellow.png,blue.png,yellow right.png,78508
4113,green.png,black.png,orange blue.png,green.png,blue right.png,78509
4114,blue.png,green.png,orange yellow.png,red.png,black right.png,78510
4115,yellow.png,red.png,yellow red.png,red.png,blue left.png,78511
4116,orange.png,green.png,yellow black black yellow.png,red.png,green left.png,78512
4117,orange.png,black.png,orange blue.png,black.png,blue left.png,78513
4118,orange.png,green.png,green blue.png,yellow.png,green right.png,78514
4119,yellow.png,orange.png,yellow green blue.png,red.png,black right.png,78515
4120,blue.png,green.png,green blue.png,blue.png,orange left.png,78516
4121,yellow.png,yellow.png,black yellow yellow black.png,red.png,none.png,78517
4122,yellow.png,black.png,left black yellow.png,yellow.png,green left.png,78518
4123,yellow.png,green.png,orange yellow.png,black.png,yellow right.png,78519
4124,green.png,red.png,yellow black black yellow.png,black.png,black right.png,78520
4125,green.png,blue.png,yellow green blue.png,green.png,yellow left.png,78521
4126,yellow.png,black.png,down black up red.png,orange.png,black right.png,78522
4127,red.png,orange.png,yellow blue.png,yellow.png,orange left.png,78523
4128,blue.png,green.png,left black yellow.png,green.png,orange right.png,78524
4129,orange.png,red.png,black yellow yellow black.png,red.png,black right.png,78525
4130,red.png,orange.png,green red.png,orange.png,black left.png,78526
4131,blue.png,yellow.png,multicolor.png,orange.png,black right.png,78527
4132,green.png,green.png,multicolor.png,yellow.png,green left.png,78528
4133,orange.png,black.png,yellow green blue.png,red.png,orange right.png,78529
4134,blue.png,yellow.png,black yellow.png,orange.png,red left.png,78530
4135,yellow.png,green.png,yellow blue.png,blue.png,orange right.png,78531
4136,blue.png,green.png,green yellow.png,green.png,black right.png,78532
4137,black.png,green.png,yellow blue.png,red.png,orange left.png,78533
4138,green.png,black.png,green red.png,green.png,blue left.png,78534
4139,orange.png,red.png,yellow black black yellow.png,black.png,none.png,78535
4140,black.png,blue.png,blue red.png,blue.png,green left.png,78536
4141,yellow.png,blue.png,green yellow.png,green.png,orange right.png,78537
4142,red.png,green.png,black red.png,orange.png,none.png,78538
4143,blue.png,red.png,orange yellow.png,yellow.png,none.png,78539
4144,blue.png,black.png,yellow green blue.png,orange.png,blue right.png,78540
4145,green.png,green.png,multicolor.png,orange.png,yellow right.png,78541
4146,blue.png,green.png,orange blue.png,blue.png,black left.png,78542
4147,blue.png,green.png,down black up red.png,yellow.png,blue left.png,78543
4148,blue.png,yellow.png,orange yellow.png,yellow.png,orange left.png,78544
4149,yellow.png,orange.png,black red.png,orange.png,blue left.png,78545
4150,green.png,black.png,black red.png,blue.png,red left.png,78546
4151,blue.png,orange.png,orange blue.png,green.png,yellow right.png,78547
4152,blue.png,green.png,yellow red.png,orange.png,blue right.png,78548
4153,blue.png,yellow.png,yellow green blue.png,red.png,yellow right.png,78549
4154,green.png,red.png,blue red.png,red.png,red left.png,78550
4155,green.png,green.png,red blue.png,green.png,orange right.png,78551
4156,green.png,black.png,yellow blue.png,orange.png,blue right.png,78552
4157,blue.png,green.png,green yellow.png,red.png,green left.png,78553
4158,blue.png,yellow.png,black yellow.png,orange.png,blue left.png,78554
4159,blue.png,yellow.png,up_and_out black yellow.png,green.png,blue right.png,78555
4160,green.png,blue.png,orange blue.png,black.png,green left.png,78556
4161,orange.png,red.png,orange blue.png,blue.png,yellow right.png,78557
4162,black.png,orange.png,yellow black black yellow.png,black.png,yellow left.png,78558
4163,red.png,green.png,green yellow.png,blue.png,blue right.png,78559
4164,orange.png,blue.png,yellow red.png,black.png,none.png,78560
4165,yellow.png,red.png,yellow red.png,black.png,black left.png,78561
4166,orange.png,blue.png,down black up red.png,green.png,none.png,78562
4167,red.png,red.png,black red.png,green.png,none.png,78563
4168,black.png,green.png,yellow green blue.png,orange.png,orange right.png,78564
4169,green.png,yellow.png,black yellow.png,green.png,green left.png,78565
4170,orange.png,yellow.png,blue red.png,yellow.png,green right.png,78566
4171,red.png,black.png,yellow black black yellow.png,green.png,none.png,78567
4172,yellow.png,green.png,green blue.png,blue.png,black right.png,78568
4173,black.png,blue.png,black yellow.png,red.png,yellow right.png,78569
4174,blue.png,orange.png,green blue.png,green.png,yellow left.png,78570
4175,black.png,green.png,orange yellow.png,black.png,orange left.png,78571
4176,yellow.png,yellow.png,multicolor.png,red.png,none.png,78572
4177,orange.png,orange.png,yellow green blue.png,yellow.png,black left.png,78573
4178,orange.png,orange.png,orange yellow.png,orange.png,yellow right.png,78574
4179,black.png,black.png,green yellow.png,green.png,orange left.png,78575
4180,blue.png,orange.png,black yellow yellow black.png,green.png,green left.png,78576
4181,green.png,black.png,green blue.png,orange.png,green left.png,78577
4182,blue.png,yellow.png,yellow red.png,orange.png,yellow right.png,78578
4183,black.png,black.png,down black up red.png,blue.png,red left.png,78579
4184,orange.png,green.png,green red.png,red.png,orange right.png,78580
4185,blue.png,yellow.png,yellow black black yellow.png,orange.png,green right.png,78581
4186,black.png,blue.png,yellow black black yellow.png,black.png,green left.png,78582
4187,blue.png,blue.png,yellow blue.png,black.png,orange left.png,78583
4188,black.png,blue.png,black yellow yellow black.png,red.png,blue left.png,78584
4189,blue.png,blue.png,down black up red.png,green.png,none.png,78585
4190,orange.png,black.png,yellow black black yellow.png,yellow.png,yellow right.png,78586
4191,black.png,green.png,up_and_out black yellow.png,yellow.png,orange right.png,78587
4192,black.png,orange.png,multicolor.png,green.png,orange left.png,78588
4193,yellow.png,blue.png,blue red.png,blue.png,black right.png,78589
4194,green.png,blue.png,red blue.png,red.png,blue right.png,78590
4195,orange.png,black.png,black yellow.png,yellow.png,yellow right.png,78591
4196,yellow.png,red.png,up_and_out black yellow.png,yellow.png,green right.png,78592
4197,red.png,orange.png,yellow black black yellow.png,green.png,yellow left.png,78593
4198,red.png,red.png,black red.png,blue.png,red left.png,78594
4199,black.png,black.png,black yellow.png,black.png,none.png,78595
4200,red.png,green.png,yellow blue.png,black.png,yellow left.png,78596
4201,green.png,red.png,orange blue.png,red.png,black left.png,78597
4202,red.png,red.png,orange blue.png,yellow.png,blue right.png,78598
4203,red.png,green.png,orange blue.png,yellow.png,orange right.png,78599
4204,red.png,yellow.png,black yellow.png,black.png,black right.png,78600
4205,yellow.png,yellow.png,orange blue.png,black.png,orange left.png,78601
4206,black.png,green.png,red blue.png,green.png,orange right.png,78602
4207,blue.png,green.png,black yellow.png,green.png,orange left.png,78603
4208,blue.png,yellow.png,left black yellow.png,blue.png,red left.png,78604
4209,blue.png,blue.png,green blue.png,green.png,black left.png,78605
4210,black.png,orange.png,orange yellow.png,black.png,black right.png,78606
4211,black.png,yellow.png,green red.png,yellow.png,none.png,78607
4212,red.png,green.png,left black yellow.png,blue.png,blue left.png,78608
4213,orange.png,red.png,blue red.png,yellow.png,green right.png,78609
4214,red.png,green.png,black yellow.png,orange.png,red left.png,78610
4215,green.png,yellow.png,green red.png,blue.png,black right.png,78611
4216,green.png,red.png,up_and_out black yellow.png,orange.png,orange left.png,78612
4217,yellow.png,blue.png,green yellow.png,orange.png,yellow right.png,78613
4218,black.png,black.png,up_and_out black yellow.png,green.png,green left.png,78614
4219,green.png,red.png,orange blue.png,blue.png,black left.png,78615
4220,green.png,yellow.png,green blue.png,yellow.png,black left.png,78616
4221,blue.png,blue.png,orange yellow.png,yellow.png,green right.png,78617
4222,orange.png,orange.png,yellow green blue.png,black.png,blue left.png,78618
4223,red.png,yellow.png,down black up red.png,black.png,yellow right.png,78619
4224,blue.png,green.png,multicolor.png,red.png,none.png,78620
4225,green.png,black.png,black red.png,black.png,green left.png,78621
4226,red.png,green.png,red blue.png,yellow.png,green left.png,78622
4227,black.png,blue.png,black yellow yellow black.png,black.png,yellow left.png,78623
4228,red.png,black.png,black yellow.png,blue.png,black left.png,78624
4229,red.png,green.png,up_and_out black yellow.png,blue.png,blue left.png,78625
4230,green.png,yellow.png,red blue.png,blue.png,yellow right.png,78626
4231,black.png,black.png,red blue.png,black.png,blue left.png,78627
4232,orange.png,red.png,orange blue.png,orange.png,orange right.png,78628
4233,blue.png,orange.png,green blue.png,green.png,none.png,78629
4234,yellow.png,red.png,black yellow.png,red.png,blue right.png,78630
4235,yellow.png,red.png,multicolor.png,red.png,green left.png,78631
4236,black.png,orange.png,down black up red.png,orange.png,black left.png,78632
4237,green.png,yellow.png,green red.png,orange.png,green left.png,78633
4238,orange.png,green.png,yellow black black yellow.png,red.png,black left.png,78634
4239,yellow.png,blue.png,yellow blue.png,yellow.png,blue right.png,78635
4240,green.png,orange.png,orange blue.png,yellow.png,blue left.png,78636
4241,red.png,orange.png,orange yellow.png,black.png,black right.png,78637
4242,blue.png,red.png,yellow blue.png,black.png,green right.png,78638
4243,black.png,black.png,up_and_out black yellow.png,red.png,black left.png,78639
4244,yellow.png,red.png,up_and_out black yellow.png,black.png,blue right.png,78640
4245,green.png,yellow.png,yellow blue.png,blue.png,black right.png,78641
4246,green.png,orange.png,yellow green blue.png,red.png,blue left.png,78642
4247,red.png,green.png,green blue.png,orange.png,black left.png,78643
4248,orange.png,red.png,left black yellow.png,blue.png,yellow right.png,78644
4249,red.png,black.png,left black yellow.png,blue.png,black right.png,78645
4250,green.png,green.png,green red.png,red.png,orange left.png,78646
4251,red.png,green.png,up_and_out black yellow.png,yellow.png,black right.png,78647
4252,blue.png,red.png,green yellow.png,yellow.png,yellow right.png,78648
4253,orange.png,red.png,green blue.png,blue.png,yellow left.png,78649
4254,orange.png,black.png,yellow black black yellow.png,green.png,black left.png,78650
4255,red.png,blue.png,yellow blue.png,yellow.png,orange right.png,78651
4256,orange.png,red.png,yellow black black yellow.png,green.png,green left.png,78652
4257,blue.png,yellow.png,yellow blue.png,red.png,yellow left.png,78653
4258,red.png,green.png,yellow black black yellow.png,red.png,black left.png,78654
4259,green.png,black.png,left black yellow.png,yellow.png,blue left.png,78655
4260,green.png,green.png,green red.png,orange.png,yellow right.png,78656
4261,orange.png,green.png,yellow red.png,green.png,yellow right.png,78657
4262,yellow.png,black.png,up_and_out black yellow.png,black.png,black right.png,78658
4263,red.png,orange.png,down black up red.png,yellow.png,blue left.png,78659
4264,yellow.png,green.png,green red.png,yellow.png,red left.png,78660
4265,blue.png,black.png,green yellow.png,blue.png,blue right.png,78661
4266,red.png,red.png,yellow red.png,black.png,none.png,78662
4267,black.png,blue.png,black yellow.png,orange.png,red left.png,78663
4268,orange.png,yellow.png,yellow red.png,black.png,orange right.png,78664
4269,red.png,orange.png,down black up red.png,blue.png,red left.png,78665
4270,red.png,black.png,yellow green blue.png,yellow.png,orange right.png,78666
4271,yellow.png,red.png,black red.png,orange.png,black left.png,78667
4272,yellow.png,yellow.png,up_and_out black yellow.png,black.png,red left.png,78668
4273,yellow.png,blue.png,green red.png,black.png,red left.png,78669
4274,yellow.png,red.png,orange yellow.png,black.png,none.png,78670
4275,red.png,blue.png,black yellow yellow black.png,green.png,orange right.png,78671
4276,black.png,black.png,orange yellow.png,orange.png,none.png,78672
4277,blue.png,red.png,black yellow.png,green.png,yellow left.png,78673
4278,orange.png,red.png,green yellow.png,black.png,blue left.png,78674
4279,blue.png,black.png,green red.png,orange.png,green left.png,78675
4280,green.png,yellow.png,black yellow yellow black.png,yellow.png,green left.png,78676
4281,yellow.png,green.png,black yellow.png,red.png,orange left.png,78677
4282,yellow.png,blue.png,up_and_out black yellow.png,green.png,green left.png,78678
4283,red.png,orange.png,left black yellow.png,orange.png,blue right.png,78679
4284,orange.png,blue.png,multicolor.png,red.png,blue left.png,78680
4285,green.png,black.png,blue red.png,red.png,black left.png,78681
4286,black.png,black.png,green yellow.png,green.png,green left.png,78682
4287,yellow.png,green.png,green blue.png,black.png,orange right.png,78683
4288,yellow.png,blue.png,yellow black black yellow.png,yellow.png,none.png,78684
4289,red.png,black.png,black yellow yellow black.png,black.png,green right.png,78685
4290,red.png,black.png,yellow green blue.png,green.png,black right.png,78686
4291,blue.png,blue.png,up_and_out black yellow.png,yellow.png,green right.png,78687
4292,yellow.png,orange.png,green red.png,black.png,green left.png,78688
4293,blue.png,black.png,yellow green blue.png,yellow.png,blue left.png,78689
4294,green.png,red.png,green red.png,red.png,yellow right.png,78690
4295,blue.png,red.png,yellow blue.png,black.png,orange right.png,78691
4296,red.png,orange.png,blue red.png,green.png,none.png,78692
4297,black.png,orange.png,orange blue.png,orange.png,green left.png,78693
4298,yellow.png,red.png,black yellow.png,green.png,orange left.png,78694
4299,blue.png,yellow.png,down black up red.png,blue.png,yellow right.png,78695
4300,green.png,black.png,yellow black black yellow.png,black.png,yellow left.png,78696
4301,black.png,black.png,green blue.png,black.png,yellow left.png,78697
4302,blue.png,red.png,green yellow.png,green.png,green right.png,78698
4303,orange.png,orange.png,blue red.png,yellow.png,green left.png,78699
4304,green.png,yellow.png,black red.png,yellow.png,green left.png,78700
4305,yellow.png,green.png,left black yellow.png,black.png,black left.png,78701
4306,orange.png,green.png,up_and_out black yellow.png,blue.png,black left.png,78702
4307,green.png,orange.png,up_and_out black yellow.png,yellow.png,orange left.png,78703
4308,orange.png,yellow.png,black yellow.png,blue.png,red left.png,78704
4309,black.png,orange.png,red blue.png,blue.png,blue left.png,78705
4310,green.png,black.png,multicolor.png,red.png,red left.png,78706
4311,orange.png,orange.png,green blue.png,blue.png,yellow right.png,78707
4312,green.png,red.png,green yellow.png,green.png,blue right.png,78708
4313,green.png,red.png,up_and_out black yellow.png,green.png,red left.png,78709
4314,green.png,red.png,green blue.png,yellow.png,orange right.png,78710
4315,black.png,black.png,black yellow yellow black.png,black.png,none.png,78711
4316,blue.png,blue.png,multicolor.png,blue.png,blue left.png,78712
4317,blue.png,black.png,up_and_out black yellow.png,orange.png,orange left.png,78713
4318,green.png,red.png,black red.png,yellow.png,blue right.png,78714
4319,green.png,blue.png,blue red.png,yellow.png,green right.png,78715
4320,yellow.png,green.png,multicolor.png,green.png,orange left.png,78716
4321,blue.png,red.png,black red.png,green.png,orange left.png,78717
4322,blue.png,blue.png,green red.png,blue.png,yellow left.png,78718
4323,red.png,red.png,black yellow yellow black.png,blue.png,yellow right.png,78719
4324,blue.png,yellow.png,multicolor.png,red.png,black right.png,78720
4325,green.png,green.png,left black yellow.png,red.png,green left.png,78721
4326,red.png,red.png,green yellow.png,red.png,blue right.png,78722
4327,red.png,red.png,yellow blue.png,black.png,none.png,78723
4328,black.png,black.png,green blue.png,yellow.png,yellow right.png,78724
4329,yellow.png,yellow.png,black yellow.png,black.png,yellow left.png,78725
4330,blue.png,yellow.png,yellow red.png,yellow.png,orange right.png,78726
4331,yellow.png,red.png,yellow black black yellow.png,black.png,yellow left.png,78727
4332,blue.png,orange.png,up_and_out black yellow.png,blue.png,yellow right.png,78728
4333,yellow.png,red.png,green yellow.png,red.png,yellow right.png,78729
4334,black.png,yellow.png,multicolor.png,yellow.png,red left.png,78730
4335,blue.png,orange.png,red blue.png,red.png,black left.png,78731
4336,blue.png,orange.png,multicolor.png,orange.png,none.png,78732
4337,yellow.png,red.png,yellow black black yellow.png,yellow.png,blue right.png,78733
4338,green.png,red.png,up_and_out black yellow.png,black.png,yellow right.png,78734
4339,green.png,black.png,black yellow yellow black.png,black.png,none.png,78735
4340,blue.png,orange.png,green red.png,yellow.png,green right.png,78736
4341,yellow.png,black.png,red blue.png,red.png,blue left.png,78737
4342,yellow.png,orange.png,green blue.png,orange.png,blue right.png,78738
4343,blue.png,red.png,yellow green blue.png,blue.png,black right.png,78739
4344,yellow.png,yellow.png,orange blue.png,green.png,black left.png,78740
4345,blue.png,black.png,multicolor.png,black.png,orange right.png,78741
4346,yellow.png,red.png,yellow black black yellow.png,black.png,black right.png,78742
4347,orange.png,green.png,red blue.png,black.png,yellow left.png,78743
4348,green.png,yellow.png,green blue.png,red.png,none.png,78744
4349,blue.png,green.png,orange yellow.png,green.png,black right.png,78745
4350,yellow.png,orange.png,yellow green blue.png,yellow.png,orange left.png,78746
4351,red.png,green.png,orange yellow.png,yellow.png,red left.png,78747
4352,red.png,yellow.png,red blue.png,red.png,green right.png,78748
4353,green.png,orange.png,yellow black black yellow.png,yellow.png,orange right.png,78749
4354,blue.png,orange.png,blue red.png,yellow.png,yellow left.png,78750
4355,yellow.png,red.png,red blue.png,yellow.png,orange left.png,78751
4356,red.png,green.png,yellow green blue.png,blue.png,green left.png,78752
4357,red.png,red.png,green blue.png,orange.png,red left.png,78753
4358,red.png,green.png,yellow blue.png,blue.png,black left.png,78754
4359,orange.png,yellow.png,down black up red.png,green.png,orange left.png,78755
4360,blue.png,red.png,green yellow.png,black.png,black left.png,78756
4361,red.png,blue.png,yellow black black yellow.png,black.png,red left.png,78757
4362,black.png,green.png,yellow red.png,orange.png,black left.png,78758
4363,blue.png,yellow.png,green yellow.png,yellow.png,blue right.png,78759
4364,orange.png,orange.png,yellow black black yellow.png,red.png,green right.png,78760
4365,orange.png,red.png,orange blue.png,red.png,none.png,78761
4366,yellow.png,black.png,yellow blue.png,black.png,yellow left.png,78762
4367,black.png,orange.png,black yellow.png,blue.png,black left.png,78763
4368,green.png,green.png,down black up red.png,blue.png,red left.png,78764
4369,green.png,orange.png,yellow blue.png,green.png,green right.png,78765
4370,yellow.png,blue.png,orange blue.png,blue.png,orange right.png,78766
4371,yellow.png,black.png,green blue.png,red.png,blue left.png,78767
4372,orange.png,yellow.png,yellow red.png,blue.png,orange left.png,78768
4373,yellow.png,black.png,yellow green blue.png,blue.png,orange left.png,78769
4374,red.png,orange.png,yellow black black yellow.png,blue.png,black right.png,78770
4375,blue.png,red.png,yellow blue.png,orange.png,orange left.png,78771
4376,black.png,black.png,red blue.png,blue.png,green left.png,78772
4377,orange.png,blue.png,down black up red.png,red.png,orange right.png,78773
4378,yellow.png,black.png,up_and_out black yellow.png,orange.png,none.png,78774
4379,red.png,black.png,yellow green blue.png,yellow.png,yellow left.png,78775
4380,black.png,blue.png,multicolor.png,blue.png,orange left.png,78776
4381,blue.png,orange.png,yellow red.png,yellow.png,green right.png,78777
4382,green.png,green.png,orange blue.png,blue.png,blue right.png,78778
4383,black.png,red.png,multicolor.png,black.png,none.png,78779
4384,orange.png,yellow.png,up_and_out black yellow.png,red.png,blue right.png,78780
4385,yellow.png,black.png,yellow green blue.png,red.png,blue right.png,78781
4386,yellow.png,yellow.png,yellow black black yellow.png,orange.png,green left.png,78782
4387,yellow.png,orange.png,yellow black black yellow.png,green.png,green right.png,78783
4388,red.png,black.png,yellow green blue.png,black.png,black left.png,78784
4389,black.png,green.png,up_and_out black yellow.png,black.png,yellow left.png,78785
4390,blue.png,black.png,green red.png,green.png,red left.png,78786
4391,orange.png,blue.png,yellow green blue.png,orange.png,green left.png,78787
4392,orange.png,yellow.png,orange yellow.png,orange.png,orange left.png,78788
4393,green.png,yellow.png,green yellow.png,yellow.png,blue left.png,78789
4394,green.png,yellow.png,up_and_out black yellow.png,orange.png,yellow left.png,78790
4395,red.png,yellow.png,black yellow yellow black.png,blue.png,green right.png,78791
4396,black.png,orange.png,multicolor.png,orange.png,blue right.png,78792
4397,red.png,red.png,black red.png,red.png,black right.png,78793
4398,orange.png,red.png,blue red.png,black.png,black left.png,78794
4399,green.png,yellow.png,yellow red.png,blue.png,green right.png,78795
4400,red.png,yellow.png,black yellow yellow black.png,blue.png,none.png,78796
4401,red.png,yellow.png,green red.png,red.png,blue left.png,78797
4402,green.png,green.png,down black up red.png,red.png,red left.png,78798
4403,orange.png,orange.png,orange blue.png,red.png,yellow left.png,78799
4404,black.png,red.png,yellow red.png,black.png,yellow left.png,78800
4405,red.png,black.png,green yellow.png,yellow.png,orange left.png,78801
4406,red.png,orange.png,up_and_out black yellow.png,yellow.png,yellow left.png,78802
4407,yellow.png,blue.png,black yellow.png,yellow.png,green right.png,78803
4408,black.png,yellow.png,yellow blue.png,yellow.png,black left.png,78804
4409,black.png,black.png,left black yellow.png,blue.png,yellow right.png,78805
4410,green.png,black.png,up_and_out black yellow.png,orange.png,orange right.png,78806
4411,red.png,black.png,yellow red.png,green.png,orange left.png,78807
4412,orange.png,yellow.png,black red.png,yellow.png,red left.png,78808
4413,yellow.png,blue.png,orange blue.png,black.png,orange left.png,78809
4414,red.png,blue.png,blue red.png,green.png,none.png,78810
4415,orange.png,red.png,green red.png,black.png,orange right.png,78811
4416,black.png,yellow.png,down black up red.png,red.png,red left.png,78812
4417,black.png,green.png,green yellow.png,green.png,orange right.png,78813
4418,yellow.png,red.png,green yellow.png,red.png,green left.png,78814
4419,blue.png,green.png,yellow blue.png,orange.png,yellow right.png,78815
4420,red.png,orange.png,yellow black black yellow.png,red.png,blue right.png,78816
4421,orange.png,black.png,black yellow.png,red.png,black right.png,78817
4422,blue.png,yellow.png,black yellow yellow black.png,orange.png,blue left.png,78818
4423,black.png,yellow.png,black yellow yellow black.png,orange.png,yellow left.png,78819
4424,orange.png,black.png,multicolor.png,orange.png,red left.png,78820
4425,yellow.png,black.png,multicolor.png,black.png,yellow right.png,78821
4426,yellow.png,blue.png,blue red.png,orange.png,none.png,78822
4427,yellow.png,yellow.png,multicolor.png,green.png,black left.png,78823
4428,yellow.png,red.png,black red.png,black.png,black left.png,78824
4429,yellow.png,black.png,green red.png,yellow.png,red left.png,78825
4430,black.png,orange.png,black yellow yellow black.png,blue.png,green right.png,78826
4431,yellow.png,red.png,left black yellow.png,black.png,green left.png,78827
4432,black.png,blue.png,green blue.png,green.png,blue left.png,78828
4433,blue.png,green.png,yellow black black yellow.png,yellow.png,orange right.png,78829
4434,blue.png,red.png,orange blue.png,green.png,green left.png,78830
4435,yellow.png,yellow.png,orange blue.png,yellow.png,black left.png,78831
4436,green.png,orange.png,yellow green blue.png,orange.png,black right.png,78832
4437,red.png,green.png,yellow black black yellow.png,orange.png,yellow left.png,78833
4438,red.png,red.png,left black yellow.png,blue.png,green left.png,78834
4439,black.png,green.png,yellow red.png,blue.png,orange left.png,78835
4440,orange.png,green.png,yellow blue.png,blue.png,orange right.png,78836
4441,yellow.png,blue.png,yellow red.png,orange.png,blue right.png,78837
4442,blue.png,black.png,blue red.png,black.png,black right.png,78838
4443,yellow.png,red.png,green red.png,orange.png,black left.png,78839
4444,red.png,yellow.png,green blue.png,black.png,blue left.png,78840
4445,red.png,black.png,green red.png,yellow.png,orange right.png,78841
4446,yellow.png,yellow.png,left black yellow.png,red.png,red left.png,78842
4447,blue.png,orange.png,orange blue.png,red.png,black right.png,78843
4448,yellow.png,yellow.png,orange yellow.png,green.png,blue right.png,78844
4449,black.png,orange.png,yellow green blue.png,red.png,yellow right.png,78845
4450,green.png,black.png,multicolor.png,green.png,none.png,78846
4451,orange.png,red.png,black yellow yellow black.png,green.png,green right.png,78847
4452,yellow.png,red.png,yellow black black yellow.png,green.png,orange right.png,78848
4453,red.png,blue.png,yellow red.png,yellow.png,black left.png,78849
4454,green.png,blue.png,up_and_out black yellow.png,red.png,green left.png,78850
4455,green.png,yellow.png,green red.png,blue.png,green left.png,78851
4456,yellow.png,orange.png,black yellow.png,blue.png,yellow left.png,78852
4457,black.png,yellow.png,left black yellow.png,blue.png,green left.png,78853
4458,orange.png,yellow.png,black yellow.png,black.png,orange left.png,78854
4459,yellow.png,yellow.png,green red.png,black.png,black left.png,78855
4460,black.png,yellow.png,yellow green blue.png,yellow.png,none.png,78856
4461,black.png,orange.png,yellow green blue.png,black.png,green left.png,78857
4462,yellow.png,green.png,up_and_out black yellow.png,red.png,blue right.png,78858
4463,blue.png,black.png,yellow black black yellow.png,orange.png,yellow right.png,78859
4464,black.png,green.png,green yellow.png,red.png,red left.png,78860
4465,black.png,blue.png,yellow black black yellow.png,blue.png,orange left.png,78861
4466,orange.png,orange.png,down black up red.png,red.png,green right.png,78862
4467,orange.png,orange.png,yellow red.png,green.png,blue right.png,78863
4468,yellow.png,green.png,green yellow.png,red.png,none.png,78864
4469,orange.png,green.png,green red.png,black.png,blue right.png,78865
4470,orange.png,black.png,yellow black black yellow.png,green.png,green left.png,78866
4471,black.png,green.png,yellow black black yellow.png,red.png,orange left.png,78867
4472,green.png,green.png,orange yellow.png,red.png,blue right.png,78868
4473,green.png,green.png,left black yellow.png,red.png,red left.png,78869
4474,yellow.png,blue.png,yellow red.png,black.png,blue right.png,78870
4475,black.png,green.png,green yellow.png,blue.png,green left.png,78871
4476,red.png,green.png,black red.png,blue.png,red left.png,78872
4477,green.png,red.png,yellow red.png,yellow.png,orange left.png,78873
4478,green.png,orange.png,green red.png,green.png,orange left.png,78874
4479,orange.png,green.png,orange blue.png,green.png,yellow right.png,78875
4480,black.png,green.png,orange yellow.png,green.png,blue right.png,78876
4481,red.png,yellow.png,red blue.png,black.png,red left.png,78877
4482,green.png,red.png,left black yellow.png,red.png,red left.png,78878
4483,green.png,green.png,green blue.png,orange.png,black left.png,78879
4484,blue.png,black.png,black yellow.png,yellow.png,red left.png,78880
4485,red.png,green.png,yellow green blue.png,blue.png,red left.png,78881
4486,yellow.png,green.png,red blue.png,orange.png,orange right.png,78882
4487,red.png,orange.png,up_and_out black yellow.png,black.png,red left.png,78883
4488,orange.png,red.png,yellow green blue.png,yellow.png,black left.png,78884
4489,black.png,blue.png,black yellow.png,orange.png,orange left.png,78885
4490,orange.png,orange.png,blue red.png,blue.png,yellow left.png,78886
4491,yellow.png,orange.png,yellow green blue.png,green.png,orange left.png,78887
4492,red.png,red.png,multicolor.png,blue.png,black right.png,78888
4493,green.png,red.png,blue red.png,orange.png,none.png,78889
4494,green.png,yellow.png,up_and_out black yellow.png,yellow.png,black right.png,78890
4495,black.png,black.png,black yellow.png,red.png,yellow right.png,78891
4496,blue.png,green.png,green yellow.png,blue.png,orange left.png,78892
4497,blue.png,blue.png,green yellow.png,green.png,blue left.png,78893
4498,orange.png,yellow.png,multicolor.png,yellow.png,black left.png,78894
4499,blue.png,black.png,yellow green blue.png,black.png,blue left.png,78895
4500,red.png,red.png,yellow black black yellow.png,yellow.png,blue right.png,78896
4501,yellow.png,yellow.png,multicolor.png,blue.png,yellow left.png,78897
4502,red.png,black.png,green blue.png,red.png,black right.png,78898
4503,yellow.png,black.png,yellow red.png,yellow.png,blue right.png,78899
4504,blue.png,red.png,yellow green blue.png,red.png,green right.png,78900
4505,yellow.png,blue.png,yellow black black yellow.png,black.png,green right.png,78901
4506,red.png,blue.png,yellow red.png,blue.png,none.png,78902
4507,blue.png,yellow.png,green yellow.png,green.png,red left.png,78903
4508,red.png,blue.png,yellow red.png,yellow.png,orange right.png,78904
4509,orange.png,red.png,black yellow yellow black.png,blue.png,orange left.png,78905
4510,yellow.png,blue.png,black yellow yellow black.png,red.png,green right.png,78906
4511,yellow.png,yellow.png,orange blue.png,green.png,orange left.png,78907
4512,green.png,red.png,black red.png,green.png,green right.png,78908
4513,green.png,yellow.png,yellow red.png,red.png,black right.png,78909
4514,orange.png,black.png,yellow green blue.png,blue.png,green left.png,78910
4515,yellow.png,red.png,orange blue.png,orange.png,green right.png,78911
4516,yellow.png,blue.png,left black yellow.png,yellow.png,none.png,78912
4517,blue.png,red.png,left black yellow.png,green.png,green left.png,78913
4518,orange.png,green.png,orange yellow.png,green.png,red left.png,78914
4519,yellow.png,red.png,green blue.png,black.png,blue left.png,78915
4520,orange.png,green.png,down black up red.png,green.png,blue left.png,78916
4521,blue.png,orange.png,blue red.png,blue.png,none.png,78917
4522,orange.png,black.png,green yellow.png,blue.png,yellow left.png,78918
4523,black.png,black.png,yellow blue.png,blue.png,orange right.png,78919
4524,blue.png,orange.png,black yellow yellow black.png,red.png,orange right.png,78920
4525,black.png,red.png,red blue.png,orange.png,black right.png,78921
4526,blue.png,blue.png,up_and_out black yellow.png,green.png,none.png,78922
4527,green.png,red.png,orange yellow.png,red.png,black left.png,78923
4528,blue.png,red.png,green blue.png,orange.png,yellow right.png,78924
4529,orange.png,yellow.png,green yellow.png,orange.png,orange left.png,78925
4530,green.png,red.png,black yellow yellow black.png,red.png,orange right.png,78926
4531,yellow.png,black.png,yellow black black yellow.png,green.png,green right.png,78927
4532,orange.png,blue.png,down black up red.png,orange.png,yellow right.png,78928
4533,blue.png,red.png,yellow green blue.png,yellow.png,green left.png,78929
4534,orange.png,black.png,yellow black black yellow.png,orange.png,blue left.png,78930
4535,green.png,green.png,orange blue.png,orange.png,none.png,78931
4536,blue.png,green.png,orange blue.png,blue.png,blue left.png,78932
4537,black.png,blue.png,down black up red.png,black.png,yellow right.png,78933
4538,green.png,yellow.png,black yellow yellow black.png,yellow.png,none.png,78934
4539,green.png,red.png,black yellow yellow black.png,red.png,green left.png,78935
4540,yellow.png,black.png,orange yellow.png,orange.png,yellow right.png,78936
4541,orange.png,yellow.png,orange blue.png,green.png,yellow right.png,78937
4542,blue.png,green.png,black red.png,red.png,black left.png,78938
4543,red.png,red.png,yellow red.png,black.png,yellow left.png,78939
4544,blue.png,red.png,yellow green blue.png,green.png,yellow right.png,78940
4545,yellow.png,black.png,up_and_out black yellow.png,red.png,none.png,78941
4546,yellow.png,blue.png,black yellow yellow black.png,red.png,orange left.png,78942
4547,yellow.png,red.png,blue red.png,black.png,blue right.png,78943
4548,yellow.png,red.png,black yellow.png,red.png,none.png,78944
4549,red.png,blue.png,down black up red.png,blue.png,blue right.png,78945
4550,orange.png,yellow.png,green blue.png,orange.png,blue right.png,78946
4551,red.png,orange.png,blue red.png,orange.png,black left.png,78947
4552,green.png,blue.png,black yellow yellow black.png,blue.png,blue right.png,78948
4553,red.png,black.png,yellow black black yellow.png,yellow.png,black right.png,78949
4554,black.png,red.png,yellow green blue.png,black.png,black left.png,78950
4555,yellow.png,blue.png,black yellow yellow black.png,black.png,yellow right.png,78951
4556,blue.png,yellow.png,orange blue.png,blue.png,black left.png,78952
4557,blue.png,black.png,yellow red.png,yellow.png,green left.png,78953
4558,yellow.png,orange.png,black yellow yellow black.png,orange.png,yellow right.png,78954
4559,yellow.png,red.png,orange blue.png,red.png,none.png,78955
4560,blue.png,black.png,left black yellow.png,black.png,green right.png,78956
4561,green.png,yellow.png,green yellow.png,orange.png,blue right.png,78957
4562,black.png,orange.png,down black up red.png,green.png,black right.png,78958
4563,green.png,green.png,green red.png,orange.png,red left.png,78959
4564,black.png,black.png,red blue.png,orange.png,black right.png,78960
4565,orange.png,blue.png,blue red.png,red.png,yellow left.png,78961
4566,green.png,yellow.png,black red.png,black.png,blue left.png,78962
4567,red.png,blue.png,blue red.png,black.png,black right.png,78963
4568,black.png,orange.png,orange yellow.png,red.png,orange left.png,78964
4569,red.png,red.png,green blue.png,blue.png,yellow left.png,78965
4570,yellow.png,yellow.png,down black up red.png,red.png,none.png,78966
4571,black.png,black.png,yellow black black yellow.png,yellow.png,blue left.png,78967
4572,orange.png,green.png,green red.png,red.png,red left.png,78968
4573,blue.png,orange.png,left black yellow.png,red.png,red left.png,78969
4574,orange.png,orange.png,green red.png,red.png,blue right.png,78970
4575,orange.png,red.png,left black yellow.png,orange.png,orange left.png,78971
4576,red.png,green.png,green blue.png,red.png,none.png,78972
4577,yellow.png,orange.png,orange yellow.png,yellow.png,none.png,78973
4578,blue.png,yellow.png,black yellow.png,yellow.png,blue left.png,78974
4579,blue.png,orange.png,black yellow yellow black.png,black.png,green left.png,78975
4580,orange.png,yellow.png,yellow red.png,yellow.png,orange right.png,78976
4581,orange.png,black.png,multicolor.png,red.png,none.png,78977
4582,red.png,orange.png,black yellow.png,orange.png,blue left.png,78978
4583,blue.png,orange.png,black yellow yellow black.png,black.png,black right.png,78979
4584,black.png,red.png,yellow blue.png,red.png,red left.png,78980
4585,blue.png,blue.png,yellow green blue.png,black.png,black right.png,78981
4586,red.png,red.png,yellow blue.png,orange.png,none.png,78982
4587,orange.png,yellow.png,green red.png,red.png,green left.png,78983
4588,blue.png,green.png,green red.png,orange.png,blue left.png,78984
4589,yellow.png,blue.png,yellow black black yellow.png,green.png,yellow left.png,78985
4590,yellow.png,blue.png,yellow green blue.png,yellow.png,none.png,78986
4591,red.png,orange.png,black red.png,black.png,none.png,78987
4592,blue.png,yellow.png,yellow green blue.png,yellow.png,orange right.png,78988
4593,black.png,red.png,yellow red.png,orange.png,orange right.png,78989
4594,black.png,red.png,yellow blue.png,black.png,red left.png,78990
4595,black.png,black.png,up_and_out black yellow.png,red.png,blue left.png,78991
4596,red.png,yellow.png,up_and_out black yellow.png,yellow.png,orange left.png,78992
4597,yellow.png,blue.png,green blue.png,black.png,black left.png,78993
4598,black.png,yellow.png,yellow blue.png,green.png,black left.png,78994
4599,black.png,blue.png,yellow blue.png,blue.png,blue right.png,78995
4600,green.png,green.png,black yellow.png,black.png,yellow left.png,78996
4601,orange.png,blue.png,red blue.png,blue.png,blue left.png,78997
4602,yellow.png,black.png,red blue.png,orange.png,blue left.png,78998
4603,blue.png,yellow.png,black yellow.png,green.png,black right.png,78999
4604,black.png,orange.png,black red.png,yellow.png,black left.png,79000
4605,black.png,orange.png,orange blue.png,yellow.png,black right.png,79001
4606,orange.png,black.png,yellow green blue.png,red.png,yellow left.png,79002
4607,red.png,black.png,green blue.png,red.png,blue right.png,79003
4608,red.png,green.png,left black yellow.png,orange.png,blue right.png,79004
4609,black.png,green.png,down black up red.png,blue.png,blue right.png,79005
4610,black.png,green.png,down black up red.png,orange.png,black left.png,79006
4611,black.png,black.png,black red.png,yellow.png,black right.png,79007
4612,black.png,black.png,left black yellow.png,orange.png,blue left.png,79008
4613,green.png,green.png,red blue.png,black.png,yellow left.png,79009
4614,red.png,blue.png,green blue.png,green.png,none.png,79010
4615,black.png,green.png,yellow red.png,orange.png,yellow left.png,79011
4616,yellow.png,yellow.png,yellow green blue.png,orange.png,yellow right.png,79012
4617,blue.png,red.png,black yellow yellow black.png,green.png,green left.png,79013
4618,orange.png,orange.png,up_and_out black yellow.png,yellow.png,yellow left.png,79014
4619,blue.png,orange.png,black yellow.png,yellow.png,black left.png,79015
4620,blue.png,blue.png,left black yellow.png,green.png,green right.png,79016
4621,blue.png,black.png,black red.png,blue.png,black right.png,79017
4622,yellow.png,blue.png,left black yellow.png,blue.png,black right.png,79018
4623,black.png,red.png,blue red.png,blue.png,orange left.png,79019
4624,black.png,yellow.png,green red.png,blue.png,orange left.png,79020
4625,black.png,green.png,yellow blue.png,orange.png,black right.png,79021
4626,blue.png,green.png,yellow blue.png,green.png,green left.png,79022
4627,green.png,orange.png,green blue.png,blue.png,orange left.png,79023
4628,orange.png,green.png,orange yellow.png,green.png,orange left.png,79024
4629,yellow.png,black.png,yellow red.png,yellow.png,blue left.png,79025
4630,black.png,green.png,red blue.png,orange.png,red left.png,79026
4631,red.png,blue.png,blue red.png,black.png,red left.png,79027
4632,yellow.png,orange.png,yellow blue.png,green.png,yellow left.png,79028
4633,yellow.png,blue.png,yellow green blue.png,green.png,none.png,79029
4634,yellow.png,green.png,yellow black black yellow.png,green.png,yellow left.png,79030
4635,orange.png,black.png,multicolor.png,blue.png,red left.png,79031
4636,green.png,red.png,left black yellow.png,red.png,blue left.png,79032
4637,blue.png,orange.png,orange yellow.png,green.png,blue right.png,79033
4638,red.png,yellow.png,black yellow yellow black.png,green.png,blue right.png,79034
4639,red.png,green.png,down black up red.png,green.png,green left.png,79035
4640,yellow.png,black.png,orange yellow.png,red.png,orange right.png,79036
4641,black.png,yellow.png,green yellow.png,red.png,yellow right.png,79037
4642,yellow.png,orange.png,multicolor.png,red.png,black left.png,79038
4643,red.png,yellow.png,up_and_out black yellow.png,blue.png,black right.png,79039
4644,red.png,red.png,down black up red.png,red.png,red left.png,79040
4645,red.png,yellow.png,yellow blue.png,black.png,orange left.png,79041
4646,red.png,green.png,up_and_out black yellow.png,red.png,black left.png,79042
4647,red.png,green.png,up_and_out black yellow.png,green.png,black right.png,79043
4648,orange.png,yellow.png,multicolor.png,blue.png,black right.png,79044
4649,red.png,red.png,yellow black black yellow.png,blue.png,none.png,79045
4650,yellow.png,blue.png,down black up red.png,green.png,blue left.png,79046
4651,orange.png,orange.png,down black up red.png,red.png,green left.png,79047
4652,green.png,black.png,orange yellow.png,green.png,yellow right.png,79048
4653,blue.png,yellow.png,orange blue.png,red.png,orange right.png,79049
4654,green.png,yellow.png,red blue.png,yellow.png,blue right.png,79050
4655,yellow.png,yellow.png,blue red.png,red.png,black left.png,79051
4656,green.png,green.png,green blue.png,blue.png,yellow left.png,79052
4657,yellow.png,orange.png,red blue.png,yellow.png,orange right.png,79053
4658,blue.png,blue.png,yellow red.png,blue.png,black left.png,79054
4659,blue.png,yellow.png,yellow red.png,black.png,blue left.png,79055
4660,red.png,orange.png,yellow red.png,green.png,yellow left.png,79056
4661,orange.png,blue.png,yellow blue.png,green.png,none.png,79057
4662,black.png,orange.png,multicolor.png,yellow.png,green right.png,79058
4663,red.png,yellow.png,multicolor.png,blue.png,orange right.png,79059
4664,green.png,blue.png,yellow black black yellow.png,blue.png,orange left.png,79060
4665,orange.png,red.png,yellow green blue.png,orange.png,yellow right.png,79061
4666,green.png,blue.png,yellow green blue.png,blue.png,blue left.png,79062
4667,black.png,orange.png,left black yellow.png,blue.png,green left.png,79063
4668,red.png,red.png,green red.png,black.png,green right.png,79064
4669,orange.png,green.png,down black up red.png,black.png,yellow left.png,79065
4670,red.png,black.png,up_and_out black yellow.png,red.png,blue right.png,79066
4671,blue.png,blue.png,down black up red.png,orange.png,green right.png,79067
4672,orange.png,green.png,red blue.png,yellow.png,black right.png,79068
4673,blue.png,yellow.png,up_and_out black yellow.png,black.png,blue left.png,79069
4674,black.png,black.png,orange yellow.png,green.png,none.png,79070
4675,blue.png,yellow.png,green yellow.png,orange.png,green left.png,79071
4676,red.png,black.png,green yellow.png,green.png,orange left.png,79072
4677,orange.png,yellow.png,yellow red.png,yellow.png,green left.png,79073
4678,black.png,red.png,multicolor.png,black.png,orange left.png,79074
4679,black.png,black.png,yellow red.png,green.png,none.png,79075
4680,red.png,red.png,black yellow.png,blue.png,none.png,79076
4681,orange.png,blue.png,multicolor.png,black.png,orange right.png,79077
4682,blue.png,black.png,orange blue.png,green.png,none.png,79078
4683,yellow.png,black.png,left black yellow.png,black.png,green left.png,79079
4684,red.png,black.png,yellow black black yellow.png,blue.png,blue right.png,79080
4685,blue.png,blue.png,yellow black black yellow.png,black.png,yellow right.png,79081
4686,black.png,black.png,left black yellow.png,red.png,black left.png,79082
4687,green.png,black.png,multicolor.png,green.png,orange right.png,79083
4688,orange.png,red.png,black red.png,red.png,orange right.png,79084
4689,yellow.png,black.png,multicolor.png,black.png,blue left.png,79085
4690,orange.png,black.png,black yellow.png,blue.png,none.png,79086
4691,black.png,red.png,yellow blue.png,blue.png,orange left.png,79087
4692,orange.png,black.png,yellow red.png,blue.png,blue right.png,79088
4693,yellow.png,black.png,black yellow yellow black.png,yellow.png,green left.png,79089
4694,red.png,orange.png,green blue.png,orange.png,yellow left.png,79090
4695,yellow.png,green.png,green blue.png,blue.png,none.png,79091
4696,blue.png,red.png,red blue.png,green.png,orange left.png,79092
4697,yellow.png,black.png,yellow black black yellow.png,black.png,orange right.png,79093
4698,blue.png,orange.png,orange blue.png,red.png,red left.png,79094
4699,yellow.png,black.png,blue red.png,black.png,green left.png,79095
4700,blue.png,black.png,blue red.png,red.png,black left.png,79096
4701,yellow.png,orange.png,green blue.png,yellow.png,green left.png,79097
4702,black.png,red.png,yellow black black yellow.png,blue.png,black right.png,79098
4703,black.png,yellow.png,multicolor.png,green.png,red left.png,79099
4704,yellow.png,blue.png,orange blue.png,blue.png,blue left.png,79100
4705,black.png,black.png,orange blue.png,red.png,blue right.png,79101
4706,orange.png,red.png,black yellow.png,blue.png,black right.png,79102
4707,orange.png,red.png,green red.png,yellow.png,red left.png,79103
4708,red.png,red.png,black yellow.png,black.png,none.png,79104
4709,green.png,red.png,down black up red.png,orange.png,black left.png,79105
4710,green.png,orange.png,orange blue.png,green.png,orange left.png,79106
4711,green.png,green.png,black yellow yellow black.png,orange.png,orange right.png,79107
4712,black.png,yellow.png,blue red.png,black.png,green left.png,79108
4713,red.png,blue.png,yellow black black yellow.png,orange.png,blue left.png,79109
4714,green.png,green.png,red blue.png,red.png,blue left.png,79110
4715,red.png,orange.png,green blue.png,orange.png,orange right.png,79111
4716,green.png,blue.png,up_and_out black yellow.png,blue.png,red left.png,79112
4717,yellow.png,yellow.png,yellow black black yellow.png,yellow.png,none.png,79113
4718,green.png,yellow.png,left black yellow.png,black.png,green left.png,79114
4719,yellow.png,red.png,orange yellow.png,red.png,yellow right.png,79115
4720,yellow.png,red.png,green yellow.png,green.png,yellow right.png,79116
4721,red.png,orange.png,yellow black black yellow.png,blue.png,orange left.png,79117
4722,red.png,yellow.png,up_and_out black yellow.png,red.png,black left.png,79118
4723,yellow.png,green.png,orange blue.png,black.png,green right.png,79119
4724,yellow.png,blue.png,black yellow yellow black.png,black.png,orange left.png,79120
4725,yellow.png,green.png,green yellow.png,orange.png,yellow right.png,79121
4726,yellow.png,green.png,left black yellow.png,red.png,black right.png,79122
4727,orange.png,yellow.png,black yellow.png,green.png,yellow right.png,79123
4728,yellow.png,yellow.png,green red.png,yellow.png,orange left.png,79124
4729,orange.png,blue.png,black red.png,red.png,blue right.png,79125
4730,orange.png,red.png,green red.png,orange.png,red left.png,79126
4731,green.png,blue.png,yellow red.png,orange.png,blue right.png,79127
4732,red.png,green.png,yellow red.png,green.png,black left.png,79128
4733,yellow.png,yellow.png,black yellow.png,orange.png,green right.png,79129
4734,black.png,blue.png,down black up red.png,yellow.png,black right.png,79130
4735,green.png,yellow.png,black yellow yellow black.png,blue.png,yellow right.png,79131
4736,green.png,red.png,red blue.png,black.png,green left.png,79132
4737,yellow.png,red.png,left black yellow.png,green.png,yellow left.png,79133
4738,red.png,blue.png,black yellow yellow black.png,black.png,black left.png,79134
4739,blue.png,green.png,yellow blue.png,blue.png,blue left.png,79135
4740,green.png,blue.png,green blue.png,green.png,blue right.png,79136
4741,orange.png,orange.png,down black up red.png,red.png,blue right.png,79137
4742,red.png,green.png,multicolor.png,blue.png,orange right.png,79138
4743,green.png,yellow.png,up_and_out black yellow.png,orange.png,blue right.png,79139
4744,yellow.png,orange.png,yellow black black yellow.png,red.png,green right.png,79140
4745,orange.png,yellow.png,black yellow yellow black.png,black.png,green left.png,79141
4746,blue.png,yellow.png,yellow red.png,blue.png,blue left.png,79142
4747,black.png,orange.png,yellow red.png,orange.png,red left.png,79143
4748,blue.png,orange.png,yellow red.png,red.png,black right.png,79144
4749,green.png,blue.png,up_and_out black yellow.png,black.png,black right.png,79145
4750,green.png,yellow.png,green blue.png,blue.png,black right.png,79146
4751,green.png,red.png,yellow green blue.png,orange.png,none.png,79147
4752,orange.png,yellow.png,blue red.png,red.png,blue right.png,79148
4753,yellow.png,black.png,yellow blue.png,red.png,yellow right.png,79149
4754,black.png,blue.png,black yellow.png,blue.png,black right.png,79150
4755,orange.png,red.png,black yellow yellow black.png,green.png,yellow left.png,79151
4756,blue.png,yellow.png,orange yellow.png,black.png,blue left.png,79152
4757,yellow.png,yellow.png,yellow red.png,yellow.png,green right.png,79153
4758,black.png,blue.png,orange yellow.png,orange.png,green left.png,79154
4759,blue.png,blue.png,green blue.png,orange.png,green right.png,79155
4760,red.png,red.png,multicolor.png,green.png,black left.png,79156
4761,orange.png,orange.png,red blue.png,green.png,green left.png,79157
4762,red.png,orange.png,orange yellow.png,orange.png,green left.png,79158
4763,black.png,red.png,left black yellow.png,orange.png,orange right.png,79159
4764,red.png,yellow.png,left black yellow.png,orange.png,red left.png,79160
4765,black.png,green.png,orange blue.png,red.png,red left.png,79161
4766,yellow.png,green.png,multicolor.png,yellow.png,none.png,79162
4767,red.png,orange.png,up_and_out black yellow.png,black.png,black right.png,79163
4768,red.png,orange.png,red blue.png,red.png,orange right.png,79164
4769,red.png,red.png,multicolor.png,orange.png,none.png,79165
4770,blue.png,green.png,left black yellow.png,yellow.png,blue right.png,79166
4771,red.png,orange.png,up_and_out black yellow.png,orange.png,yellow left.png,79167
4772,orange.png,yellow.png,yellow blue.png,red.png,green left.png,79168
4773,green.png,orange.png,blue red.png,green.png,yellow right.png,79169
4774,black.png,yellow.png,yellow green blue.png,orange.png,black right.png,79170
4775,red.png,blue.png,black yellow.png,orange.png,green right.png,79171
4776,red.png,yellow.png,yellow blue.png,yellow.png,black right.png,79172
4777,blue.png,orange.png,yellow green blue.png,green.png,orange right.png,79173
4778,black.png,blue.png,black red.png,yellow.png,yellow left.png,79174
4779,black.png,blue.png,orange yellow.png,black.png,yellow left.png,79175
4780,orange.png,blue.png,green blue.png,blue.png,green left.png,79176
4781,green.png,red.png,green red.png,yellow.png,red left.png,79177
4782,red.png,red.png,orange yellow.png,yellow.png,green left.png,79178
4783,red.png,red.png,yellow red.png,yellow.png,yellow left.png,79179
4784,green.png,blue.png,left black yellow.png,red.png,blue right.png,79180
4785,blue.png,orange.png,yellow blue.png,yellow.png,orange left.png,79181
4786,orange.png,blue.png,yellow green blue.png,green.png,blue left.png,79182
4787,blue.png,yellow.png,yellow green blue.png,yellow.png,green left.png,79183
4788,black.png,orange.png,yellow black black yellow.png,red.png,black right.png,79184
4789,red.png,green.png,blue red.png,yellow.png,yellow left.png,79185
4790,blue.png,orange.png,red blue.png,yellow.png,yellow right.png,79186
4791,blue.png,black.png,black yellow.png,black.png,orange right.png,79187
4792,black.png,orange.png,down black up red.png,blue.png,black right.png,79188
4793,orange.png,blue.png,green red.png,yellow.png,none.png,79189
4794,blue.png,black.png,blue red.png,black.png,yellow left.png,79190
4795,blue.png,yellow.png,yellow black black yellow.png,yellow.png,red left.png,79191
4796,blue.png,black.png,orange blue.png,red.png,green right.png,79192
4797,yellow.png,yellow.png,up_and_out black yellow.png,black.png,orange right.png,79193
4798,orange.png,green.png,green red.png,green.png,blue right.png,79194
4799,orange.png,red.png,yellow blue.png,black.png,blue right.png,79195
4800,black.png,red.png,multicolor.png,green.png,orange right.png,79196
4801,red.png,red.png,green blue.png,orange.png,orange left.png,79197
4802,red.png,red.png,black yellow yellow black.png,yellow.png,orange left.png,79198
4803,green.png,orange.png,red blue.png,yellow.png,blue right.png,79199
4804,blue.png,red.png,green yellow.png,orange.png,yellow right.png,79200
4805,red.png,black.png,left black yellow.png,yellow.png,blue right.png,79201
4806,green.png,blue.png,green red.png,black.png,yellow right.png,79202
4807,yellow.png,red.png,yellow red.png,black.png,orange left.png,79203
4808,yellow.png,black.png,multicolor.png,yellow.png,blue left.png,79204
4809,orange.png,blue.png,black yellow yellow black.png,blue.png,orange left.png,79205
4810,red.png,green.png,black yellow yellow black.png,green.png,blue left.png,79206
4811,orange.png,red.png,yellow blue.png,black.png,yellow right.png,79207
4812,green.png,red.png,green blue.png,blue.png,blue right.png,79208
4813,orange.png,yellow.png,green yellow.png,blue.png,green left.png,79209
4814,orange.png,orange.png,orange yellow.png,red.png,yellow right.png,79210
4815,yellow.png,red.png,multicolor.png,yellow.png,blue right.png,79211
4816,orange.png,black.png,down black up red.png,orange.png,black right.png,79212
4817,orange.png,orange.png,green blue.png,green.png,green right.png,79213
4818,blue.png,yellow.png,green yellow.png,green.png,blue left.png,79214
4819,yellow.png,blue.png,black yellow.png,blue.png,blue right.png,79215
4820,green.png,red.png,yellow green blue.png,orange.png,yellow right.png,79216
4821,red.png,yellow.png,yellow red.png,orange.png,orange left.png,79217
4822,red.png,yellow.png,green red.png,red.png,orange left.png,79218
4823,orange.png,green.png,orange blue.png,yellow.png,red left.png,79219
4824,yellow.png,red.png,green yellow.png,black.png,red left.png,79220
4825,yellow.png,blue.png,yellow green blue.png,red.png,green left.png,79221
4826,green.png,black.png,orange blue.png,black.png,yellow right.png,79222
4827,blue.png,black.png,black red.png,yellow.png,black left.png,79223
4828,orange.png,red.png,yellow black black yellow.png,green.png,red left.png,79224
4829,red.png,green.png,green yellow.png,red.png,blue left.png,79225
4830,green.png,blue.png,yellow black black yellow.png,orange.png,black right.png,79226
4831,black.png,orange.png,black red.png,red.png,orange left.png,79227
4832,yellow.png,orange.png,orange yellow.png,orange.png,orange left.png,79228
4833,orange.png,blue.png,black yellow yellow black.png,orange.png,red left.png,79229
4834,orange.png,red.png,yellow green blue.png,blue.png,green right.png,79230
4835,blue.png,red.png,green blue.png,blue.png,orange right.png,79231
4836,red.png,orange.png,green yellow.png,yellow.png,blue right.png,79232
4837,yellow.png,blue.png,yellow red.png,red.png,green left.png,79233
4838,black.png,black.png,green blue.png,red.png,none.png,79234
4839,red.png,yellow.png,yellow black black yellow.png,orange.png,red left.png,79235
4840,orange.png,red.png,orange blue.png,black.png,none.png,79236
4841,red.png,blue.png,left black yellow.png,orange.png,orange left.png,79237
4842,red.png,black.png,yellow red.png,green.png,blue right.png,79238
4843,yellow.png,blue.png,blue red.png,orange.png,orange right.png,79239
4844,orange.png,black.png,black yellow.png,red.png,none.png,79240
4845,green.png,yellow.png,down black up red.png,orange.png,none.png,79241
4846,red.png,yellow.png,green yellow.png,black.png,blue left.png,79242
4847,blue.png,red.png,black red.png,green.png,red left.png,79243
4848,green.png,orange.png,black red.png,orange.png,red left.png,79244
4849,orange.png,green.png,black yellow.png,orange.png,black left.png,79245
4850,red.png,black.png,blue red.png,black.png,yellow right.png,79246
4851,orange.png,blue.png,multicolor.png,green.png,orange left.png,79247
4852,red.png,green.png,up_and_out black yellow.png,red.png,orange right.png,79248
4853,black.png,yellow.png,yellow green blue.png,blue.png,orange right.png,79249
4854,orange.png,orange.png,orange yellow.png,black.png,black right.png,79250
4855,orange.png,green.png,orange blue.png,orange.png,yellow right.png,79251
4856,orange.png,red.png,green yellow.png,green.png,black left.png,79252
4857,yellow.png,yellow.png,orange blue.png,green.png,black right.png,79253
4858,black.png,yellow.png,orange blue.png,yellow.png,orange left.png,79254
4859,orange.png,red.png,black yellow yellow black.png,black.png,yellow left.png,79255
4860,blue.png,yellow.png,black yellow yellow black.png,black.png,black left.png,79256
4861,orange.png,blue.png,black yellow yellow black.png,blue.png,green right.png,79257
4862,black.png,green.png,yellow green blue.png,yellow.png,green right.png,79258
4863,blue.png,orange.png,yellow green blue.png,orange.png,black right.png,79259
4864,orange.png,orange.png,down black up red.png,orange.png,yellow left.png,79260
4865,blue.png,orange.png,yellow green blue.png,green.png,none.png,79261
4866,red.png,orange.png,multicolor.png,blue.png,green left.png,79262
4867,green.png,black.png,down black up red.png,black.png,yellow left.png,79263
4868,green.png,red.png,orange blue.png,green.png,black right.png,79264
4869,orange.png,black.png,blue red.png,red.png,green right.png,79265
4870,green.png,black.png,black yellow.png,green.png,none.png,79266
4871,blue.png,red.png,yellow red.png,orange.png,black left.png,79267
4872,blue.png,black.png,yellow black black yellow.png,green.png,black right.png,79268
4873,green.png,orange.png,green yellow.png,orange.png,blue left.png,79269
4874,black.png,red.png,black yellow.png,yellow.png,none.png,79270
4875,black.png,black.png,green blue.png,blue.png,red left.png,79271
4876,orange.png,green.png,down black up red.png,black.png,orange left.png,79272
4877,red.png,orange.png,black yellow.png,black.png,blue left.png,79273
4878,yellow.png,black.png,yellow black black yellow.png,orange.png,green right.png,79274
4879,yellow.png,green.png,green yellow.png,orange.png,black left.png,79275
4880,red.png,yellow.png,black yellow.png,red.png,blue left.png,79276
4881,orange.png,orange.png,green red.png,black.png,orange left.png,79277
4882,green.png,green.png,yellow red.png,red.png,orange left.png,79278
4883,red.png,green.png,green red.png,red.png,yellow right.png,79279
4884,green.png,orange.png,orange yellow.png,black.png,yellow right.png,79280
4885,red.png,yellow.png,green red.png,green.png,black right.png,79281
4886,red.png,yellow.png,red blue.png,yellow.png,orange right.png,79282
4887,yellow.png,orange.png,red blue.png,black.png,orange right.png,79283
4888,blue.png,red.png,green red.png,green.png,orange left.png,79284
4889,black.png,yellow.png,blue red.png,black.png,green right.png,79285
4890,blue.png,black.png,black yellow yellow black.png,orange.png,orange left.png,79286
4891,blue.png,blue.png,left black yellow.png,orange.png,black left.png,79287
4892,orange.png,orange.png,black yellow.png,blue.png,green left.png,79288
4893,red.png,red.png,down black up red.png,black.png,blue left.png,79289
4894,red.png,red.png,blue red.png,black.png,blue right.png,79290
4895,red.png,orange.png,down black up red.png,green.png,orange right.png,79291
4896,blue.png,red.png,green blue.png,black.png,yellow left.png,79292
4897,blue.png,black.png,black red.png,black.png,blue right.png,79293
4898,yellow.png,yellow.png,blue red.png,blue.png,yellow left.png,79294
4899,blue.png,orange.png,red blue.png,green.png,yellow left.png,79295
4900,green.png,orange.png,left black yellow.png,red.png,blue right.png,79296
4901,yellow.png,orange.png,multicolor.png,orange.png,yellow right.png,79297
4902,orange.png,black.png,green blue.png,red.png,none.png,79298
4903,black.png,red.png,black red.png,blue.png,orange left.png,79299
4904,black.png,black.png,yellow red.png,green.png,black left.png,79300
4905,black.png,blue.png,yellow blue.png,black.png,yellow left.png,79301
4906,orange.png,orange.png,green yellow.png,black.png,none.png,79302
4907,black.png,yellow.png,yellow red.png,green.png,blue right.png,79303
4908,black.png,blue.png,left black yellow.png,green.png,orange left.png,79304
4909,red.png,red.png,orange blue.png,green.png,green left.png,79305
4910,green.png,orange.png,green red.png,green.png,yellow right.png,79306
4911,orange.png,blue.png,black red.png,blue.png,black left.png,79307
4912,green.png,red.png,orange yellow.png,green.png,green left.png,79308
4913,black.png,red.png,yellow blue.png,green.png,none.png,79309
4914,green.png,yellow.png,left black yellow.png,yellow.png,blue left.png,79310
4915,black.png,black.png,yellow blue.png,green.png,yellow left.png,79311
4916,yellow.png,orange.png,multicolor.png,green.png,none.png,79312
4917,blue.png,green.png,yellow green blue.png,red.png,orange left.png,79313
4918,green.png,red.png,green yellow.png,green.png,none.png,79314
4919,orange.png,yellow.png,green red.png,orange.png,green right.png,79315
4920,green.png,blue.png,yellow black black yellow.png,black.png,yellow right.png,79316
4921,red.png,red.png,green yellow.png,black.png,black right.png,79317
4922,black.png,red.png,black red.png,blue.png,blue left.png,79318
4923,orange.png,yellow.png,down black up red.png,blue.png,yellow left.png,79319
4924,green.png,orange.png,green yellow.png,red.png,green left.png,79320
4925,black.png,yellow.png,yellow black black yellow.png,blue.png,black left.png,79321
4926,red.png,blue.png,green yellow.png,blue.png,green left.png,79322
4927,orange.png,orange.png,multicolor.png,green.png,green right.png,79323
4928,yellow.png,yellow.png,yellow blue.png,blue.png,black left.png,79324
4929,yellow.png,yellow.png,down black up red.png,yellow.png,green left.png,79325
4930,green.png,green.png,black yellow.png,red.png,yellow left.png,79326
4931,yellow.png,green.png,black yellow yellow black.png,yellow.png,orange right.png,79327
4932,yellow.png,yellow.png,yellow black black yellow.png,red.png,none.png,79328
4933,green.png,blue.png,down black up red.png,green.png,blue right.png,79329
4934,orange.png,orange.png,green yellow.png,green.png,green left.png,79330
4935,orange.png,orange.png,black red.png,black.png,blue right.png,79331
4936,green.png,red.png,down black up red.png,black.png,green right.png,79332
4937,blue.png,yellow.png,black yellow yellow black.png,orange.png,none.png,79333
4938,orange.png,orange.png,yellow green blue.png,yellow.png,orange left.png,79334
4939,black.png,orange.png,green blue.png,orange.png,red left.png,79335
4940,red.png,yellow.png,black yellow yellow black.png,orange.png,blue right.png,79336
4941,green.png,blue.png,red blue.png,yellow.png,blue right.png,79337
4942,black.png,orange.png,down black up red.png,green.png,red left.png,79338
4943,orange.png,yellow.png,yellow red.png,red.png,blue left.png,79339
4944,orange.png,blue.png,green red.png,orange.png,green right.png,79340
4945,orange.png,orange.png,green red.png,black.png,blue right.png,79341
4946,orange.png,blue.png,down black up red.png,black.png,yellow left.png,79342
4947,green.png,green.png,black yellow yellow black.png,yellow.png,black right.png,79343
4948,black.png,black.png,yellow green blue.png,orange.png,yellow right.png,79344
4949,orange.png,yellow.png,yellow red.png,yellow.png,black left.png,79345
4950,orange.png,green.png,black yellow yellow black.png,yellow.png,yellow left.png,79346
4951,red.png,black.png,orange blue.png,yellow.png,green right.png,79347
4952,red.png,red.png,yellow red.png,black.png,orange left.png,79348
4953,yellow.png,blue.png,multicolor.png,yellow.png,green right.png,79349
4954,blue.png,yellow.png,orange yellow.png,green.png,green right.png,79350
4955,orange.png,yellow.png,down black up red.png,black.png,blue right.png,79351
4956,orange.png,blue.png,down black up red.png,green.png,black right.png,79352
4957,yellow.png,orange.png,yellow blue.png,orange.png,green right.png,79353
4958,green.png,blue.png,multicolor.png,yellow.png,blue right.png,79354
4959,black.png,blue.png,black yellow yellow black.png,green.png,red left.png,79355
4960,yellow.png,yellow.png,multicolor.png,black.png,yellow right.png,79356
4961,yellow.png,yellow.png,green blue.png,green.png,orange right.png,79357
4962,green.png,blue.png,up_and_out black yellow.png,orange.png,yellow right.png,79358
4963,yellow.png,orange.png,blue red.png,red.png,yellow right.png,79359
4964,black.png,blue.png,blue red.png,green.png,none.png,79360
4965,black.png,yellow.png,multicolor.png,orange.png,yellow right.png,79361
4966,green.png,green.png,black yellow yellow black.png,yellow.png,orange right.png,79362
4967,yellow.png,yellow.png,orange blue.png,green.png,orange right.png,79363
4968,yellow.png,red.png,black yellow yellow black.png,green.png,orange right.png,79364
4969,blue.png,yellow.png,yellow blue.png,orange.png,orange left.png,79365
4970,blue.png,yellow.png,multicolor.png,green.png,green right.png,79366
4971,green.png,red.png,black red.png,orange.png,green right.png,79367
4972,orange.png,yellow.png,green blue.png,green.png,green left.png,79368
4973,green.png,black.png,black yellow.png,black.png,yellow left.png,79369
4974,black.png,black.png,yellow blue.png,orange.png,none.png,79370
4975,black.png,black.png,black yellow.png,orange.png,green left.png,79371
4976,blue.png,red.png,red blue.png,blue.png,black right.png,79372
4977,green.png,red.png,multicolor.png,orange.png,orange left.png,79373
4978,red.png,blue.png,yellow blue.png,orange.png,none.png,79374
4979,red.png,orange.png,yellow red.png,blue.png,black left.png,79375
4980,yellow.png,yellow.png,yellow black black yellow.png,blue.png,black right.png,79376
4981,red.png,red.png,yellow blue.png,black.png,black right.png,79377
4982,green.png,blue.png,black yellow yellow black.png,yellow.png,green right.png,79378
4983,blue.png,green.png,green blue.png,black.png,black right.png,79379
4984,red.png,red.png,blue red.png,orange.png,yellow right.png,79380
4985,blue.png,black.png,green blue.png,blue.png,blue right.png,79381
4986,yellow.png,black.png,red blue.png,yellow.png,green right.png,79382
4987,green.png,blue.png,yellow blue.png,orange.png,red left.png,79383
4988,black.png,black.png,yellow blue.png,black.png,blue left.png,79384
4989,orange.png,black.png,yellow blue.png,red.png,blue left.png,79385
4990,black.png,orange.png,green yellow.png,red.png,blue left.png,79386
4991,red.png,black.png,orange yellow.png,blue.png,blue right.png,79387
4992,orange.png,orange.png,black yellow.png,blue.png,blue left.png,79388
4993,blue.png,blue.png,black yellow yellow black.png,yellow.png,black left.png,79389
4994,black.png,green.png,yellow red.png,blue.png,blue right.png,79390
4995,red.png,orange.png,green blue.png,yellow.png,black right.png,79391
4996,red.png,red.png,left black yellow.png,yellow.png,black left.png,79392
4997,black.png,red.png,green blue.png,green.png,yellow right.png,79393
4998,blue.png,blue.png,green yellow.png,blue.png,yellow left.png,79394
4999,blue.png,red.png,orange blue.png,orange.png,black right.png,79395
5000,orange.png,yellow.png,green yellow.png,orange.png,black right.png,79396
5001,black.png,red.png,orange blue.png,red.png,yellow right.png,82644
5002,green.png,green.png,up_and_out black yellow.png,red.png,yellow left.png,82645
5003,black.png,blue.png,green red.png,green.png,green right.png,82646
5004,black.png,green.png,left black yellow.png,red.png,red left.png,82647
5005,orange.png,yellow.png,black yellow yellow black.png,green.png,blue left.png,82648
5006,orange.png,orange.png,green yellow.png,blue.png,black left.png,82649
5007,red.png,orange.png,left black yellow.png,green.png,orange left.png,82650
5008,black.png,red.png,orange yellow.png,black.png,red left.png,82651
5009,orange.png,yellow.png,multicolor.png,green.png,green left.png,82652
5010,green.png,red.png,down black up red.png,black.png,blue right.png,82653
5011,green.png,blue.png,black yellow yellow black.png,orange.png,green left.png,82654
5012,black.png,black.png,yellow blue.png,red.png,green left.png,82655
5013,black.png,blue.png,green red.png,red.png,green right.png,82656
5014,green.png,blue.png,black red.png,red.png,blue left.png,82657
5015,yellow.png,red.png,yellow green blue.png,yellow.png,black right.png,82658
5016,orange.png,red.png,yellow red.png,black.png,orange right.png,82659
5017,yellow.png,blue.png,yellow red.png,green.png,black left.png,82660
5018,blue.png,red.png,red blue.png,red.png,red left.png,82661
5019,blue.png,green.png,multicolor.png,black.png,orange right.png,82662
5020,green.png,yellow.png,black red.png,yellow.png,blue right.png,82663
5021,red.png,blue.png,yellow black black yellow.png,green.png,green left.png,82664
5022,black.png,red.png,yellow red.png,yellow.png,black left.png,82665
5023,yellow.png,black.png,green blue.png,green.png,none.png,82666
5024,yellow.png,black.png,orange blue.png,orange.png,orange right.png,82667
5025,blue.png,black.png,down black up red.png,green.png,green left.png,82668
5026,green.png,red.png,black red.png,orange.png,black right.png,82669
5027,orange.png,orange.png,green yellow.png,black.png,yellow left.png,82670
5028,black.png,yellow.png,orange blue.png,black.png,green left.png,82671
5029,green.png,green.png,green blue.png,orange.png,black right.png,82672
5030,yellow.png,red.png,black yellow.png,black.png,orange right.png,82673
5031,black.png,yellow.png,green yellow.png,blue.png,black left.png,82674
5032,black.png,blue.png,yellow green blue.png,black.png,green right.png,82675
5033,yellow.png,black.png,red blue.png,black.png,orange left.png,82676
5034,blue.png,black.png,green red.png,blue.png,black right.png,82677
5035,blue.png,blue.png,orange yellow.png,blue.png,black right.png,82678
5036,green.png,black.png,orange yellow.png,yellow.png,orange left.png,82679
5037,red.png,green.png,green red.png,yellow.png,blue right.png,82680
5038,orange.png,yellow.png,black yellow.png,black.png,black left.png,82681
5039,black.png,red.png,green blue.png,blue.png,orange right.png,82682
5040,green.png,green.png,orange yellow.png,blue.png,blue right.png,82683
5041,blue.png,orange.png,green red.png,orange.png,orange left.png,82684
5042,black.png,blue.png,green yellow.png,yellow.png,yellow right.png,82685
5043,black.png,yellow.png,black yellow yellow black.png,yellow.png,blue left.png,82686
5044,yellow.png,orange.png,black red.png,black.png,none.png,82687
5045,red.png,blue.png,blue red.png,green.png,red left.png,82688
5046,yellow.png,red.png,green yellow.png,red.png,none.png,82689
5047,yellow.png,blue.png,multicolor.png,orange.png,black right.png,82690
5048,red.png,yellow.png,yellow red.png,black.png,blue right.png,82691
5049,yellow.png,blue.png,multicolor.png,blue.png,black left.png,82692
5050,yellow.png,green.png,red blue.png,green.png,red left.png,82693
5051,green.png,red.png,multicolor.png,red.png,orange right.png,82694
5052,orange.png,blue.png,yellow blue.png,orange.png,orange left.png,82695
5053,red.png,orange.png,yellow black black yellow.png,red.png,none.png,82696
5054,black.png,green.png,orange blue.png,orange.png,orange left.png,82697
5055,orange.png,yellow.png,green red.png,red.png,blue right.png,82698
5056,red.png,black.png,yellow red.png,green.png,red left.png,82699
5057,orange.png,yellow.png,black yellow yellow black.png,yellow.png,orange right.png,82700
5058,green.png,orange.png,yellow red.png,red.png,orange right.png,82701
5059,yellow.png,green.png,yellow blue.png,blue.png,blue right.png,82702
5060,green.png,orange.png,orange blue.png,yellow.png,yellow right.png,82703
5061,black.png,blue.png,yellow red.png,yellow.png,green right.png,82704
5062,red.png,yellow.png,yellow black black yellow.png,black.png,orange right.png,82705
5063,yellow.png,black.png,orange blue.png,red.png,black left.png,82706
5064,red.png,red.png,yellow green blue.png,red.png,yellow left.png,82707
5065,yellow.png,blue.png,orange blue.png,black.png,blue right.png,82708
5066,green.png,red.png,yellow blue.png,yellow.png,yellow right.png,82709
5067,green.png,red.png,orange yellow.png,blue.png,green left.png,82710
5068,orange.png,green.png,black red.png,green.png,yellow left.png,82711
5069,green.png,red.png,green blue.png,yellow.png,black left.png,82712
5070,orange.png,orange.png,yellow blue.png,orange.png,orange left.png,82713
5071,yellow.png,yellow.png,black red.png,green.png,red left.png,82714
5072,blue.png,green.png,orange blue.png,red.png,black left.png,82715
5073,blue.png,orange.png,green red.png,red.png,yellow right.png,82716
5074,red.png,red.png,blue red.png,green.png,black left.png,82717
5075,blue.png,green.png,yellow blue.png,blue.png,none.png,82718
5076,orange.png,yellow.png,black red.png,black.png,blue left.png,82719
5077,black.png,blue.png,green yellow.png,orange.png,green left.png,82720
5078,red.png,yellow.png,yellow blue.png,black.png,black left.png,82721
5079,red.png,blue.png,blue red.png,yellow.png,black right.png,82722
5080,black.png,black.png,green red.png,black.png,yellow left.png,82723
5081,black.png,orange.png,black yellow.png,red.png,none.png,82724
5082,orange.png,red.png,multicolor.png,black.png,yellow left.png,82725
5083,black.png,yellow.png,yellow green blue.png,yellow.png,blue right.png,82726
5084,blue.png,orange.png,up_and_out black yellow.png,green.png,blue right.png,82727
5085,black.png,yellow.png,yellow blue.png,yellow.png,blue right.png,82728
5086,black.png,red.png,green blue.png,orange.png,none.png,82729
5087,yellow.png,black.png,orange yellow.png,yellow.png,green left.png,82730
5088,yellow.png,yellow.png,red blue.png,green.png,none.png,82731
5089,green.png,black.png,orange blue.png,black.png,orange right.png,82732
5090,blue.png,blue.png,left black yellow.png,black.png,yellow right.png,82733
5091,green.png,black.png,left black yellow.png,black.png,orange left.png,82734
5092,red.png,black.png,multicolor.png,yellow.png,blue left.png,82735
5093,blue.png,red.png,yellow green blue.png,red.png,green left.png,82736
5094,blue.png,orange.png,yellow green blue.png,orange.png,green left.png,82737
5095,orange.png,black.png,blue red.png,red.png,black left.png,82738
5096,orange.png,blue.png,black red.png,yellow.png,blue left.png,82739
5097,yellow.png,red.png,black yellow.png,black.png,black right.png,82740
5098,red.png,orange.png,blue red.png,black.png,yellow left.png,82741
5099,green.png,yellow.png,black red.png,green.png,red left.png,82742
5100,red.png,yellow.png,yellow red.png,blue.png,none.png,82743
5101,black.png,red.png,green blue.png,red.png,black left.png,82744
5102,green.png,green.png,up_and_out black yellow.png,red.png,red left.png,82745
5103,black.png,green.png,red blue.png,blue.png,blue left.png,82746
5104,yellow.png,green.png,yellow red.png,blue.png,green right.png,82747
5105,yellow.png,red.png,black red.png,orange.png,blue left.png,82748
5106,orange.png,green.png,black yellow yellow black.png,green.png,green right.png,82749
5107,orange.png,black.png,red blue.png,black.png,blue right.png,82750
5108,green.png,black.png,up_and_out black yellow.png,black.png,yellow left.png,82751
5109,yellow.png,yellow.png,yellow red.png,red.png,orange left.png,82752
5110,red.png,yellow.png,blue red.png,red.png,none.png,82753
5111,blue.png,blue.png,left black yellow.png,green.png,green left.png,82754
5112,orange.png,green.png,orange yellow.png,yellow.png,red left.png,82755
5113,black.png,yellow.png,orange yellow.png,black.png,blue right.png,82756
5114,orange.png,blue.png,up_and_out black yellow.png,green.png,orange right.png,82757
5115,yellow.png,orange.png,black yellow yellow black.png,orange.png,black left.png,82758
5116,red.png,orange.png,yellow blue.png,red.png,green left.png,82759
5117,red.png,blue.png,left black yellow.png,black.png,blue right.png,82760
5118,black.png,orange.png,black yellow yellow black.png,black.png,blue left.png,82761
5119,green.png,green.png,orange blue.png,blue.png,red left.png,82762
5120,black.png,red.png,green yellow.png,orange.png,orange right.png,82763
5121,black.png,orange.png,green red.png,orange.png,orange right.png,82764
5122,black.png,black.png,orange blue.png,orange.png,blue right.png,82765
5123,red.png,orange.png,orange yellow.png,black.png,orange left.png,82766
5124,black.png,yellow.png,black yellow.png,green.png,blue left.png,82767
5125,orange.png,red.png,down black up red.png,orange.png,green right.png,82768
5126,orange.png,black.png,green yellow.png,red.png,green left.png,82769
5127,green.png,black.png,up_and_out black yellow.png,orange.png,blue right.png,82770
5128,blue.png,orange.png,down black up red.png,yellow.png,green left.png,82771
5129,orange.png,black.png,green red.png,black.png,green left.png,82772
5130,yellow.png,red.png,red blue.png,red.png,black left.png,82773
5131,yellow.png,yellow.png,black red.png,red.png,black right.png,82774
5132,green.png,black.png,green yellow.png,yellow.png,none.png,82775
5133,yellow.png,black.png,yellow red.png,yellow.png,orange right.png,82776
5134,yellow.png,black.png,green yellow.png,black.png,blue left.png,82777
5135,yellow.png,red.png,green red.png,red.png,yellow right.png,82778
5136,red.png,blue.png,black yellow yellow black.png,yellow.png,black left.png,82779
5137,black.png,red.png,orange yellow.png,red.png,blue left.png,82780
5138,yellow.png,black.png,blue red.png,red.png,green left.png,82781
5139,yellow.png,blue.png,black yellow yellow black.png,yellow.png,none.png,82782
5140,orange.png,orange.png,yellow green blue.png,yellow.png,none.png,82783
5141,green.png,blue.png,yellow green blue.png,black.png,red left.png,82784
5142,yellow.png,yellow.png,black yellow yellow black.png,red.png,yellow left.png,82785
5143,red.png,orange.png,yellow blue.png,blue.png,yellow left.png,82786
5144,black.png,blue.png,blue red.png,yellow.png,blue left.png,82787
5145,blue.png,yellow.png,blue red.png,green.png,red left.png,82788
5146,yellow.png,green.png,yellow green blue.png,orange.png,blue right.png,82789
5147,orange.png,green.png,yellow blue.png,green.png,blue right.png,82790
5148,black.png,yellow.png,left black yellow.png,blue.png,orange left.png,82791
5149,green.png,blue.png,up_and_out black yellow.png,green.png,none.png,82792
5150,orange.png,yellow.png,green yellow.png,blue.png,red left.png,82793
5151,blue.png,orange.png,black yellow yellow black.png,red.png,orange left.png,82794
5152,black.png,green.png,green blue.png,green.png,none.png,82795
5153,blue.png,black.png,yellow blue.png,orange.png,blue right.png,82796
5154,blue.png,black.png,multicolor.png,yellow.png,red left.png,82797
5155,yellow.png,red.png,orange blue.png,blue.png,black right.png,82798
5156,blue.png,orange.png,up_and_out black yellow.png,blue.png,green left.png,82799
5157,green.png,orange.png,up_and_out black yellow.png,black.png,blue left.png,82800
5158,yellow.png,orange.png,yellow black black yellow.png,yellow.png,orange right.png,82801
5159,black.png,orange.png,yellow black black yellow.png,red.png,orange right.png,82802
5160,green.png,green.png,black yellow yellow black.png,red.png,blue right.png,82803
5161,yellow.png,red.png,up_and_out black yellow.png,green.png,black left.png,82804
5162,yellow.png,green.png,yellow red.png,red.png,red left.png,82805
5163,red.png,orange.png,green yellow.png,orange.png,blue left.png,82806
5164,green.png,blue.png,black red.png,blue.png,orange left.png,82807
5165,red.png,green.png,red blue.png,black.png,red left.png,82808
5166,red.png,red.png,up_and_out black yellow.png,yellow.png,black right.png,82809
5167,black.png,yellow.png,multicolor.png,green.png,black left.png,82810
5168,orange.png,blue.png,down black up red.png,yellow.png,red left.png,82811
5169,black.png,orange.png,orange blue.png,black.png,blue right.png,82812
5170,green.png,red.png,down black up red.png,green.png,yellow left.png,82813
5171,orange.png,red.png,left black yellow.png,yellow.png,red left.png,82814
5172,yellow.png,black.png,yellow black black yellow.png,green.png,yellow right.png,82815
5173,blue.png,blue.png,orange blue.png,blue.png,blue right.png,82816
5174,orange.png,black.png,yellow green blue.png,blue.png,green right.png,82817
5175,blue.png,red.png,yellow green blue.png,red.png,orange right.png,82818
5176,green.png,blue.png,down black up red.png,red.png,green left.png,82819
5177,blue.png,green.png,orange blue.png,red.png,green left.png,82820
5178,green.png,black.png,orange blue.png,orange.png,black right.png,82821
5179,black.png,green.png,multicolor.png,blue.png,none.png,82822
5180,green.png,green.png,green red.png,black.png,blue left.png,82823
5181,black.png,yellow.png,green blue.png,black.png,black right.png,82824
5182,orange.png,orange.png,black yellow.png,blue.png,orange left.png,82825
5183,yellow.png,blue.png,orange blue.png,black.png,black right.png,82826
5184,yellow.png,blue.png,multicolor.png,orange.png,green left.png,82827
5185,yellow.png,red.png,orange yellow.png,black.png,orange right.png,82828
5186,blue.png,orange.png,yellow black black yellow.png,red.png,black right.png,82829
5187,yellow.png,red.png,down black up red.png,yellow.png,green left.png,82830
5188,yellow.png,black.png,green yellow.png,blue.png,yellow left.png,82831
5189,black.png,orange.png,blue red.png,yellow.png,black left.png,82832
5190,yellow.png,red.png,black yellow yellow black.png,green.png,orange left.png,82833
5191,black.png,orange.png,left black yellow.png,orange.png,orange right.png,82834
5192,blue.png,green.png,green blue.png,green.png,green left.png,82835
5193,black.png,blue.png,green yellow.png,black.png,orange left.png,82836
5194,blue.png,black.png,multicolor.png,green.png,yellow right.png,82837
5195,green.png,yellow.png,black yellow yellow black.png,orange.png,yellow left.png,82838
5196,red.png,orange.png,down black up red.png,orange.png,orange left.png,82839
5197,yellow.png,yellow.png,green red.png,green.png,yellow right.png,82840
5198,black.png,yellow.png,yellow green blue.png,blue.png,yellow right.png,82841
5199,red.png,red.png,black yellow yellow black.png,blue.png,orange right.png,82842
5200,yellow.png,orange.png,up_and_out black yellow.png,orange.png,black left.png,82843
5201,yellow.png,green.png,up_and_out black yellow.png,black.png,none.png,82844
5202,red.png,orange.png,down black up red.png,orange.png,none.png,82845
5203,green.png,black.png,orange blue.png,orange.png,green left.png,82846
5204,green.png,black.png,yellow black black yellow.png,blue.png,black left.png,82847
5205,green.png,black.png,up_and_out black yellow.png,red.png,none.png,82848
5206,blue.png,blue.png,orange blue.png,orange.png,blue right.png,82849
5207,black.png,blue.png,up_and_out black yellow.png,yellow.png,orange left.png,82850
5208,blue.png,red.png,blue red.png,red.png,orange left.png,82851
5209,blue.png,blue.png,green blue.png,black.png,black right.png,82852
5210,blue.png,blue.png,yellow blue.png,green.png,red left.png,82853
5211,orange.png,black.png,yellow blue.png,red.png,blue right.png,82854
5212,orange.png,orange.png,green yellow.png,yellow.png,black left.png,82855
5213,black.png,black.png,yellow green blue.png,blue.png,orange right.png,82856
5214,green.png,red.png,green blue.png,orange.png,blue right.png,82857
5215,red.png,orange.png,red blue.png,red.png,blue left.png,82858
5216,yellow.png,blue.png,left black yellow.png,yellow.png,orange right.png,82859
5217,red.png,yellow.png,yellow red.png,yellow.png,blue left.png,82860
5218,green.png,orange.png,yellow red.png,orange.png,black left.png,82861
5219,green.png,green.png,multicolor.png,red.png,yellow right.png,82862
5220,orange.png,black.png,black red.png,orange.png,yellow left.png,82863
5221,red.png,green.png,blue red.png,green.png,green left.png,82864
5222,green.png,orange.png,left black yellow.png,yellow.png,green right.png,82865
5223,green.png,blue.png,yellow black black yellow.png,yellow.png,none.png,82866
5224,red.png,yellow.png,orange yellow.png,red.png,orange right.png,82867
5225,black.png,yellow.png,green blue.png,blue.png,black right.png,82868
5226,black.png,black.png,yellow green blue.png,blue.png,black right.png,82869
5227,orange.png,orange.png,green red.png,black.png,black left.png,82870
5228,blue.png,yellow.png,yellow black black yellow.png,orange.png,orange left.png,82871
5229,black.png,yellow.png,yellow blue.png,black.png,black right.png,82872
5230,black.png,yellow.png,green yellow.png,blue.png,orange right.png,82873
5231,yellow.png,blue.png,yellow red.png,orange.png,green right.png,82874
5232,yellow.png,blue.png,orange yellow.png,black.png,yellow right.png,82875
5233,red.png,orange.png,yellow red.png,red.png,blue left.png,82876
5234,blue.png,black.png,yellow black black yellow.png,yellow.png,black right.png,82877
5235,red.png,green.png,multicolor.png,black.png,green left.png,82878
5236,blue.png,blue.png,yellow red.png,black.png,red left.png,82879
5237,red.png,yellow.png,red blue.png,red.png,black right.png,82880
5238,blue.png,yellow.png,yellow black black yellow.png,yellow.png,orange right.png,82881
5239,red.png,red.png,black red.png,orange.png,black right.png,82882
5240,blue.png,yellow.png,yellow blue.png,black.png,green left.png,82883
5241,orange.png,red.png,yellow red.png,black.png,blue right.png,82884
5242,red.png,green.png,multicolor.png,red.png,yellow right.png,82885
5243,yellow.png,green.png,down black up red.png,green.png,yellow right.png,82886
5244,green.png,red.png,multicolor.png,orange.png,green right.png,82887
5245,orange.png,green.png,yellow green blue.png,red.png,none.png,82888
5246,blue.png,blue.png,yellow green blue.png,red.png,yellow left.png,82889
5247,black.png,orange.png,yellow blue.png,orange.png,black right.png,82890
5248,red.png,yellow.png,red blue.png,yellow.png,green right.png,82891
5249,blue.png,orange.png,up_and_out black yellow.png,blue.png,black right.png,82892
5250,yellow.png,yellow.png,black yellow.png,green.png,yellow left.png,82893
5251,black.png,blue.png,up_and_out black yellow.png,red.png,green right.png,82894
5252,yellow.png,blue.png,multicolor.png,yellow.png,orange right.png,82895
5253,red.png,blue.png,left black yellow.png,red.png,blue right.png,82896
5254,green.png,blue.png,yellow green blue.png,green.png,blue right.png,82897
5255,yellow.png,black.png,black red.png,blue.png,green right.png,82898
5256,yellow.png,yellow.png,black yellow yellow black.png,black.png,black left.png,82899
5257,orange.png,black.png,green yellow.png,black.png,none.png,82900
5258,blue.png,black.png,black yellow.png,blue.png,green right.png,82901
5259,blue.png,black.png,yellow green blue.png,red.png,black right.png,82902
5260,red.png,green.png,green blue.png,green.png,yellow left.png,82903
5261,yellow.png,red.png,blue red.png,blue.png,orange left.png,82904
5262,black.png,orange.png,yellow black black yellow.png,green.png,green left.png,82905
5263,green.png,orange.png,up_and_out black yellow.png,blue.png,black right.png,82906
5264,yellow.png,orange.png,down black up red.png,blue.png,black left.png,82907
5265,blue.png,blue.png,yellow green blue.png,red.png,black right.png,82908
5266,blue.png,orange.png,down black up red.png,black.png,black left.png,82909
5267,yellow.png,yellow.png,up_and_out black yellow.png,green.png,yellow right.png,82910
5268,orange.png,blue.png,up_and_out black yellow.png,black.png,yellow left.png,82911
5269,blue.png,yellow.png,red blue.png,blue.png,blue right.png,82912
5270,green.png,blue.png,black yellow yellow black.png,red.png,red left.png,82913
5271,green.png,green.png,left black yellow.png,blue.png,red left.png,82914
5272,orange.png,yellow.png,blue red.png,green.png,black left.png,82915
5273,red.png,green.png,orange yellow.png,black.png,none.png,82916
5274,orange.png,orange.png,yellow black black yellow.png,yellow.png,blue right.png,82917
5275,red.png,blue.png,green yellow.png,black.png,orange right.png,82918
5276,yellow.png,red.png,black red.png,blue.png,blue left.png,82919
5277,black.png,red.png,down black up red.png,blue.png,green left.png,82920
5278,orange.png,orange.png,left black yellow.png,orange.png,yellow left.png,82921
5279,black.png,yellow.png,green blue.png,red.png,yellow left.png,82922
5280,black.png,blue.png,up_and_out black yellow.png,orange.png,blue left.png,82923
5281,red.png,black.png,black yellow.png,blue.png,yellow right.png,82924
5282,black.png,green.png,red blue.png,yellow.png,blue right.png,82925
5283,black.png,green.png,orange yellow.png,red.png,yellow right.png,82926
5284,black.png,red.png,yellow red.png,red.png,orange left.png,82927
5285,yellow.png,blue.png,orange yellow.png,green.png,orange left.png,82928
5286,green.png,green.png,orange blue.png,orange.png,black right.png,82929
5287,orange.png,black.png,black yellow.png,green.png,orange left.png,82930
5288,red.png,black.png,green red.png,orange.png,blue left.png,82931
5289,blue.png,green.png,black yellow yellow black.png,yellow.png,blue left.png,82932
5290,black.png,red.png,blue red.png,orange.png,blue left.png,82933
5291,green.png,black.png,orange blue.png,black.png,blue right.png,82934
5292,black.png,black.png,green yellow.png,green.png,blue right.png,82935
5293,green.png,green.png,black yellow.png,green.png,none.png,82936
5294,green.png,black.png,black yellow.png,orange.png,blue right.png,82937
5295,blue.png,blue.png,green red.png,blue.png,black left.png,82938
5296,blue.png,orange.png,orange yellow.png,black.png,yellow left.png,82939
5297,orange.png,black.png,black red.png,blue.png,yellow left.png,82940
5298,orange.png,yellow.png,yellow blue.png,yellow.png,black left.png,82941
5299,green.png,red.png,green blue.png,black.png,red left.png,82942
5300,orange.png,orange.png,yellow blue.png,black.png,black right.png,82943
5301,orange.png,black.png,down black up red.png,yellow.png,green left.png,82944
5302,red.png,orange.png,orange blue.png,blue.png,green left.png,82945
5303,green.png,black.png,blue red.png,orange.png,orange left.png,82946
5304,blue.png,green.png,black yellow.png,orange.png,yellow right.png,82947
5305,green.png,yellow.png,blue red.png,black.png,yellow left.png,82948
5306,yellow.png,blue.png,green red.png,blue.png,yellow left.png,82949
5307,yellow.png,green.png,black red.png,yellow.png,none.png,82950
5308,yellow.png,black.png,yellow green blue.png,blue.png,blue left.png,82951
5309,yellow.png,blue.png,orange yellow.png,orange.png,orange left.png,82952
5310,orange.png,black.png,yellow red.png,blue.png,orange left.png,82953
5311,yellow.png,red.png,red blue.png,orange.png,green right.png,82954
5312,green.png,black.png,red blue.png,green.png,orange left.png,82955
5313,blue.png,green.png,green red.png,black.png,none.png,82956
5314,black.png,blue.png,yellow green blue.png,black.png,blue left.png,82957
5315,red.png,orange.png,blue red.png,green.png,green left.png,82958
5316,red.png,green.png,yellow green blue.png,green.png,green left.png,82959
5317,orange.png,black.png,black red.png,blue.png,green left.png,82960
5318,red.png,blue.png,black yellow.png,green.png,none.png,82961
5319,orange.png,red.png,up_and_out black yellow.png,yellow.png,black left.png,82962
5320,yellow.png,red.png,yellow green blue.png,orange.png,yellow right.png,82963
5321,red.png,blue.png,black red.png,green.png,yellow left.png,82964
5322,blue.png,green.png,black yellow.png,blue.png,green left.png,82965
5323,red.png,green.png,left black yellow.png,yellow.png,yellow right.png,82966
5324,blue.png,yellow.png,up_and_out black yellow.png,yellow.png,green right.png,82967
5325,blue.png,yellow.png,blue red.png,black.png,none.png,82968
5326,blue.png,yellow.png,black yellow yellow black.png,orange.png,orange right.png,82969
5327,green.png,yellow.png,yellow green blue.png,blue.png,yellow left.png,82970
5328,red.png,orange.png,red blue.png,orange.png,orange right.png,82971
5329,orange.png,blue.png,black yellow yellow black.png,yellow.png,yellow right.png,82972
5330,black.png,orange.png,up_and_out black yellow.png,yellow.png,black right.png,82973
5331,yellow.png,red.png,left black yellow.png,black.png,blue right.png,82974
5332,yellow.png,blue.png,down black up red.png,black.png,green left.png,82975
5333,blue.png,red.png,green blue.png,red.png,black left.png,82976
5334,black.png,orange.png,up_and_out black yellow.png,yellow.png,none.png,82977
5335,black.png,black.png,blue red.png,yellow.png,blue right.png,82978
5336,green.png,orange.png,green red.png,green.png,blue left.png,82979
5337,blue.png,red.png,yellow blue.png,black.png,blue left.png,82980
5338,blue.png,black.png,black yellow yellow black.png,yellow.png,yellow left.png,82981
5339,red.png,blue.png,up_and_out black yellow.png,yellow.png,green left.png,82982
5340,blue.png,red.png,green blue.png,red.png,none.png,82983
5341,red.png,blue.png,orange yellow.png,orange.png,green right.png,82984
5342,blue.png,red.png,black red.png,red.png,yellow right.png,82985
5343,orange.png,yellow.png,yellow blue.png,orange.png,none.png,82986
5344,black.png,red.png,black yellow.png,red.png,green right.png,82987
5345,black.png,blue.png,yellow red.png,green.png,yellow right.png,82988
5346,red.png,orange.png,left black yellow.png,red.png,green right.png,82989
5347,blue.png,red.png,green red.png,red.png,green left.png,82990
5348,blue.png,green.png,orange blue.png,orange.png,red left.png,82991
5349,black.png,green.png,multicolor.png,black.png,orange right.png,82992
5350,orange.png,orange.png,yellow black black yellow.png,black.png,orange left.png,82993
5351,blue.png,red.png,yellow red.png,black.png,black right.png,82994
5352,blue.png,yellow.png,blue red.png,orange.png,red left.png,82995
5353,red.png,yellow.png,black yellow yellow black.png,yellow.png,orange right.png,82996
5354,black.png,blue.png,green blue.png,red.png,green left.png,82997
5355,yellow.png,green.png,multicolor.png,black.png,green right.png,82998
5356,red.png,green.png,yellow red.png,black.png,green left.png,82999
5357,yellow.png,black.png,up_and_out black yellow.png,red.png,blue left.png,83000
5358,black.png,orange.png,black red.png,black.png,none.png,83001
5359,blue.png,black.png,black yellow yellow black.png,orange.png,orange right.png,83002
5360,black.png,yellow.png,left black yellow.png,orange.png,green left.png,83003
5361,red.png,red.png,green blue.png,red.png,yellow left.png,83004
5362,blue.png,green.png,green yellow.png,green.png,blue left.png,83005
5363,orange.png,orange.png,red blue.png,blue.png,none.png,83006
5364,black.png,black.png,up_and_out black yellow.png,orange.png,none.png,83007
5365,black.png,red.png,black yellow yellow black.png,orange.png,yellow right.png,83008
5366,red.png,yellow.png,yellow red.png,orange.png,orange right.png,83009
5367,yellow.png,black.png,green blue.png,green.png,yellow right.png,83010
5368,yellow.png,black.png,yellow green blue.png,yellow.png,red left.png,83011
5369,green.png,green.png,yellow blue.png,yellow.png,black right.png,83012
5370,green.png,black.png,green red.png,yellow.png,blue right.png,83013
5371,yellow.png,red.png,multicolor.png,green.png,black left.png,83014
5372,orange.png,blue.png,yellow black black yellow.png,red.png,black right.png,83015
5373,red.png,yellow.png,yellow black black yellow.png,blue.png,green left.png,83016
5374,yellow.png,green.png,orange yellow.png,blue.png,yellow left.png,83017
5375,black.png,red.png,green yellow.png,orange.png,blue left.png,83018
5376,green.png,yellow.png,left black yellow.png,red.png,green left.png,83019
5377,yellow.png,yellow.png,left black yellow.png,yellow.png,orange right.png,83020
5378,black.png,blue.png,left black yellow.png,red.png,black right.png,83021
5379,orange.png,black.png,yellow blue.png,black.png,none.png,83022
5380,green.png,green.png,multicolor.png,blue.png,blue left.png,83023
5381,black.png,yellow.png,down black up red.png,black.png,black right.png,83024
5382,blue.png,red.png,green yellow.png,yellow.png,black left.png,83025
5383,green.png,orange.png,orange yellow.png,black.png,black left.png,83026
5384,red.png,yellow.png,green yellow.png,orange.png,orange left.png,83027
5385,red.png,yellow.png,yellow black black yellow.png,orange.png,yellow right.png,83028
5386,orange.png,yellow.png,black red.png,green.png,black right.png,83029
5387,blue.png,blue.png,left black yellow.png,green.png,red left.png,83030
5388,orange.png,green.png,black yellow yellow black.png,black.png,red left.png,83031
5389,yellow.png,green.png,green blue.png,black.png,orange left.png,83032
5390,yellow.png,orange.png,orange blue.png,orange.png,red left.png,83033
5391,blue.png,red.png,up_and_out black yellow.png,orange.png,none.png,83034
5392,orange.png,red.png,black yellow.png,yellow.png,green left.png,83035
5393,orange.png,orange.png,up_and_out black yellow.png,red.png,blue left.png,83036
5394,blue.png,blue.png,black red.png,red.png,orange right.png,83037
5395,blue.png,orange.png,green yellow.png,black.png,green right.png,83038
5396,green.png,yellow.png,red blue.png,black.png,orange right.png,83039
5397,green.png,yellow.png,orange yellow.png,yellow.png,orange right.png,83040
5398,black.png,red.png,black yellow.png,orange.png,blue left.png,83041
5399,green.png,black.png,black yellow.png,green.png,blue right.png,83042
5400,yellow.png,green.png,orange yellow.png,blue.png,blue right.png,83043
5401,yellow.png,blue.png,black red.png,green.png,green right.png,83044
5402,orange.png,black.png,blue red.png,red.png,black right.png,83045
5403,red.png,green.png,yellow red.png,yellow.png,none.png,83046
5404,blue.png,yellow.png,yellow black black yellow.png,green.png,black left.png,83047
5405,orange.png,orange.png,left black yellow.png,black.png,green right.png,83048
5406,red.png,blue.png,green yellow.png,yellow.png,yellow right.png,83049
5407,yellow.png,blue.png,yellow black black yellow.png,yellow.png,yellow right.png,83050
5408,blue.png,yellow.png,green yellow.png,yellow.png,blue left.png,83051
5409,blue.png,orange.png,yellow red.png,black.png,yellow left.png,83052
5410,black.png,black.png,red blue.png,orange.png,blue right.png,83053
5411,green.png,yellow.png,black yellow.png,yellow.png,green left.png,83054
5412,orange.png,orange.png,green blue.png,black.png,green left.png,83055
5413,orange.png,orange.png,orange blue.png,orange.png,yellow right.png,83056
5414,yellow.png,green.png,black red.png,yellow.png,orange right.png,83057
5415,green.png,green.png,black red.png,black.png,yellow left.png,83058
5416,red.png,green.png,black yellow yellow black.png,blue.png,yellow right.png,83059
5417,green.png,orange.png,green yellow.png,green.png,black left.png,83060
5418,black.png,blue.png,multicolor.png,black.png,orange right.png,83061
5419,black.png,black.png,green red.png,orange.png,black left.png,83062
5420,orange.png,green.png,orange blue.png,black.png,orange left.png,83063
5421,orange.png,green.png,green yellow.png,black.png,black right.png,83064
5422,orange.png,blue.png,green yellow.png,orange.png,orange left.png,83065
5423,red.png,green.png,yellow black black yellow.png,black.png,green right.png,83066
5424,black.png,red.png,red blue.png,green.png,blue right.png,83067
5425,black.png,blue.png,yellow black black yellow.png,yellow.png,orange left.png,83068
5426,yellow.png,black.png,left black yellow.png,red.png,orange right.png,83069
5427,orange.png,black.png,black yellow.png,black.png,none.png,83070
5428,orange.png,orange.png,green yellow.png,yellow.png,green left.png,83071
5429,yellow.png,green.png,yellow black black yellow.png,green.png,orange right.png,83072
5430,green.png,red.png,black yellow.png,yellow.png,blue left.png,83073
5431,yellow.png,green.png,green yellow.png,green.png,yellow left.png,83074
5432,orange.png,green.png,green yellow.png,red.png,red left.png,83075
5433,green.png,black.png,black yellow yellow black.png,green.png,red left.png,83076
5434,black.png,yellow.png,green red.png,blue.png,blue right.png,83077
5435,blue.png,orange.png,red blue.png,orange.png,orange left.png,83078
5436,black.png,red.png,black red.png,yellow.png,black left.png,83079
5437,orange.png,green.png,black yellow yellow black.png,red.png,green left.png,83080
5438,green.png,blue.png,up_and_out black yellow.png,yellow.png,blue left.png,83081
5439,blue.png,black.png,yellow blue.png,blue.png,yellow right.png,83082
5440,blue.png,orange.png,black yellow yellow black.png,orange.png,yellow left.png,83083
5441,green.png,orange.png,left black yellow.png,yellow.png,green left.png,83084
5442,yellow.png,yellow.png,multicolor.png,blue.png,black left.png,83085
5443,yellow.png,black.png,blue red.png,blue.png,black right.png,83086
5444,green.png,blue.png,black yellow yellow black.png,yellow.png,yellow left.png,83087
5445,blue.png,green.png,red blue.png,red.png,orange right.png,83088
5446,blue.png,black.png,down black up red.png,green.png,black left.png,83089
5447,green.png,black.png,yellow black black yellow.png,orange.png,blue left.png,83090
5448,orange.png,black.png,yellow red.png,green.png,green left.png,83091
5449,black.png,red.png,left black yellow.png,black.png,green left.png,83092
5450,blue.png,black.png,left black yellow.png,green.png,black right.png,83093
5451,blue.png,orange.png,green blue.png,yellow.png,red left.png,83094
5452,green.png,black.png,yellow black black yellow.png,yellow.png,black right.png,83095
5453,red.png,orange.png,yellow green blue.png,green.png,none.png,83096
5454,red.png,yellow.png,green yellow.png,orange.png,orange right.png,83097
5455,orange.png,orange.png,left black yellow.png,red.png,orange right.png,83098
5456,green.png,black.png,black yellow yellow black.png,yellow.png,red left.png,83099
5457,blue.png,black.png,blue red.png,blue.png,black right.png,83100
5458,orange.png,yellow.png,green red.png,yellow.png,yellow left.png,83101
5459,red.png,yellow.png,green red.png,green.png,black left.png,83102
5460,orange.png,orange.png,yellow black black yellow.png,blue.png,none.png,83103
5461,green.png,black.png,orange yellow.png,black.png,blue right.png,83104
5462,orange.png,blue.png,black yellow.png,yellow.png,black right.png,83105
5463,blue.png,black.png,orange yellow.png,green.png,green right.png,83106
5464,red.png,green.png,green red.png,orange.png,none.png,83107
5465,red.png,yellow.png,black yellow.png,black.png,green right.png,83108
5466,red.png,yellow.png,up_and_out black yellow.png,blue.png,orange right.png,83109
5467,black.png,orange.png,green yellow.png,black.png,blue right.png,83110
5468,green.png,red.png,down black up red.png,orange.png,yellow right.png,83111
5469,blue.png,orange.png,blue red.png,black.png,black right.png,83112
5470,orange.png,red.png,up_and_out black yellow.png,red.png,orange right.png,83113
5471,green.png,orange.png,green yellow.png,yellow.png,green left.png,83114
5472,yellow.png,black.png,multicolor.png,blue.png,yellow right.png,83115
5473,green.png,orange.png,left black yellow.png,yellow.png,black left.png,83116
5474,yellow.png,orange.png,yellow blue.png,black.png,yellow left.png,83117
5475,red.png,yellow.png,green yellow.png,black.png,blue right.png,83118
5476,black.png,black.png,orange blue.png,yellow.png,blue left.png,83119
5477,red.png,orange.png,green red.png,orange.png,orange right.png,83120
5478,blue.png,blue.png,yellow red.png,blue.png,orange right.png,83121
5479,red.png,yellow.png,blue red.png,red.png,green left.png,83122
5480,green.png,black.png,left black yellow.png,green.png,black left.png,83123
5481,blue.png,green.png,green yellow.png,orange.png,none.png,83124
5482,blue.png,blue.png,yellow green blue.png,yellow.png,none.png,83125
5483,blue.png,red.png,multicolor.png,blue.png,orange left.png,83126
5484,yellow.png,red.png,red blue.png,green.png,blue left.png,83127
5485,black.png,black.png,orange blue.png,red.png,yellow left.png,83128
5486,orange.png,green.png,multicolor.png,yellow.png,orange right.png,83129
5487,blue.png,orange.png,down black up red.png,orange.png,green left.png,83130
5488,orange.png,green.png,orange blue.png,yellow.png,green right.png,83131
5489,blue.png,black.png,yellow black black yellow.png,green.png,red left.png,83132
5490,yellow.png,red.png,up_and_out black yellow.png,black.png,none.png,83133
5491,yellow.png,yellow.png,black red.png,orange.png,black left.png,83134
5492,black.png,green.png,down black up red.png,blue.png,black right.png,83135
5493,yellow.png,yellow.png,yellow black black yellow.png,green.png,none.png,83136
5494,green.png,black.png,black yellow yellow black.png,blue.png,orange right.png,83137
5495,green.png,green.png,yellow black black yellow.png,black.png,none.png,83138
5496,black.png,green.png,blue red.png,yellow.png,yellow left.png,83139
5497,blue.png,yellow.png,down black up red.png,orange.png,black right.png,83140
5498,yellow.png,green.png,green blue.png,green.png,yellow left.png,83141
5499,orange.png,orange.png,red blue.png,blue.png,orange right.png,83142
5500,yellow.png,red.png,green red.png,red.png,none.png,83143
5501,blue.png,green.png,orange yellow.png,green.png,green right.png,83144
5502,black.png,green.png,black yellow yellow black.png,orange.png,blue right.png,83145
5503,red.png,red.png,left black yellow.png,red.png,none.png,83146
5504,red.png,yellow.png,green blue.png,yellow.png,blue right.png,83147
5505,green.png,blue.png,left black yellow.png,blue.png,yellow left.png,83148
5506,blue.png,orange.png,black yellow yellow black.png,yellow.png,black left.png,83149
5507,blue.png,yellow.png,black yellow.png,blue.png,blue right.png,83150
5508,blue.png,orange.png,orange yellow.png,blue.png,none.png,83151
5509,black.png,black.png,orange yellow.png,yellow.png,green left.png,83152
5510,blue.png,green.png,green yellow.png,yellow.png,blue right.png,83153
5511,red.png,red.png,black yellow.png,orange.png,red left.png,83154
5512,green.png,black.png,black red.png,green.png,red left.png,83155
5513,blue.png,orange.png,black yellow.png,red.png,red left.png,83156
5514,red.png,black.png,up_and_out black yellow.png,blue.png,green left.png,83157
5515,yellow.png,blue.png,yellow black black yellow.png,green.png,black right.png,83158
5516,yellow.png,blue.png,yellow red.png,blue.png,blue left.png,83159
5517,red.png,blue.png,orange blue.png,blue.png,green right.png,83160
5518,red.png,blue.png,orange yellow.png,green.png,blue left.png,83161
5519,black.png,orange.png,yellow black black yellow.png,blue.png,black right.png,83162
5520,black.png,red.png,black yellow yellow black.png,green.png,yellow right.png,83163
5521,blue.png,orange.png,yellow blue.png,black.png,green right.png,83164
5522,black.png,blue.png,green blue.png,yellow.png,black right.png,83165
5523,black.png,orange.png,multicolor.png,red.png,blue left.png,83166
5524,black.png,blue.png,green red.png,red.png,orange right.png,83167
5525,orange.png,red.png,black yellow yellow black.png,orange.png,black right.png,83168
5526,orange.png,red.png,black yellow.png,blue.png,none.png,83169
5527,red.png,yellow.png,green red.png,green.png,green right.png,83170
5528,orange.png,yellow.png,yellow green blue.png,green.png,yellow left.png,83171
5529,blue.png,black.png,green red.png,yellow.png,yellow right.png,83172
5530,yellow.png,blue.png,up_and_out black yellow.png,red.png,green left.png,83173
5531,blue.png,red.png,green red.png,black.png,yellow right.png,83174
5532,yellow.png,yellow.png,up_and_out black yellow.png,green.png,green left.png,83175
5533,black.png,orange.png,yellow black black yellow.png,red.png,black left.png,83176
5534,yellow.png,orange.png,green blue.png,yellow.png,blue left.png,83177
5535,yellow.png,blue.png,green yellow.png,yellow.png,green left.png,83178
5536,black.png,blue.png,up_and_out black yellow.png,blue.png,yellow left.png,83179
5537,green.png,red.png,orange blue.png,yellow.png,black left.png,83180
5538,black.png,yellow.png,blue red.png,green.png,blue right.png,83181
5539,green.png,blue.png,orange blue.png,yellow.png,orange left.png,83182
5540,yellow.png,yellow.png,black red.png,blue.png,black left.png,83183
5541,orange.png,green.png,multicolor.png,orange.png,blue left.png,83184
5542,black.png,blue.png,yellow red.png,black.png,blue right.png,83185
5543,orange.png,red.png,black yellow yellow black.png,blue.png,green left.png,83186
5544,yellow.png,green.png,red blue.png,black.png,none.png,83187
5545,blue.png,red.png,yellow green blue.png,red.png,black left.png,83188
5546,yellow.png,black.png,orange yellow.png,black.png,blue left.png,83189
5547,blue.png,orange.png,orange blue.png,green.png,yellow left.png,83190
5548,green.png,black.png,orange blue.png,green.png,orange left.png,83191
5549,green.png,orange.png,blue red.png,black.png,yellow right.png,83192
5550,yellow.png,yellow.png,multicolor.png,orange.png,green right.png,83193
5551,red.png,yellow.png,orange blue.png,orange.png,blue right.png,83194
5552,black.png,orange.png,blue red.png,green.png,green left.png,83195
5553,red.png,green.png,black yellow yellow black.png,yellow.png,orange left.png,83196
5554,green.png,yellow.png,orange blue.png,red.png,blue left.png,83197
5555,blue.png,orange.png,black yellow.png,orange.png,orange right.png,83198
5556,green.png,blue.png,orange blue.png,orange.png,black right.png,83199
5557,blue.png,black.png,orange blue.png,blue.png,yellow left.png,83200
5558,green.png,yellow.png,multicolor.png,orange.png,black left.png,83201
5559,orange.png,black.png,left black yellow.png,green.png,orange left.png,83202
5560,yellow.png,green.png,black yellow.png,red.png,red left.png,83203
5561,green.png,blue.png,green blue.png,red.png,black left.png,83204
5562,orange.png,orange.png,yellow red.png,blue.png,black left.png,83205
5563,green.png,black.png,yellow blue.png,green.png,yellow left.png,83206
5564,black.png,black.png,yellow blue.png,red.png,green right.png,83207
5565,orange.png,blue.png,red blue.png,blue.png,blue right.png,83208
5566,blue.png,yellow.png,red blue.png,orange.png,orange left.png,83209
5567,black.png,red.png,black red.png,blue.png,yellow left.png,83210
5568,blue.png,orange.png,green red.png,green.png,orange right.png,83211
5569,black.png,orange.png,blue red.png,blue.png,none.png,83212
5570,red.png,red.png,green yellow.png,green.png,none.png,83213
5571,red.png,red.png,multicolor.png,green.png,none.png,83214
5572,yellow.png,black.png,yellow red.png,yellow.png,none.png,83215
5573,blue.png,black.png,down black up red.png,black.png,blue left.png,83216
5574,black.png,black.png,black red.png,orange.png,blue right.png,83217
5575,green.png,blue.png,multicolor.png,blue.png,blue right.png,83218
5576,yellow.png,blue.png,black yellow yellow black.png,yellow.png,orange left.png,83219
5577,orange.png,black.png,green red.png,blue.png,red left.png,83220
5578,red.png,red.png,yellow green blue.png,black.png,green right.png,83221
5579,green.png,orange.png,blue red.png,black.png,green left.png,83222
5580,green.png,orange.png,down black up red.png,black.png,yellow right.png,83223
5581,yellow.png,black.png,black yellow yellow black.png,black.png,blue right.png,83224
5582,blue.png,blue.png,yellow red.png,blue.png,yellow left.png,83225
5583,yellow.png,orange.png,black yellow.png,black.png,orange left.png,83226
5584,black.png,black.png,yellow blue.png,black.png,yellow left.png,83227
5585,black.png,blue.png,up_and_out black yellow.png,blue.png,red left.png,83228
5586,blue.png,orange.png,yellow red.png,orange.png,yellow left.png,83229
5587,yellow.png,black.png,red blue.png,black.png,black left.png,83230
5588,blue.png,blue.png,blue red.png,orange.png,blue left.png,83231
5589,green.png,black.png,orange yellow.png,green.png,orange right.png,83232
5590,black.png,green.png,down black up red.png,red.png,none.png,83233
5591,red.png,blue.png,green blue.png,orange.png,red left.png,83234
5592,yellow.png,blue.png,green yellow.png,red.png,red left.png,83235
5593,orange.png,black.png,yellow red.png,blue.png,red left.png,83236
5594,blue.png,black.png,black yellow yellow black.png,red.png,yellow right.png,83237
5595,black.png,blue.png,black yellow yellow black.png,green.png,blue right.png,83238
5596,orange.png,orange.png,black yellow yellow black.png,yellow.png,orange right.png,83239
5597,blue.png,black.png,yellow green blue.png,red.png,yellow right.png,83240
5598,orange.png,yellow.png,yellow red.png,black.png,blue right.png,83241
5599,black.png,yellow.png,multicolor.png,red.png,red left.png,83242
5600,green.png,blue.png,black yellow.png,red.png,blue right.png,83243
5601,green.png,black.png,black yellow yellow black.png,orange.png,orange right.png,83244
5602,yellow.png,blue.png,up_and_out black yellow.png,yellow.png,orange left.png,83245
5603,orange.png,blue.png,blue red.png,orange.png,blue right.png,83246
5604,black.png,orange.png,blue red.png,yellow.png,blue left.png,83247
5605,yellow.png,black.png,blue red.png,green.png,blue right.png,83248
5606,yellow.png,yellow.png,down black up red.png,black.png,yellow right.png,83249
5607,blue.png,orange.png,orange blue.png,yellow.png,green left.png,83250
5608,yellow.png,yellow.png,orange blue.png,red.png,yellow right.png,83251
5609,red.png,red.png,yellow green blue.png,yellow.png,orange right.png,83252
5610,orange.png,yellow.png,up_and_out black yellow.png,orange.png,blue right.png,83253
5611,black.png,black.png,left black yellow.png,yellow.png,green left.png,83254
5612,yellow.png,green.png,black red.png,black.png,orange right.png,83255
5613,orange.png,red.png,down black up red.png,black.png,none.png,83256
5614,green.png,black.png,black red.png,orange.png,yellow left.png,83257
5615,orange.png,green.png,orange blue.png,yellow.png,green left.png,83258
5616,red.png,red.png,up_and_out black yellow.png,yellow.png,black left.png,83259
5617,orange.png,blue.png,green yellow.png,blue.png,yellow right.png,83260
5618,green.png,red.png,multicolor.png,red.png,orange left.png,83261
5619,orange.png,orange.png,orange yellow.png,blue.png,green right.png,83262
5620,black.png,black.png,orange yellow.png,blue.png,orange left.png,83263
5621,blue.png,blue.png,left black yellow.png,blue.png,yellow left.png,83264
5622,black.png,blue.png,black yellow yellow black.png,blue.png,black right.png,83265
5623,green.png,black.png,multicolor.png,red.png,blue right.png,83266
5624,red.png,orange.png,green yellow.png,red.png,orange right.png,83267
5625,orange.png,orange.png,left black yellow.png,black.png,blue left.png,83268
5626,black.png,orange.png,down black up red.png,red.png,yellow left.png,83269
5627,yellow.png,red.png,left black yellow.png,black.png,yellow left.png,83270
5628,orange.png,blue.png,down black up red.png,orange.png,orange right.png,83271
5629,green.png,orange.png,green yellow.png,red.png,blue left.png,83272
5630,orange.png,red.png,green blue.png,yellow.png,yellow right.png,83273
5631,blue.png,blue.png,yellow green blue.png,green.png,green left.png,83274
5632,orange.png,red.png,red blue.png,red.png,red left.png,83275
5633,black.png,green.png,yellow black black yellow.png,green.png,black left.png,83276
5634,orange.png,yellow.png,down black up red.png,blue.png,green right.png,83277
5635,blue.png,black.png,black yellow.png,black.png,blue right.png,83278
5636,black.png,orange.png,orange yellow.png,blue.png,none.png,83279
5637,red.png,blue.png,green blue.png,yellow.png,green left.png,83280
5638,yellow.png,orange.png,yellow green blue.png,blue.png,orange left.png,83281
5639,black.png,green.png,left black yellow.png,green.png,green right.png,83282
5640,orange.png,red.png,yellow blue.png,green.png,red left.png,83283
5641,yellow.png,blue.png,black yellow yellow black.png,red.png,orange right.png,83284
5642,orange.png,orange.png,green red.png,orange.png,black left.png,83285
5643,black.png,orange.png,green yellow.png,red.png,yellow left.png,83286
5644,yellow.png,black.png,yellow blue.png,green.png,green left.png,83287
5645,orange.png,yellow.png,yellow black black yellow.png,yellow.png,orange left.png,83288
5646,red.png,red.png,up_and_out black yellow.png,yellow.png,yellow right.png,83289
5647,orange.png,green.png,green blue.png,blue.png,blue right.png,83290
5648,green.png,yellow.png,multicolor.png,yellow.png,orange right.png,83291
5649,black.png,yellow.png,yellow blue.png,blue.png,green left.png,83292
5650,red.png,red.png,black yellow yellow black.png,green.png,red left.png,83293
5651,yellow.png,black.png,yellow black black yellow.png,black.png,yellow left.png,83294
5652,black.png,blue.png,red blue.png,black.png,yellow left.png,83295
5653,red.png,yellow.png,up_and_out black yellow.png,black.png,blue left.png,83296
5654,blue.png,yellow.png,yellow green blue.png,orange.png,none.png,83297
5655,orange.png,red.png,green yellow.png,black.png,orange left.png,83298
5656,green.png,orange.png,yellow red.png,yellow.png,blue left.png,83299
5657,red.png,black.png,orange blue.png,black.png,red left.png,83300
5658,red.png,red.png,black yellow.png,orange.png,green right.png,83301
5659,red.png,blue.png,orange yellow.png,red.png,blue right.png,83302
5660,orange.png,orange.png,up_and_out black yellow.png,orange.png,orange left.png,83303
5661,black.png,black.png,orange blue.png,green.png,red left.png,83304
5662,green.png,yellow.png,orange yellow.png,green.png,green left.png,83305
5663,green.png,red.png,up_and_out black yellow.png,black.png,blue left.png,83306
5664,blue.png,red.png,black yellow yellow black.png,green.png,yellow right.png,83307
5665,orange.png,green.png,yellow blue.png,orange.png,red left.png,83308
5666,orange.png,orange.png,yellow blue.png,black.png,orange right.png,83309
5667,black.png,orange.png,yellow black black yellow.png,green.png,yellow right.png,83310
5668,black.png,black.png,yellow red.png,black.png,red left.png,83311
5669,red.png,yellow.png,green yellow.png,yellow.png,orange left.png,83312
5670,orange.png,yellow.png,left black yellow.png,yellow.png,orange left.png,83313
5671,red.png,blue.png,orange yellow.png,black.png,blue right.png,83314
5672,green.png,orange.png,green red.png,green.png,orange right.png,83315
5673,orange.png,red.png,red blue.png,green.png,green right.png,83316
5674,orange.png,orange.png,yellow red.png,blue.png,yellow right.png,83317
5675,yellow.png,orange.png,up_and_out black yellow.png,yellow.png,blue right.png,83318
5676,blue.png,black.png,black red.png,black.png,black right.png,83319
5677,blue.png,blue.png,orange blue.png,yellow.png,yellow left.png,83320
5678,green.png,yellow.png,up_and_out black yellow.png,green.png,blue right.png,83321
5679,black.png,orange.png,yellow black black yellow.png,blue.png,red left.png,83322
5680,green.png,orange.png,black red.png,yellow.png,none.png,83323
5681,green.png,blue.png,blue red.png,blue.png,blue right.png,83324
5682,yellow.png,blue.png,yellow blue.png,green.png,red left.png,83325
5683,yellow.png,yellow.png,black yellow.png,orange.png,yellow left.png,83326
5684,black.png,green.png,yellow black black yellow.png,black.png,black right.png,83327
5685,black.png,red.png,yellow blue.png,red.png,green right.png,83328
5686,green.png,green.png,yellow green blue.png,red.png,none.png,83329
5687,green.png,black.png,up_and_out black yellow.png,green.png,yellow left.png,83330
5688,black.png,yellow.png,multicolor.png,orange.png,none.png,83331
5689,orange.png,orange.png,red blue.png,blue.png,yellow left.png,83332
5690,orange.png,green.png,multicolor.png,blue.png,red left.png,83333
5691,black.png,blue.png,green yellow.png,blue.png,red left.png,83334
5692,green.png,green.png,yellow black black yellow.png,black.png,blue right.png,83335
5693,orange.png,blue.png,green yellow.png,red.png,yellow right.png,83336
5694,blue.png,green.png,yellow blue.png,green.png,none.png,83337
5695,red.png,black.png,multicolor.png,black.png,orange right.png,83338
5696,green.png,red.png,left black yellow.png,black.png,blue left.png,83339
5697,green.png,black.png,green yellow.png,blue.png,orange right.png,83340
5698,red.png,green.png,blue red.png,red.png,none.png,83341
5699,green.png,green.png,black red.png,blue.png,yellow left.png,83342
5700,orange.png,orange.png,yellow black black yellow.png,yellow.png,yellow left.png,83343
5701,blue.png,black.png,yellow blue.png,red.png,orange left.png,83344
5702,yellow.png,orange.png,green red.png,orange.png,yellow left.png,83345
5703,green.png,blue.png,yellow blue.png,red.png,black right.png,83346
5704,blue.png,orange.png,orange blue.png,blue.png,green right.png,83347
5705,black.png,orange.png,green red.png,green.png,black right.png,83348
5706,blue.png,red.png,green yellow.png,red.png,orange left.png,83349
5707,yellow.png,orange.png,left black yellow.png,black.png,blue left.png,83350
5708,orange.png,blue.png,left black yellow.png,yellow.png,black right.png,83351
5709,black.png,green.png,blue red.png,orange.png,orange left.png,83352
5710,red.png,green.png,black yellow yellow black.png,orange.png,black left.png,83353
5711,black.png,black.png,green blue.png,yellow.png,green left.png,83354
5712,green.png,orange.png,orange yellow.png,green.png,blue left.png,83355
5713,orange.png,orange.png,black yellow.png,blue.png,yellow left.png,83356
5714,red.png,yellow.png,red blue.png,orange.png,black left.png,83357
5715,yellow.png,yellow.png,black yellow yellow black.png,red.png,green right.png,83358
5716,yellow.png,red.png,yellow green blue.png,blue.png,green left.png,83359
5717,yellow.png,green.png,multicolor.png,red.png,black left.png,83360
5718,orange.png,green.png,orange yellow.png,orange.png,orange right.png,83361
5719,black.png,orange.png,yellow blue.png,red.png,black right.png,83362
5720,blue.png,red.png,yellow blue.png,green.png,yellow left.png,83363
5721,orange.png,orange.png,down black up red.png,yellow.png,yellow right.png,83364
5722,red.png,green.png,yellow black black yellow.png,green.png,orange right.png,83365
5723,orange.png,blue.png,black red.png,yellow.png,blue right.png,83366
5724,blue.png,red.png,green blue.png,yellow.png,black left.png,83367
5725,green.png,orange.png,yellow black black yellow.png,orange.png,blue right.png,83368
5726,green.png,orange.png,orange blue.png,black.png,black right.png,83369
5727,blue.png,red.png,green red.png,red.png,black left.png,83370
5728,orange.png,yellow.png,left black yellow.png,yellow.png,blue left.png,83371
5729,orange.png,yellow.png,green blue.png,green.png,yellow left.png,83372
5730,green.png,green.png,yellow black black yellow.png,yellow.png,orange right.png,83373
5731,black.png,red.png,orange yellow.png,orange.png,green right.png,83374
5732,red.png,green.png,orange yellow.png,yellow.png,black right.png,83375
5733,black.png,blue.png,yellow blue.png,yellow.png,red left.png,83376
5734,black.png,green.png,green yellow.png,green.png,yellow right.png,83377
5735,yellow.png,blue.png,left black yellow.png,red.png,yellow right.png,83378
5736,blue.png,red.png,yellow black black yellow.png,blue.png,red left.png,83379
5737,yellow.png,red.png,green blue.png,yellow.png,green right.png,83380
5738,black.png,blue.png,black yellow yellow black.png,red.png,black left.png,83381
5739,black.png,yellow.png,yellow green blue.png,green.png,green left.png,83382
5740,black.png,green.png,yellow black black yellow.png,green.png,green left.png,83383
5741,green.png,orange.png,multicolor.png,yellow.png,blue right.png,83384
5742,black.png,green.png,multicolor.png,yellow.png,black left.png,83385
5743,blue.png,blue.png,black yellow.png,orange.png,green right.png,83386
5744,yellow.png,blue.png,orange blue.png,yellow.png,red left.png,83387
5745,yellow.png,green.png,down black up red.png,blue.png,green right.png,83388
5746,green.png,black.png,green yellow.png,black.png,orange left.png,83389
5747,green.png,red.png,up_and_out black yellow.png,black.png,yellow left.png,83390
5748,red.png,green.png,green red.png,orange.png,red left.png,83391
5749,orange.png,blue.png,red blue.png,blue.png,green left.png,83392
5750,black.png,black.png,yellow black black yellow.png,blue.png,yellow right.png,83393
5751,blue.png,red.png,blue red.png,black.png,yellow right.png,83394
5752,green.png,orange.png,black red.png,blue.png,green left.png,83395
5753,orange.png,blue.png,red blue.png,orange.png,yellow right.png,83396
5754,orange.png,green.png,yellow red.png,blue.png,yellow left.png,83397
5755,orange.png,orange.png,left black yellow.png,blue.png,orange right.png,83398
5756,green.png,black.png,green yellow.png,green.png,green right.png,83399
5757,orange.png,black.png,green yellow.png,yellow.png,black left.png,83400
5758,blue.png,green.png,black red.png,red.png,none.png,83401
5759,orange.png,yellow.png,multicolor.png,blue.png,green right.png,83402
5760,orange.png,yellow.png,yellow green blue.png,red.png,black left.png,83403
5761,yellow.png,orange.png,green blue.png,yellow.png,yellow left.png,83404
5762,orange.png,blue.png,multicolor.png,black.png,yellow right.png,83405
5763,blue.png,blue.png,blue red.png,orange.png,green right.png,83406
5764,green.png,red.png,black yellow.png,yellow.png,blue right.png,83407
5765,orange.png,red.png,yellow blue.png,yellow.png,blue right.png,83408
5766,blue.png,red.png,yellow black black yellow.png,red.png,orange left.png,83409
5767,orange.png,red.png,blue red.png,orange.png,green left.png,83410
5768,yellow.png,blue.png,red blue.png,orange.png,green left.png,83411
5769,orange.png,yellow.png,yellow black black yellow.png,orange.png,green right.png,83412
5770,orange.png,yellow.png,green blue.png,blue.png,red left.png,83413
5771,blue.png,orange.png,down black up red.png,yellow.png,black right.png,83414
5772,orange.png,yellow.png,black yellow.png,green.png,blue right.png,83415
5773,yellow.png,blue.png,orange yellow.png,red.png,red left.png,83416
5774,red.png,green.png,yellow red.png,green.png,orange right.png,83417
5775,orange.png,black.png,green red.png,green.png,black left.png,83418
5776,yellow.png,blue.png,yellow red.png,blue.png,yellow left.png,83419
5777,black.png,orange.png,red blue.png,blue.png,yellow left.png,83420
5778,yellow.png,orange.png,green yellow.png,blue.png,blue right.png,83421
5779,green.png,green.png,orange blue.png,orange.png,yellow right.png,83422
5780,yellow.png,orange.png,multicolor.png,red.png,black right.png,83423
5781,green.png,yellow.png,black yellow yellow black.png,red.png,green left.png,83424
5782,red.png,black.png,green blue.png,yellow.png,black left.png,83425
5783,yellow.png,black.png,yellow green blue.png,red.png,black right.png,83426
5784,orange.png,red.png,black red.png,black.png,black right.png,83427
5785,yellow.png,blue.png,yellow black black yellow.png,blue.png,orange left.png,83428
5786,orange.png,blue.png,multicolor.png,black.png,black left.png,83429
5787,yellow.png,red.png,yellow green blue.png,black.png,yellow left.png,83430
5788,green.png,black.png,down black up red.png,black.png,yellow right.png,83431
5789,red.png,red.png,multicolor.png,blue.png,none.png,83432
5790,red.png,green.png,yellow green blue.png,yellow.png,red left.png,83433
5791,red.png,blue.png,green red.png,black.png,blue left.png,83434
5792,red.png,yellow.png,yellow black black yellow.png,blue.png,blue left.png,83435
5793,black.png,blue.png,black yellow yellow black.png,red.png,orange left.png,83436
5794,red.png,yellow.png,black yellow.png,red.png,orange left.png,83437
5795,red.png,yellow.png,black yellow yellow black.png,orange.png,blue left.png,83438
5796,red.png,black.png,multicolor.png,red.png,green right.png,83439
5797,yellow.png,blue.png,black yellow.png,yellow.png,black left.png,83440
5798,black.png,orange.png,blue red.png,orange.png,black right.png,83441
5799,orange.png,orange.png,orange blue.png,red.png,green left.png,83442
5800,orange.png,blue.png,down black up red.png,red.png,blue left.png,83443
5801,yellow.png,blue.png,black red.png,yellow.png,green left.png,83444
5802,red.png,yellow.png,down black up red.png,orange.png,orange left.png,83445
5803,blue.png,black.png,yellow green blue.png,black.png,orange left.png,83446
5804,black.png,red.png,red blue.png,yellow.png,blue left.png,83447
5805,green.png,black.png,up_and_out black yellow.png,green.png,blue right.png,83448
5806,orange.png,black.png,green red.png,black.png,black right.png,83449
5807,blue.png,blue.png,green red.png,orange.png,black right.png,83450
5808,red.png,red.png,multicolor.png,blue.png,red left.png,83451
5809,red.png,blue.png,up_and_out black yellow.png,red.png,yellow left.png,83452
5810,black.png,orange.png,blue red.png,green.png,orange left.png,83453
5811,green.png,blue.png,yellow red.png,green.png,blue left.png,83454
5812,black.png,yellow.png,orange yellow.png,green.png,none.png,83455
5813,red.png,green.png,black yellow yellow black.png,yellow.png,none.png,83456
5814,orange.png,black.png,yellow blue.png,orange.png,orange right.png,83457
5815,orange.png,yellow.png,orange blue.png,yellow.png,blue right.png,83458
5816,yellow.png,yellow.png,yellow red.png,blue.png,blue right.png,83459
5817,orange.png,orange.png,yellow black black yellow.png,black.png,green left.png,83460
5818,red.png,black.png,green blue.png,red.png,yellow right.png,83461
5819,red.png,green.png,black yellow.png,yellow.png,green left.png,83462
5820,black.png,green.png,yellow black black yellow.png,yellow.png,blue left.png,83463
5821,green.png,black.png,green red.png,green.png,yellow right.png,83464
5822,black.png,yellow.png,up_and_out black yellow.png,black.png,blue left.png,83465
5823,yellow.png,yellow.png,multicolor.png,black.png,red left.png,83466
5824,yellow.png,red.png,orange blue.png,orange.png,orange right.png,83467
5825,green.png,blue.png,black yellow.png,blue.png,green left.png,83468
5826,blue.png,yellow.png,multicolor.png,orange.png,black left.png,83469
5827,orange.png,black.png,red blue.png,orange.png,black left.png,83470
5828,black.png,blue.png,black red.png,red.png,red left.png,83471
5829,yellow.png,blue.png,black yellow yellow black.png,orange.png,green left.png,83472
5830,green.png,yellow.png,green blue.png,red.png,orange left.png,83473
5831,yellow.png,black.png,black red.png,blue.png,blue left.png,83474
5832,orange.png,orange.png,yellow green blue.png,green.png,black right.png,83475
5833,blue.png,blue.png,left black yellow.png,orange.png,black right.png,83476
5834,orange.png,blue.png,black yellow.png,orange.png,blue right.png,83477
5835,blue.png,red.png,multicolor.png,black.png,green left.png,83478
5836,blue.png,yellow.png,left black yellow.png,green.png,green left.png,83479
5837,blue.png,black.png,green blue.png,red.png,green left.png,83480
5838,orange.png,red.png,green yellow.png,yellow.png,orange left.png,83481
5839,orange.png,yellow.png,green yellow.png,black.png,green right.png,83482
5840,yellow.png,orange.png,green blue.png,red.png,black right.png,83483
5841,green.png,red.png,left black yellow.png,yellow.png,orange right.png,83484
5842,yellow.png,orange.png,blue red.png,green.png,black left.png,83485
5843,orange.png,orange.png,black yellow.png,orange.png,black left.png,83486
5844,black.png,red.png,yellow green blue.png,blue.png,orange left.png,83487
5845,blue.png,black.png,green yellow.png,orange.png,green left.png,83488
5846,black.png,orange.png,green red.png,black.png,red left.png,83489
5847,green.png,yellow.png,green yellow.png,green.png,green right.png,83490
5848,yellow.png,red.png,multicolor.png,black.png,blue left.png,83491
5849,black.png,yellow.png,black yellow yellow black.png,green.png,black right.png,83492
5850,black.png,yellow.png,yellow blue.png,red.png,none.png,83493
5851,red.png,black.png,green red.png,yellow.png,black left.png,83494
5852,yellow.png,red.png,red blue.png,blue.png,orange right.png,83495
5853,black.png,yellow.png,black yellow yellow black.png,blue.png,green left.png,83496
5854,blue.png,black.png,yellow green blue.png,red.png,orange right.png,83497
5855,black.png,blue.png,yellow black black yellow.png,blue.png,blue left.png,83498
5856,black.png,orange.png,green blue.png,orange.png,yellow right.png,83499
5857,blue.png,blue.png,yellow green blue.png,blue.png,orange left.png,83500
5858,blue.png,yellow.png,green red.png,blue.png,none.png,83501
5859,green.png,green.png,orange blue.png,black.png,yellow left.png,83502
5860,red.png,red.png,black yellow yellow black.png,green.png,yellow right.png,83503
5861,blue.png,green.png,orange yellow.png,black.png,black right.png,83504
5862,red.png,blue.png,yellow green blue.png,blue.png,orange left.png,83505
5863,orange.png,orange.png,orange yellow.png,red.png,orange left.png,83506
5864,orange.png,orange.png,orange blue.png,yellow.png,red left.png,83507
5865,green.png,red.png,green yellow.png,blue.png,yellow right.png,83508
5866,black.png,green.png,left black yellow.png,yellow.png,yellow left.png,83509
5867,red.png,red.png,yellow blue.png,yellow.png,none.png,83510
5868,orange.png,orange.png,black yellow yellow black.png,blue.png,blue right.png,83511
5869,green.png,red.png,yellow green blue.png,black.png,yellow right.png,83512
5870,orange.png,blue.png,up_and_out black yellow.png,blue.png,none.png,83513
5871,green.png,yellow.png,black yellow.png,green.png,orange right.png,83514
5872,red.png,yellow.png,yellow green blue.png,red.png,orange right.png,83515
5873,black.png,yellow.png,yellow red.png,yellow.png,red left.png,83516
5874,orange.png,red.png,blue red.png,yellow.png,black right.png,83517
5875,green.png,blue.png,yellow red.png,green.png,black left.png,83518
5876,black.png,yellow.png,orange yellow.png,green.png,green left.png,83519
5877,black.png,green.png,yellow blue.png,orange.png,black left.png,83520
5878,black.png,orange.png,green yellow.png,black.png,orange right.png,83521
5879,green.png,orange.png,green yellow.png,green.png,none.png,83522
5880,yellow.png,green.png,yellow green blue.png,red.png,black left.png,83523
5881,green.png,yellow.png,blue red.png,blue.png,yellow left.png,83524
5882,yellow.png,red.png,green red.png,yellow.png,orange left.png,83525
5883,orange.png,yellow.png,green yellow.png,red.png,green right.png,83526
5884,black.png,black.png,black yellow.png,orange.png,red left.png,83527
5885,orange.png,red.png,orange blue.png,black.png,green right.png,83528
5886,green.png,blue.png,up_and_out black yellow.png,green.png,green right.png,83529
5887,blue.png,green.png,black red.png,black.png,black right.png,83530
5888,orange.png,orange.png,yellow green blue.png,orange.png,green right.png,83531
5889,yellow.png,blue.png,up_and_out black yellow.png,blue.png,orange right.png,83532
5890,yellow.png,blue.png,left black yellow.png,yellow.png,green left.png,83533
5891,red.png,blue.png,yellow green blue.png,blue.png,green right.png,83534
5892,yellow.png,orange.png,green blue.png,yellow.png,blue right.png,83535
5893,yellow.png,black.png,down black up red.png,green.png,yellow left.png,83536
5894,blue.png,black.png,yellow red.png,green.png,green right.png,83537
5895,blue.png,red.png,multicolor.png,blue.png,none.png,83538
5896,blue.png,blue.png,green red.png,orange.png,yellow left.png,83539
5897,yellow.png,orange.png,up_and_out black yellow.png,green.png,blue left.png,83540
5898,green.png,black.png,yellow blue.png,red.png,green right.png,83541
5899,yellow.png,yellow.png,left black yellow.png,green.png,blue left.png,83542
5900,blue.png,yellow.png,yellow red.png,black.png,yellow right.png,83543
5901,black.png,orange.png,green red.png,red.png,blue right.png,83544
5902,yellow.png,yellow.png,up_and_out black yellow.png,black.png,blue left.png,83545
5903,orange.png,yellow.png,left black yellow.png,red.png,yellow right.png,83546
5904,orange.png,blue.png,down black up red.png,blue.png,blue right.png,83547
5905,orange.png,orange.png,green red.png,blue.png,orange right.png,83548
5906,red.png,red.png,green yellow.png,orange.png,green left.png,83549
5907,green.png,green.png,black red.png,red.png,yellow left.png,83550
5908,black.png,yellow.png,multicolor.png,black.png,black right.png,83551
5909,red.png,orange.png,black yellow yellow black.png,black.png,yellow right.png,83552
5910,green.png,yellow.png,yellow blue.png,blue.png,blue right.png,83553
5911,red.png,yellow.png,green red.png,orange.png,black right.png,83554
5912,black.png,orange.png,yellow green blue.png,orange.png,blue right.png,83555
5913,yellow.png,blue.png,green red.png,orange.png,red left.png,83556
5914,blue.png,red.png,green blue.png,green.png,green left.png,83557
5915,orange.png,blue.png,red blue.png,yellow.png,yellow left.png,83558
5916,blue.png,yellow.png,green yellow.png,red.png,yellow right.png,83559
5917,yellow.png,black.png,yellow green blue.png,green.png,orange right.png,83560
5918,blue.png,yellow.png,left black yellow.png,yellow.png,black right.png,83561
5919,orange.png,green.png,black red.png,orange.png,blue left.png,83562
5920,yellow.png,yellow.png,orange yellow.png,yellow.png,black right.png,83563
5921,blue.png,blue.png,yellow green blue.png,red.png,none.png,83564
5922,yellow.png,red.png,blue red.png,yellow.png,blue right.png,83565
5923,yellow.png,orange.png,up_and_out black yellow.png,orange.png,none.png,83566
5924,black.png,red.png,black red.png,orange.png,black left.png,83567
5925,green.png,orange.png,black red.png,green.png,red left.png,83568
5926,blue.png,blue.png,black red.png,black.png,black right.png,83569
5927,yellow.png,green.png,black yellow yellow black.png,blue.png,orange right.png,83570
5928,black.png,black.png,black yellow.png,red.png,orange left.png,83571
5929,green.png,black.png,green yellow.png,orange.png,green right.png,83572
5930,orange.png,green.png,multicolor.png,red.png,yellow left.png,83573
5931,yellow.png,black.png,black red.png,red.png,green left.png,83574
5932,black.png,yellow.png,red blue.png,black.png,red left.png,83575
5933,orange.png,orange.png,orange blue.png,green.png,blue left.png,83576
5934,green.png,black.png,green yellow.png,blue.png,yellow right.png,83577
5935,yellow.png,yellow.png,black yellow.png,red.png,orange left.png,83578
5936,blue.png,green.png,orange blue.png,red.png,orange left.png,83579
5937,blue.png,green.png,black yellow.png,red.png,green right.png,83580
5938,green.png,red.png,left black yellow.png,yellow.png,green left.png,83581
5939,orange.png,green.png,multicolor.png,green.png,yellow right.png,83582
5940,blue.png,orange.png,multicolor.png,red.png,black left.png,83583
5941,red.png,red.png,yellow black black yellow.png,black.png,black left.png,83584
5942,red.png,red.png,yellow black black yellow.png,red.png,none.png,83585
5943,green.png,yellow.png,yellow red.png,black.png,blue left.png,83586
5944,red.png,black.png,red blue.png,red.png,orange left.png,83587
5945,orange.png,yellow.png,down black up red.png,blue.png,red left.png,83588
5946,yellow.png,green.png,black yellow.png,red.png,green right.png,83589
5947,red.png,blue.png,black yellow yellow black.png,red.png,black right.png,83590
5948,orange.png,orange.png,orange yellow.png,green.png,orange left.png,83591
5949,orange.png,green.png,yellow red.png,yellow.png,green right.png,83592
5950,black.png,orange.png,orange yellow.png,orange.png,blue right.png,83593
5951,red.png,black.png,yellow black black yellow.png,red.png,blue right.png,83594
5952,yellow.png,black.png,black yellow.png,blue.png,orange left.png,83595
5953,orange.png,green.png,yellow black black yellow.png,red.png,yellow right.png,83596
5954,black.png,green.png,yellow blue.png,orange.png,green left.png,83597
5955,red.png,yellow.png,black red.png,red.png,red left.png,83598
5956,black.png,orange.png,orange blue.png,red.png,green left.png,83599
5957,red.png,blue.png,yellow blue.png,red.png,orange left.png,83600
5958,black.png,orange.png,orange yellow.png,orange.png,yellow left.png,83601
5959,red.png,red.png,black red.png,yellow.png,orange left.png,83602
5960,black.png,green.png,orange yellow.png,green.png,orange right.png,83603
5961,orange.png,black.png,black red.png,black.png,none.png,83604
5962,orange.png,red.png,yellow red.png,blue.png,green right.png,83605
5963,orange.png,yellow.png,left black yellow.png,orange.png,none.png,83606
5964,black.png,green.png,up_and_out black yellow.png,yellow.png,none.png,83607
5965,orange.png,black.png,black red.png,orange.png,orange left.png,83608
5966,blue.png,blue.png,red blue.png,green.png,black left.png,83609
5967,orange.png,green.png,up_and_out black yellow.png,yellow.png,yellow left.png,83610
5968,orange.png,red.png,green red.png,blue.png,yellow left.png,83611
5969,orange.png,orange.png,yellow black black yellow.png,green.png,orange right.png,83612
5970,blue.png,red.png,green yellow.png,yellow.png,green left.png,83613
5971,yellow.png,orange.png,green red.png,black.png,blue left.png,83614
5972,orange.png,green.png,green blue.png,red.png,yellow left.png,83615
5973,red.png,red.png,black yellow.png,red.png,orange left.png,83616
5974,yellow.png,red.png,multicolor.png,orange.png,red left.png,83617
5975,yellow.png,green.png,green blue.png,orange.png,orange left.png,83618
5976,orange.png,red.png,black yellow yellow black.png,green.png,yellow right.png,83619
5977,orange.png,blue.png,black yellow yellow black.png,orange.png,black right.png,83620
5978,green.png,green.png,green blue.png,blue.png,green left.png,83621
5979,yellow.png,green.png,green red.png,red.png,orange left.png,83622
5980,blue.png,red.png,orange yellow.png,black.png,black right.png,83623
5981,green.png,red.png,yellow blue.png,black.png,yellow left.png,83624
5982,black.png,yellow.png,black red.png,orange.png,none.png,83625
5983,orange.png,green.png,multicolor.png,red.png,black left.png,83626
5984,red.png,blue.png,orange yellow.png,red.png,black left.png,83627
5985,black.png,black.png,black yellow.png,black.png,green right.png,83628
5986,blue.png,orange.png,up_and_out black yellow.png,red.png,green left.png,83629
5987,blue.png,blue.png,left black yellow.png,green.png,yellow right.png,83630
5988,red.png,red.png,yellow green blue.png,blue.png,none.png,83631
5989,red.png,green.png,red blue.png,green.png,none.png,83632
5990,green.png,blue.png,green yellow.png,green.png,green left.png,83633
5991,red.png,black.png,green red.png,yellow.png,blue left.png,83634
5992,black.png,green.png,red blue.png,green.png,yellow right.png,83635
5993,green.png,blue.png,orange blue.png,green.png,orange right.png,83636
5994,green.png,blue.png,green yellow.png,green.png,orange left.png,83637
5995,black.png,green.png,green yellow.png,green.png,yellow left.png,83638
5996,blue.png,orange.png,yellow green blue.png,black.png,orange left.png,83639
5997,green.png,orange.png,yellow red.png,blue.png,black right.png,83640
5998,orange.png,green.png,down black up red.png,black.png,green left.png,83641
5999,black.png,yellow.png,orange yellow.png,red.png,none.png,83642
6000,orange.png,blue.png,yellow black black yellow.png,black.png,none.png,83643
6001,blue.png,black.png,green blue.png,orange.png,black right.png,83644
6002,green.png,green.png,green yellow.png,blue.png,red left.png,83645
6003,black.png,yellow.png,up_and_out black yellow.png,yellow.png,black left.png,83646
6004,blue.png,black.png,yellow blue.png,yellow.png,green right.png,83647
6005,black.png,black.png,left black yellow.png,yellow.png,blue left.png,83648
6006,blue.png,yellow.png,down black up red.png,yellow.png,none.png,83649
6007,blue.png,blue.png,black yellow.png,green.png,blue right.png,83650
6008,red.png,red.png,multicolor.png,orange.png,yellow left.png,83651
6009,red.png,black.png,black red.png,yellow.png,yellow right.png,83652
6010,red.png,blue.png,left black yellow.png,black.png,green right.png,83653
6011,orange.png,red.png,green blue.png,orange.png,blue right.png,83654
6012,orange.png,blue.png,green blue.png,blue.png,yellow right.png,83655
6013,black.png,green.png,green red.png,red.png,blue right.png,83656
6014,orange.png,blue.png,black red.png,red.png,orange left.png,83657
6015,yellow.png,green.png,yellow blue.png,black.png,blue left.png,83658
6016,black.png,yellow.png,yellow blue.png,black.png,black left.png,83659
6017,green.png,green.png,orange blue.png,yellow.png,green left.png,83660
6018,black.png,yellow.png,green blue.png,black.png,yellow right.png,83661
6019,yellow.png,red.png,orange yellow.png,blue.png,black right.png,83662
6020,black.png,orange.png,blue red.png,black.png,black left.png,83663
6021,green.png,green.png,green red.png,blue.png,yellow right.png,83664
6022,orange.png,green.png,red blue.png,green.png,green left.png,83665
6023,green.png,yellow.png,green blue.png,blue.png,orange right.png,83666
6024,black.png,red.png,blue red.png,orange.png,yellow left.png,83667
6025,blue.png,orange.png,green red.png,black.png,blue left.png,83668
6026,yellow.png,green.png,yellow green blue.png,red.png,green right.png,83669
6027,red.png,orange.png,yellow red.png,red.png,orange left.png,83670
6028,blue.png,yellow.png,green blue.png,yellow.png,orange left.png,83671
6029,black.png,red.png,red blue.png,red.png,yellow left.png,83672
6030,black.png,blue.png,black yellow.png,black.png,orange left.png,83673
6031,orange.png,green.png,yellow blue.png,blue.png,orange left.png,83674
6032,yellow.png,green.png,yellow black black yellow.png,blue.png,none.png,83675
6033,orange.png,blue.png,orange yellow.png,green.png,red left.png,83676
6034,green.png,orange.png,up_and_out black yellow.png,orange.png,none.png,83677
6035,yellow.png,green.png,yellow red.png,green.png,red left.png,83678
6036,black.png,orange.png,orange blue.png,black.png,yellow left.png,83679
6037,blue.png,yellow.png,orange blue.png,green.png,green right.png,83680
6038,red.png,black.png,red blue.png,red.png,yellow left.png,83681
6039,yellow.png,yellow.png,black red.png,blue.png,yellow right.png,83682
6040,black.png,green.png,black yellow.png,blue.png,red left.png,83683
6041,black.png,red.png,yellow blue.png,black.png,green left.png,83684
6042,green.png,yellow.png,green yellow.png,blue.png,orange left.png,83685
6043,orange.png,blue.png,blue red.png,red.png,red left.png,83686
6044,green.png,yellow.png,multicolor.png,blue.png,blue right.png,83687
6045,yellow.png,red.png,yellow blue.png,blue.png,yellow left.png,83688
6046,yellow.png,green.png,green red.png,black.png,green right.png,83689
6047,black.png,orange.png,black yellow.png,orange.png,blue right.png,83690
6048,green.png,blue.png,up_and_out black yellow.png,orange.png,orange right.png,83691
6049,black.png,yellow.png,black yellow.png,yellow.png,blue right.png,83692
6050,red.png,orange.png,green blue.png,black.png,none.png,83693
6051,blue.png,orange.png,multicolor.png,green.png,black left.png,83694
6052,green.png,black.png,green blue.png,green.png,blue right.png,83695
6053,red.png,blue.png,green red.png,black.png,orange right.png,83696
6054,black.png,red.png,multicolor.png,blue.png,red left.png,83697
6055,blue.png,orange.png,up_and_out black yellow.png,red.png,none.png,83698
6056,red.png,orange.png,green yellow.png,black.png,none.png,83699
6057,yellow.png,blue.png,green red.png,red.png,orange left.png,83700
6058,red.png,blue.png,multicolor.png,red.png,green left.png,83701
6059,blue.png,yellow.png,orange blue.png,black.png,black right.png,83702
6060,red.png,blue.png,orange blue.png,red.png,orange right.png,83703
6061,orange.png,yellow.png,yellow blue.png,black.png,green right.png,83704
6062,yellow.png,red.png,orange blue.png,red.png,orange left.png,83705
6063,black.png,orange.png,yellow green blue.png,green.png,black right.png,83706
6064,green.png,orange.png,up_and_out black yellow.png,black.png,red left.png,83707
6065,blue.png,orange.png,green red.png,blue.png,green right.png,83708
6066,orange.png,green.png,orange blue.png,green.png,orange left.png,83709
6067,yellow.png,yellow.png,orange blue.png,blue.png,red left.png,83710
6068,blue.png,red.png,yellow black black yellow.png,black.png,black right.png,83711
6069,blue.png,black.png,orange blue.png,orange.png,yellow right.png,83712
6070,green.png,green.png,orange yellow.png,green.png,yellow right.png,83713
6071,orange.png,yellow.png,yellow red.png,green.png,blue left.png,83714
6072,yellow.png,yellow.png,yellow blue.png,black.png,green left.png,83715
6073,black.png,black.png,blue red.png,blue.png,orange left.png,83716
6074,black.png,green.png,green yellow.png,green.png,black right.png,83717
6075,black.png,green.png,orange yellow.png,orange.png,orange right.png,83718
6076,black.png,green.png,black yellow yellow black.png,black.png,green right.png,83719
6077,black.png,black.png,yellow red.png,orange.png,orange right.png,83720
6078,black.png,orange.png,orange yellow.png,blue.png,orange right.png,83721
6079,black.png,yellow.png,black yellow.png,blue.png,yellow right.png,83722
6080,black.png,red.png,orange blue.png,green.png,green right.png,83723
6081,orange.png,black.png,orange blue.png,blue.png,black right.png,83724
6082,green.png,black.png,black yellow yellow black.png,orange.png,black left.png,83725
6083,blue.png,green.png,black yellow.png,blue.png,yellow left.png,83726
6084,blue.png,black.png,orange blue.png,blue.png,blue right.png,83727
6085,blue.png,green.png,green red.png,yellow.png,blue left.png,83728
6086,blue.png,blue.png,yellow blue.png,orange.png,blue left.png,83729
6087,orange.png,green.png,green red.png,red.png,black left.png,83730
6088,black.png,orange.png,green yellow.png,orange.png,green left.png,83731
6089,black.png,blue.png,down black up red.png,orange.png,green left.png,83732
6090,yellow.png,green.png,red blue.png,blue.png,blue left.png,83733
6091,black.png,blue.png,yellow green blue.png,orange.png,yellow left.png,83734
6092,blue.png,black.png,yellow green blue.png,blue.png,red left.png,83735
6093,yellow.png,yellow.png,left black yellow.png,yellow.png,orange left.png,83736
6094,yellow.png,green.png,yellow green blue.png,red.png,yellow right.png,83737
6095,orange.png,green.png,blue red.png,black.png,black left.png,83738
6096,yellow.png,red.png,yellow red.png,yellow.png,green left.png,83739
6097,blue.png,blue.png,green red.png,blue.png,blue left.png,83740
6098,green.png,black.png,green yellow.png,black.png,blue right.png,83741
6099,blue.png,red.png,up_and_out black yellow.png,green.png,none.png,83742
6100,black.png,green.png,left black yellow.png,yellow.png,red left.png,83743
6101,red.png,yellow.png,green blue.png,yellow.png,red left.png,83744
6102,blue.png,blue.png,black red.png,red.png,yellow left.png,83745
6103,blue.png,yellow.png,multicolor.png,red.png,none.png,83746
6104,black.png,orange.png,black yellow.png,black.png,black left.png,83747
6105,orange.png,blue.png,yellow blue.png,black.png,green left.png,83748
6106,black.png,black.png,black yellow yellow black.png,orange.png,blue left.png,83749
6107,orange.png,green.png,black red.png,yellow.png,orange left.png,83750
6108,black.png,orange.png,red blue.png,green.png,blue left.png,83751
6109,green.png,orange.png,yellow black black yellow.png,blue.png,green right.png,83752
6110,red.png,yellow.png,yellow green blue.png,orange.png,blue right.png,83753
6111,red.png,yellow.png,blue red.png,orange.png,green left.png,83754
6112,black.png,red.png,orange blue.png,orange.png,green right.png,83755
6113,blue.png,green.png,down black up red.png,green.png,blue right.png,83756
6114,black.png,red.png,orange blue.png,black.png,black left.png,83757
6115,black.png,blue.png,blue red.png,green.png,black left.png,83758
6116,orange.png,blue.png,yellow black black yellow.png,green.png,orange right.png,83759
6117,yellow.png,orange.png,blue red.png,blue.png,green left.png,83760
6118,blue.png,orange.png,yellow green blue.png,black.png,none.png,83761
6119,orange.png,yellow.png,orange blue.png,orange.png,blue right.png,83762
6120,blue.png,orange.png,orange yellow.png,green.png,orange left.png,83763
6121,red.png,red.png,yellow black black yellow.png,orange.png,blue right.png,83764
6122,red.png,orange.png,yellow blue.png,yellow.png,blue right.png,83765
6123,yellow.png,green.png,blue red.png,red.png,black left.png,83766
6124,green.png,yellow.png,green red.png,green.png,orange right.png,83767
6125,orange.png,blue.png,green blue.png,orange.png,none.png,83768
6126,yellow.png,yellow.png,green blue.png,blue.png,yellow right.png,83769
6127,green.png,blue.png,green blue.png,black.png,orange right.png,83770
6128,blue.png,blue.png,orange blue.png,orange.png,yellow left.png,83771
6129,orange.png,yellow.png,green blue.png,orange.png,green right.png,83772
6130,black.png,green.png,left black yellow.png,red.png,green right.png,83773
6131,green.png,blue.png,green red.png,blue.png,orange left.png,83774
6132,green.png,yellow.png,red blue.png,orange.png,blue right.png,83775
6133,blue.png,yellow.png,green blue.png,orange.png,black left.png,83776
6134,red.png,green.png,red blue.png,green.png,green left.png,83777
6135,yellow.png,red.png,black yellow yellow black.png,red.png,black right.png,83778
6136,orange.png,red.png,red blue.png,blue.png,orange left.png,83779
6137,red.png,blue.png,orange yellow.png,yellow.png,green right.png,83780
6138,orange.png,blue.png,yellow blue.png,blue.png,black right.png,83781
6139,green.png,yellow.png,green yellow.png,black.png,black left.png,83782
6140,yellow.png,yellow.png,green red.png,green.png,blue left.png,83783
6141,black.png,yellow.png,black yellow yellow black.png,yellow.png,red left.png,83784
6142,green.png,black.png,yellow blue.png,orange.png,green right.png,83785
6143,red.png,green.png,red blue.png,blue.png,black left.png,83786
6144,orange.png,black.png,red blue.png,blue.png,yellow left.png,83787
6145,red.png,blue.png,orange yellow.png,green.png,orange left.png,83788
6146,green.png,red.png,green blue.png,orange.png,green right.png,83789
6147,red.png,red.png,yellow green blue.png,green.png,red left.png,83790
6148,blue.png,blue.png,black yellow.png,green.png,green right.png,83791
6149,green.png,red.png,yellow black black yellow.png,yellow.png,none.png,83792
6150,orange.png,orange.png,left black yellow.png,orange.png,orange right.png,83793
6151,blue.png,black.png,down black up red.png,yellow.png,yellow right.png,83794
6152,black.png,green.png,yellow green blue.png,yellow.png,orange left.png,83795
6153,green.png,black.png,black red.png,orange.png,black right.png,83796
6154,orange.png,yellow.png,yellow red.png,black.png,orange left.png,83797
6155,green.png,green.png,down black up red.png,orange.png,blue left.png,83798
6156,red.png,green.png,yellow black black yellow.png,black.png,yellow right.png,83799
6157,black.png,blue.png,yellow black black yellow.png,orange.png,green left.png,83800
6158,blue.png,orange.png,black yellow.png,blue.png,green left.png,83801
6159,black.png,black.png,multicolor.png,yellow.png,yellow left.png,83802
6160,blue.png,orange.png,black yellow yellow black.png,black.png,orange right.png,83803
6161,yellow.png,red.png,up_and_out black yellow.png,orange.png,blue left.png,83804
6162,yellow.png,blue.png,down black up red.png,blue.png,orange left.png,83805
6163,yellow.png,blue.png,up_and_out black yellow.png,yellow.png,yellow right.png,83806
6164,red.png,black.png,black yellow yellow black.png,yellow.png,yellow left.png,83807
6165,orange.png,orange.png,black red.png,yellow.png,blue left.png,83808
6166,red.png,orange.png,yellow green blue.png,green.png,blue left.png,83809
6167,orange.png,black.png,green red.png,blue.png,black left.png,83810
6168,yellow.png,red.png,green yellow.png,black.png,none.png,83811
6169,blue.png,red.png,left black yellow.png,black.png,orange left.png,83812
6170,red.png,orange.png,black red.png,green.png,blue left.png,83813
6171,black.png,red.png,yellow blue.png,orange.png,orange right.png,83814
6172,yellow.png,yellow.png,multicolor.png,blue.png,none.png,83815
6173,black.png,orange.png,down black up red.png,black.png,green right.png,83816
6174,green.png,red.png,blue red.png,yellow.png,green right.png,83817
6175,red.png,red.png,red blue.png,orange.png,black left.png,83818
6176,orange.png,green.png,yellow blue.png,blue.png,yellow left.png,83819
6177,black.png,orange.png,left black yellow.png,green.png,green right.png,83820
6178,blue.png,red.png,orange blue.png,red.png,black left.png,83821
6179,red.png,yellow.png,down black up red.png,black.png,green right.png,83822
6180,blue.png,blue.png,black yellow.png,green.png,none.png,83823
6181,orange.png,blue.png,yellow red.png,black.png,black right.png,83824
6182,orange.png,green.png,yellow red.png,blue.png,blue left.png,83825
6183,yellow.png,red.png,black red.png,yellow.png,yellow right.png,83826
6184,orange.png,green.png,black yellow.png,orange.png,black right.png,83827
6185,black.png,black.png,green blue.png,black.png,orange left.png,83828
6186,red.png,green.png,green red.png,green.png,black left.png,83829
6187,red.png,black.png,green red.png,blue.png,orange right.png,83830
6188,black.png,green.png,yellow red.png,black.png,none.png,83831
6189,orange.png,red.png,green blue.png,red.png,red left.png,83832
6190,red.png,yellow.png,yellow green blue.png,yellow.png,black right.png,83833
6191,blue.png,black.png,multicolor.png,blue.png,blue right.png,83834
6192,black.png,black.png,up_and_out black yellow.png,black.png,black right.png,83835
6193,green.png,yellow.png,down black up red.png,blue.png,yellow right.png,83836
6194,green.png,red.png,green yellow.png,orange.png,yellow left.png,83837
6195,blue.png,yellow.png,green blue.png,red.png,none.png,83838
6196,red.png,blue.png,blue red.png,orange.png,black left.png,83839
6197,black.png,blue.png,down black up red.png,yellow.png,green left.png,83840
6198,orange.png,green.png,down black up red.png,orange.png,blue right.png,83841
6199,yellow.png,green.png,left black yellow.png,orange.png,black right.png,83842
6200,blue.png,black.png,green red.png,orange.png,yellow left.png,83843
6201,yellow.png,red.png,blue red.png,orange.png,green right.png,83844
6202,yellow.png,blue.png,red blue.png,yellow.png,black left.png,83845
6203,black.png,black.png,black red.png,blue.png,blue left.png,83846
6204,blue.png,blue.png,yellow blue.png,blue.png,orange left.png,83847
6205,red.png,blue.png,orange blue.png,blue.png,black right.png,83848
6206,blue.png,blue.png,orange blue.png,orange.png,none.png,83849
6207,black.png,yellow.png,orange yellow.png,blue.png,yellow left.png,83850
6208,red.png,red.png,green blue.png,orange.png,blue left.png,83851
6209,green.png,blue.png,green blue.png,black.png,black right.png,83852
6210,orange.png,red.png,yellow red.png,red.png,green right.png,83853
6211,green.png,green.png,red blue.png,green.png,green right.png,83854
6212,black.png,black.png,black yellow.png,yellow.png,blue right.png,83855
6213,red.png,blue.png,orange yellow.png,orange.png,orange right.png,83856
6214,orange.png,blue.png,up_and_out black yellow.png,red.png,orange right.png,83857
6215,blue.png,black.png,black yellow yellow black.png,yellow.png,blue left.png,83858
6216,black.png,orange.png,down black up red.png,orange.png,green left.png,83859
6217,red.png,yellow.png,orange yellow.png,blue.png,black right.png,83860
6218,blue.png,green.png,black yellow.png,green.png,black left.png,83861
6219,green.png,red.png,up_and_out black yellow.png,black.png,none.png,83862
6220,green.png,orange.png,orange yellow.png,blue.png,blue left.png,83863
6221,green.png,green.png,down black up red.png,green.png,black left.png,83864
6222,yellow.png,green.png,yellow red.png,green.png,green left.png,83865
6223,red.png,green.png,yellow red.png,red.png,none.png,83866
6224,yellow.png,green.png,red blue.png,green.png,green left.png,83867
6225,orange.png,yellow.png,yellow black black yellow.png,orange.png,yellow left.png,83868
6226,yellow.png,green.png,orange blue.png,yellow.png,green right.png,83869
6227,yellow.png,red.png,up_and_out black yellow.png,black.png,yellow left.png,83870
6228,black.png,orange.png,yellow blue.png,red.png,black left.png,83871
6229,red.png,black.png,blue red.png,blue.png,black right.png,83872
6230,yellow.png,red.png,up_and_out black yellow.png,yellow.png,yellow right.png,83873
6231,black.png,yellow.png,red blue.png,blue.png,orange right.png,83874
6232,black.png,red.png,left black yellow.png,yellow.png,black left.png,83875
6233,yellow.png,orange.png,blue red.png,orange.png,yellow left.png,83876
6234,yellow.png,red.png,green yellow.png,green.png,black left.png,83877
6235,blue.png,yellow.png,orange blue.png,yellow.png,yellow right.png,83878
6236,green.png,yellow.png,red blue.png,orange.png,orange left.png,83879
6237,black.png,green.png,red blue.png,black.png,blue left.png,83880
6238,green.png,orange.png,orange blue.png,orange.png,blue right.png,83881
6239,yellow.png,blue.png,yellow green blue.png,red.png,yellow left.png,83882
6240,black.png,green.png,black yellow.png,black.png,green left.png,83883
6241,black.png,red.png,yellow black black yellow.png,red.png,green left.png,83884
6242,yellow.png,green.png,black red.png,yellow.png,yellow right.png,83885
6243,yellow.png,orange.png,up_and_out black yellow.png,red.png,green left.png,83886
6244,red.png,green.png,blue red.png,black.png,black right.png,83887
6245,red.png,green.png,yellow blue.png,blue.png,black right.png,83888
6246,orange.png,yellow.png,multicolor.png,green.png,blue left.png,83889
6247,red.png,black.png,orange blue.png,black.png,orange left.png,83890
6248,green.png,yellow.png,yellow red.png,black.png,blue right.png,83891
6249,yellow.png,black.png,black red.png,blue.png,green left.png,83892
6250,yellow.png,yellow.png,down black up red.png,red.png,black left.png,83893
6251,orange.png,yellow.png,black yellow yellow black.png,orange.png,none.png,83894
6252,blue.png,black.png,green blue.png,blue.png,blue left.png,83895
6253,green.png,yellow.png,yellow green blue.png,orange.png,green right.png,83896
6254,yellow.png,black.png,yellow green blue.png,black.png,yellow left.png,83897
6255,black.png,orange.png,red blue.png,yellow.png,blue left.png,83898
6256,blue.png,green.png,red blue.png,orange.png,red left.png,83899
6257,yellow.png,yellow.png,yellow red.png,black.png,none.png,83900
6258,blue.png,red.png,yellow blue.png,black.png,yellow left.png,83901
6259,black.png,orange.png,yellow red.png,red.png,black right.png,83902
6260,black.png,orange.png,yellow blue.png,black.png,orange left.png,83903
6261,yellow.png,blue.png,yellow red.png,blue.png,yellow right.png,83904
6262,orange.png,green.png,red blue.png,black.png,orange right.png,83905
6263,red.png,yellow.png,black yellow yellow black.png,orange.png,yellow right.png,83906
6264,yellow.png,orange.png,yellow green blue.png,yellow.png,green right.png,83907
6265,red.png,black.png,black yellow.png,blue.png,blue left.png,83908
6266,yellow.png,red.png,yellow green blue.png,yellow.png,none.png,83909
6267,red.png,green.png,yellow green blue.png,yellow.png,yellow left.png,83910
6268,orange.png,black.png,black red.png,black.png,yellow left.png,83911
6269,green.png,green.png,black yellow.png,blue.png,green right.png,83912
6270,black.png,yellow.png,yellow red.png,green.png,black right.png,83913
6271,yellow.png,red.png,down black up red.png,blue.png,red left.png,83914
6272,black.png,black.png,left black yellow.png,orange.png,orange left.png,83915
6273,black.png,green.png,green red.png,black.png,blue left.png,83916
6274,yellow.png,black.png,yellow red.png,green.png,orange right.png,83917
6275,green.png,orange.png,orange blue.png,blue.png,black right.png,83918
6276,yellow.png,black.png,orange yellow.png,orange.png,blue left.png,83919
6277,red.png,green.png,black yellow.png,blue.png,yellow right.png,83920
6278,green.png,green.png,left black yellow.png,yellow.png,yellow right.png,83921
6279,black.png,yellow.png,black yellow.png,yellow.png,yellow left.png,83922
6280,green.png,black.png,red blue.png,orange.png,blue left.png,83923
6281,black.png,black.png,green blue.png,orange.png,black left.png,83924
6282,black.png,green.png,yellow red.png,green.png,black left.png,83925
6283,red.png,black.png,orange blue.png,red.png,orange left.png,83926
6284,black.png,orange.png,left black yellow.png,black.png,red left.png,83927
6285,green.png,red.png,red blue.png,green.png,green right.png,83928
6286,black.png,green.png,yellow green blue.png,black.png,yellow left.png,83929
6287,orange.png,yellow.png,orange yellow.png,red.png,blue right.png,83930
6288,red.png,black.png,down black up red.png,blue.png,yellow right.png,83931
6289,red.png,orange.png,yellow green blue.png,green.png,black right.png,83932
6290,orange.png,blue.png,green red.png,red.png,orange left.png,83933
6291,orange.png,blue.png,yellow red.png,yellow.png,blue left.png,83934
6292,black.png,orange.png,yellow green blue.png,red.png,yellow left.png,83935
6293,red.png,green.png,black yellow yellow black.png,blue.png,black left.png,83936
6294,yellow.png,yellow.png,orange yellow.png,red.png,orange left.png,83937
6295,orange.png,orange.png,green yellow.png,orange.png,yellow left.png,83938
6296,yellow.png,green.png,red blue.png,green.png,green right.png,83939
6297,red.png,black.png,black yellow yellow black.png,green.png,orange right.png,83940
6298,green.png,green.png,yellow green blue.png,green.png,orange right.png,83941
6299,black.png,green.png,black yellow.png,yellow.png,black left.png,83942
6300,blue.png,red.png,green red.png,red.png,none.png,83943
6301,blue.png,black.png,green red.png,yellow.png,blue right.png,83944
6302,orange.png,yellow.png,black yellow.png,black.png,green left.png,83945
6303,red.png,blue.png,yellow red.png,black.png,yellow right.png,83946
6304,red.png,blue.png,black red.png,yellow.png,yellow left.png,83947
6305,orange.png,orange.png,green blue.png,green.png,orange right.png,83948
6306,blue.png,green.png,blue red.png,black.png,green right.png,83949
6307,black.png,red.png,black yellow yellow black.png,red.png,blue left.png,83950
6308,blue.png,green.png,yellow green blue.png,orange.png,red left.png,83951
6309,black.png,yellow.png,green red.png,blue.png,black right.png,83952
6310,black.png,blue.png,black red.png,black.png,yellow right.png,83953
6311,blue.png,black.png,yellow red.png,blue.png,none.png,83954
6312,orange.png,blue.png,blue red.png,red.png,orange right.png,83955
6313,green.png,green.png,black yellow yellow black.png,red.png,black left.png,83956
6314,yellow.png,green.png,yellow blue.png,orange.png,green right.png,83957
6315,blue.png,black.png,yellow blue.png,red.png,orange right.png,83958
6316,red.png,blue.png,orange blue.png,green.png,black right.png,83959
6317,black.png,green.png,up_and_out black yellow.png,green.png,blue left.png,83960
6318,red.png,red.png,black red.png,black.png,black left.png,83961
6319,blue.png,blue.png,black yellow.png,black.png,green right.png,83962
6320,red.png,blue.png,black yellow yellow black.png,green.png,blue left.png,83963
6321,yellow.png,blue.png,green red.png,blue.png,yellow right.png,83964
6322,orange.png,red.png,down black up red.png,yellow.png,blue left.png,83965
6323,green.png,blue.png,up_and_out black yellow.png,green.png,yellow right.png,83966
6324,yellow.png,black.png,multicolor.png,blue.png,green right.png,83967
6325,black.png,yellow.png,orange yellow.png,green.png,black left.png,83968
6326,black.png,yellow.png,yellow green blue.png,yellow.png,blue left.png,83969
6327,black.png,blue.png,up_and_out black yellow.png,black.png,black left.png,83970
6328,red.png,orange.png,yellow blue.png,red.png,orange left.png,83971
6329,yellow.png,yellow.png,left black yellow.png,yellow.png,red left.png,83972
6330,blue.png,orange.png,black yellow.png,orange.png,red left.png,83973
6331,red.png,red.png,multicolor.png,black.png,black right.png,83974
6332,green.png,orange.png,yellow red.png,black.png,orange right.png,83975
6333,yellow.png,red.png,green red.png,orange.png,red left.png,83976
6334,black.png,yellow.png,down black up red.png,orange.png,red left.png,83977
6335,red.png,yellow.png,up_and_out black yellow.png,orange.png,blue left.png,83978
6336,green.png,black.png,yellow red.png,black.png,black right.png,83979
6337,green.png,blue.png,green yellow.png,orange.png,red left.png,83980
6338,yellow.png,black.png,orange blue.png,blue.png,green left.png,83981
6339,blue.png,yellow.png,blue red.png,blue.png,yellow right.png,83982
6340,orange.png,yellow.png,up_and_out black yellow.png,yellow.png,black left.png,83983
6341,black.png,black.png,orange blue.png,orange.png,red left.png,83984
6342,black.png,yellow.png,yellow red.png,red.png,black right.png,83985
6343,blue.png,blue.png,down black up red.png,red.png,orange right.png,83986
6344,yellow.png,black.png,yellow black black yellow.png,blue.png,orange right.png,83987
6345,yellow.png,blue.png,red blue.png,yellow.png,orange right.png,83988
6346,green.png,black.png,green yellow.png,red.png,red left.png,83989
6347,green.png,red.png,yellow red.png,orange.png,red left.png,83990
6348,orange.png,orange.png,green red.png,orange.png,blue left.png,83991
6349,orange.png,yellow.png,multicolor.png,green.png,yellow left.png,83992
6350,black.png,blue.png,green yellow.png,green.png,blue left.png,83993
6351,blue.png,green.png,green yellow.png,green.png,green left.png,83994
6352,black.png,yellow.png,yellow blue.png,black.png,red left.png,83995
6353,black.png,orange.png,green blue.png,yellow.png,green right.png,83996
6354,red.png,blue.png,red blue.png,green.png,black right.png,83997
6355,orange.png,red.png,black yellow.png,red.png,green left.png,83998
6356,blue.png,orange.png,down black up red.png,blue.png,black left.png,83999
6357,red.png,red.png,black yellow.png,yellow.png,black left.png,84000
6358,black.png,green.png,down black up red.png,yellow.png,black right.png,84001
6359,orange.png,yellow.png,black red.png,green.png,red left.png,84002
6360,green.png,yellow.png,orange yellow.png,green.png,yellow left.png,84003
6361,green.png,orange.png,red blue.png,green.png,none.png,84004
6362,yellow.png,red.png,yellow blue.png,yellow.png,orange right.png,84005
6363,yellow.png,yellow.png,green red.png,yellow.png,black left.png,84006
6364,yellow.png,yellow.png,left black yellow.png,blue.png,orange right.png,84007
6365,red.png,blue.png,yellow green blue.png,blue.png,yellow right.png,84008
6366,orange.png,yellow.png,black yellow yellow black.png,red.png,yellow right.png,84009
6367,yellow.png,black.png,green red.png,blue.png,yellow left.png,84010
6368,blue.png,green.png,blue red.png,red.png,black right.png,84011
6369,black.png,green.png,green blue.png,black.png,blue right.png,84012
6370,orange.png,black.png,orange yellow.png,black.png,green left.png,84013
6371,orange.png,blue.png,orange blue.png,orange.png,orange left.png,84014
6372,orange.png,red.png,green blue.png,black.png,orange right.png,84015
6373,blue.png,blue.png,yellow red.png,yellow.png,yellow left.png,84016
6374,blue.png,orange.png,green blue.png,orange.png,black left.png,84017
6375,yellow.png,yellow.png,yellow black black yellow.png,red.png,black left.png,84018
6376,yellow.png,red.png,left black yellow.png,red.png,blue right.png,84019
6377,green.png,green.png,yellow black black yellow.png,orange.png,blue right.png,84020
6378,orange.png,yellow.png,green yellow.png,green.png,none.png,84021
6379,red.png,green.png,orange yellow.png,blue.png,none.png,84022
6380,yellow.png,orange.png,blue red.png,green.png,red left.png,84023
6381,black.png,red.png,down black up red.png,black.png,none.png,84024
6382,orange.png,yellow.png,yellow blue.png,yellow.png,orange right.png,84025
6383,orange.png,blue.png,left black yellow.png,green.png,orange right.png,84026
6384,yellow.png,green.png,down black up red.png,green.png,orange right.png,84027
6385,green.png,green.png,orange yellow.png,green.png,yellow left.png,84028
6386,green.png,green.png,green blue.png,black.png,blue left.png,84029
6387,green.png,red.png,down black up red.png,yellow.png,green right.png,84030
6388,black.png,green.png,black red.png,red.png,red left.png,84031
6389,yellow.png,yellow.png,down black up red.png,blue.png,yellow left.png,84032
6390,orange.png,blue.png,yellow red.png,green.png,green right.png,84033
6391,black.png,blue.png,yellow red.png,green.png,black right.png,84034
6392,black.png,blue.png,black red.png,red.png,green left.png,84035
6393,yellow.png,orange.png,orange yellow.png,orange.png,blue left.png,84036
6394,orange.png,yellow.png,black red.png,yellow.png,black left.png,84037
6395,black.png,blue.png,left black yellow.png,yellow.png,red left.png,84038
6396,black.png,red.png,black red.png,red.png,yellow right.png,84039
6397,black.png,yellow.png,green red.png,red.png,yellow right.png,84040
6398,orange.png,blue.png,yellow blue.png,blue.png,yellow left.png,84041
6399,red.png,green.png,orange yellow.png,red.png,black right.png,84042
6400,green.png,red.png,yellow black black yellow.png,orange.png,yellow left.png,84043
6401,yellow.png,green.png,yellow red.png,green.png,black right.png,84044
6402,orange.png,orange.png,yellow black black yellow.png,blue.png,green left.png,84045
6403,yellow.png,blue.png,left black yellow.png,black.png,none.png,84046
6404,blue.png,red.png,left black yellow.png,blue.png,red left.png,84047
6405,black.png,red.png,left black yellow.png,orange.png,black left.png,84048
6406,red.png,blue.png,yellow red.png,blue.png,orange right.png,84049
6407,orange.png,yellow.png,green blue.png,red.png,yellow right.png,84050
6408,red.png,red.png,orange blue.png,orange.png,none.png,84051
6409,orange.png,orange.png,blue red.png,green.png,blue left.png,84052
6410,yellow.png,black.png,green red.png,green.png,none.png,84053
6411,orange.png,red.png,yellow green blue.png,red.png,green left.png,84054
6412,red.png,orange.png,yellow red.png,red.png,green left.png,84055
6413,yellow.png,black.png,down black up red.png,orange.png,yellow left.png,84056
6414,red.png,green.png,down black up red.png,orange.png,green left.png,84057
6415,orange.png,blue.png,orange blue.png,blue.png,orange left.png,84058
6416,red.png,green.png,orange yellow.png,green.png,none.png,84059
6417,yellow.png,yellow.png,green yellow.png,green.png,orange right.png,84060
6418,orange.png,green.png,black red.png,red.png,none.png,84061
6419,green.png,blue.png,orange yellow.png,green.png,black left.png,84062
6420,black.png,green.png,yellow red.png,black.png,yellow left.png,84063
6421,green.png,blue.png,black yellow yellow black.png,red.png,green left.png,84064
6422,orange.png,yellow.png,yellow green blue.png,red.png,blue left.png,84065
6423,yellow.png,blue.png,yellow red.png,black.png,black right.png,84066
6424,orange.png,yellow.png,black yellow yellow black.png,black.png,orange right.png,84067
6425,yellow.png,blue.png,red blue.png,blue.png,green right.png,84068
6426,orange.png,blue.png,black yellow.png,yellow.png,none.png,84069
6427,red.png,orange.png,yellow green blue.png,black.png,none.png,84070
6428,orange.png,orange.png,left black yellow.png,blue.png,black left.png,84071
6429,blue.png,yellow.png,yellow black black yellow.png,yellow.png,blue left.png,84072
6430,black.png,yellow.png,orange yellow.png,blue.png,green right.png,84073
6431,black.png,orange.png,yellow green blue.png,black.png,blue left.png,84074
6432,red.png,red.png,yellow green blue.png,orange.png,orange right.png,84075
6433,yellow.png,red.png,orange yellow.png,yellow.png,blue left.png,84076
6434,black.png,orange.png,black yellow.png,green.png,yellow right.png,84077
6435,yellow.png,red.png,black red.png,red.png,none.png,84078
6436,green.png,black.png,yellow red.png,blue.png,orange left.png,84079
6437,blue.png,green.png,green blue.png,green.png,orange left.png,84080
6438,green.png,blue.png,blue red.png,blue.png,green right.png,84081
6439,green.png,blue.png,green yellow.png,red.png,orange left.png,84082
6440,blue.png,orange.png,yellow red.png,blue.png,yellow left.png,84083
6441,black.png,blue.png,black yellow.png,red.png,blue right.png,84084
6442,yellow.png,yellow.png,yellow red.png,red.png,blue left.png,84085
6443,orange.png,yellow.png,multicolor.png,green.png,yellow right.png,84086
6444,red.png,yellow.png,down black up red.png,blue.png,orange right.png,84087
6445,green.png,yellow.png,blue red.png,black.png,red left.png,84088
6446,yellow.png,black.png,down black up red.png,yellow.png,red left.png,84089
6447,black.png,black.png,green red.png,orange.png,yellow left.png,84090
6448,red.png,yellow.png,black yellow.png,blue.png,orange left.png,84091
6449,yellow.png,orange.png,up_and_out black yellow.png,black.png,green right.png,84092
6450,red.png,black.png,blue red.png,green.png,black left.png,84093
6451,yellow.png,yellow.png,green blue.png,blue.png,black left.png,84094
6452,orange.png,green.png,black yellow.png,red.png,black right.png,84095
6453,yellow.png,green.png,black yellow yellow black.png,orange.png,black left.png,84096
6454,red.png,yellow.png,orange yellow.png,orange.png,yellow left.png,84097
6455,yellow.png,orange.png,yellow red.png,black.png,green left.png,84098
6456,black.png,orange.png,black yellow.png,orange.png,green left.png,84099
6457,blue.png,blue.png,black yellow.png,yellow.png,black left.png,84100
6458,blue.png,orange.png,black yellow.png,red.png,blue right.png,84101
6459,blue.png,black.png,green red.png,orange.png,none.png,84102
6460,green.png,black.png,orange yellow.png,yellow.png,red left.png,84103
6461,blue.png,yellow.png,red blue.png,red.png,black right.png,84104
6462,blue.png,red.png,red blue.png,blue.png,red left.png,84105
6463,green.png,orange.png,green blue.png,green.png,green right.png,84106
6464,orange.png,red.png,green yellow.png,green.png,green left.png,84107
6465,red.png,yellow.png,blue red.png,black.png,blue right.png,84108
6466,red.png,red.png,black yellow yellow black.png,black.png,blue right.png,84109
6467,blue.png,green.png,yellow red.png,yellow.png,orange left.png,84110
6468,red.png,orange.png,red blue.png,green.png,yellow left.png,84111
6469,red.png,blue.png,black red.png,orange.png,blue right.png,84112
6470,yellow.png,yellow.png,red blue.png,orange.png,black right.png,84113
6471,green.png,yellow.png,left black yellow.png,orange.png,orange right.png,84114
6472,yellow.png,blue.png,blue red.png,black.png,green left.png,84115
6473,red.png,yellow.png,orange blue.png,orange.png,red left.png,84116
6474,red.png,green.png,yellow green blue.png,red.png,green left.png,84117
6475,red.png,orange.png,down black up red.png,blue.png,none.png,84118
6476,blue.png,red.png,left black yellow.png,green.png,yellow right.png,84119
6477,blue.png,black.png,black yellow.png,black.png,yellow left.png,84120
6478,blue.png,green.png,orange blue.png,blue.png,green right.png,84121
6479,black.png,red.png,yellow blue.png,yellow.png,blue left.png,84122
6480,blue.png,blue.png,blue red.png,black.png,black right.png,84123
6481,orange.png,yellow.png,yellow blue.png,yellow.png,blue right.png,84124
6482,yellow.png,orange.png,yellow black black yellow.png,black.png,green right.png,84125
6483,yellow.png,orange.png,black yellow yellow black.png,black.png,orange right.png,84126
6484,orange.png,yellow.png,red blue.png,blue.png,orange right.png,84127
6485,orange.png,red.png,up_and_out black yellow.png,orange.png,yellow left.png,84128
6486,black.png,red.png,blue red.png,black.png,green right.png,84129
6487,green.png,green.png,left black yellow.png,yellow.png,green left.png,84130
6488,yellow.png,red.png,yellow black black yellow.png,yellow.png,blue left.png,84131
6489,blue.png,blue.png,green blue.png,orange.png,yellow left.png,84132
6490,green.png,orange.png,up_and_out black yellow.png,orange.png,yellow left.png,84133
6491,red.png,orange.png,yellow green blue.png,yellow.png,yellow right.png,84134
6492,orange.png,yellow.png,orange yellow.png,black.png,black left.png,84135
6493,blue.png,black.png,green blue.png,orange.png,blue left.png,84136
6494,blue.png,orange.png,black yellow.png,blue.png,black right.png,84137
6495,blue.png,red.png,black yellow yellow black.png,black.png,red left.png,84138
6496,green.png,black.png,red blue.png,yellow.png,black left.png,84139
6497,black.png,black.png,multicolor.png,red.png,yellow right.png,84140
6498,black.png,yellow.png,yellow blue.png,red.png,green right.png,84141
6499,yellow.png,red.png,green red.png,yellow.png,none.png,84142
6500,yellow.png,yellow.png,yellow red.png,yellow.png,orange left.png,84143
6501,black.png,green.png,yellow blue.png,orange.png,orange right.png,84144
6502,blue.png,blue.png,green yellow.png,orange.png,green right.png,84145
6503,blue.png,black.png,black red.png,red.png,black left.png,84146
6504,red.png,yellow.png,black red.png,black.png,none.png,84147
6505,orange.png,green.png,yellow red.png,orange.png,green left.png,84148
6506,black.png,orange.png,up_and_out black yellow.png,green.png,orange right.png,84149
6507,black.png,green.png,black red.png,green.png,green left.png,84150
6508,yellow.png,green.png,orange blue.png,black.png,none.png,84151
6509,green.png,blue.png,orange yellow.png,green.png,black right.png,84152
6510,green.png,orange.png,green red.png,yellow.png,orange right.png,84153
6511,orange.png,green.png,orange yellow.png,green.png,green right.png,84154
6512,orange.png,red.png,yellow red.png,green.png,orange right.png,84155
6513,black.png,yellow.png,black yellow.png,green.png,orange right.png,84156
6514,blue.png,blue.png,yellow black black yellow.png,blue.png,green left.png,84157
6515,blue.png,black.png,yellow black black yellow.png,black.png,yellow right.png,84158
6516,red.png,red.png,yellow red.png,green.png,red left.png,84159
6517,red.png,green.png,black red.png,yellow.png,yellow right.png,84160
6518,orange.png,red.png,red blue.png,yellow.png,green left.png,84161
6519,blue.png,yellow.png,blue red.png,red.png,black left.png,84162
6520,black.png,blue.png,multicolor.png,yellow.png,orange right.png,84163
6521,green.png,black.png,black yellow.png,blue.png,blue left.png,84164
6522,green.png,yellow.png,black yellow yellow black.png,green.png,yellow left.png,84165
6523,yellow.png,red.png,red blue.png,black.png,blue left.png,84166
6524,black.png,red.png,down black up red.png,blue.png,black right.png,84167
6525,orange.png,orange.png,green blue.png,blue.png,none.png,84168
6526,red.png,black.png,green red.png,red.png,black right.png,84169
6527,black.png,green.png,black yellow yellow black.png,red.png,black left.png,84170
6528,green.png,yellow.png,yellow red.png,orange.png,orange left.png,84171
6529,green.png,yellow.png,yellow red.png,blue.png,black right.png,84172
6530,blue.png,yellow.png,black red.png,orange.png,black left.png,84173
6531,red.png,blue.png,green red.png,orange.png,black left.png,84174
6532,yellow.png,red.png,green red.png,orange.png,green right.png,84175
6533,yellow.png,blue.png,up_and_out black yellow.png,black.png,orange left.png,84176
6534,green.png,yellow.png,green blue.png,orange.png,blue right.png,84177
6535,red.png,green.png,green yellow.png,black.png,none.png,84178
6536,blue.png,yellow.png,up_and_out black yellow.png,black.png,yellow right.png,84179
6537,red.png,orange.png,yellow blue.png,orange.png,black right.png,84180
6538,black.png,yellow.png,green red.png,black.png,orange left.png,84181
6539,black.png,black.png,green yellow.png,red.png,yellow left.png,84182
6540,red.png,blue.png,left black yellow.png,red.png,yellow right.png,84183
6541,orange.png,black.png,yellow blue.png,black.png,orange right.png,84184
6542,orange.png,red.png,red blue.png,blue.png,black right.png,84185
6543,green.png,blue.png,black red.png,black.png,green left.png,84186
6544,red.png,yellow.png,green blue.png,orange.png,yellow left.png,84187
6545,yellow.png,yellow.png,yellow green blue.png,red.png,yellow right.png,84188
6546,yellow.png,black.png,multicolor.png,green.png,green right.png,84189
6547,green.png,blue.png,left black yellow.png,red.png,black right.png,84190
6548,green.png,orange.png,black yellow.png,blue.png,red left.png,84191
6549,red.png,orange.png,blue red.png,black.png,red left.png,84192
6550,black.png,yellow.png,yellow green blue.png,orange.png,orange right.png,84193
6551,green.png,yellow.png,multicolor.png,black.png,black right.png,84194
6552,orange.png,blue.png,red blue.png,green.png,red left.png,84195
6553,red.png,orange.png,black red.png,green.png,none.png,84196
6554,red.png,yellow.png,blue red.png,blue.png,none.png,84197
6555,black.png,black.png,orange yellow.png,red.png,none.png,84198
6556,blue.png,green.png,black yellow yellow black.png,blue.png,yellow left.png,84199
6557,red.png,red.png,green red.png,orange.png,green right.png,84200
6558,orange.png,black.png,orange yellow.png,yellow.png,yellow right.png,84201
6559,black.png,red.png,left black yellow.png,green.png,orange right.png,84202
6560,black.png,black.png,green red.png,green.png,orange left.png,84203
6561,yellow.png,green.png,yellow red.png,orange.png,yellow right.png,84204
6562,orange.png,black.png,black red.png,orange.png,black right.png,84205
6563,blue.png,black.png,multicolor.png,green.png,orange left.png,84206
6564,blue.png,green.png,green red.png,blue.png,orange left.png,84207
6565,orange.png,green.png,green yellow.png,black.png,none.png,84208
6566,red.png,yellow.png,left black yellow.png,blue.png,orange left.png,84209
6567,red.png,blue.png,yellow red.png,black.png,orange left.png,84210
6568,blue.png,orange.png,green blue.png,orange.png,blue right.png,84211
6569,yellow.png,black.png,multicolor.png,red.png,none.png,84212
6570,red.png,yellow.png,blue red.png,red.png,blue left.png,84213
6571,red.png,yellow.png,blue red.png,red.png,yellow right.png,84214
6572,green.png,green.png,multicolor.png,black.png,blue left.png,84215
6573,blue.png,green.png,down black up red.png,green.png,green left.png,84216
6574,green.png,orange.png,orange blue.png,green.png,red left.png,84217
6575,orange.png,blue.png,green blue.png,black.png,orange left.png,84218
6576,black.png,green.png,down black up red.png,black.png,black right.png,84219
6577,orange.png,black.png,red blue.png,green.png,none.png,84220
6578,red.png,red.png,orange blue.png,red.png,black left.png,84221
6579,red.png,orange.png,multicolor.png,red.png,black right.png,84222
6580,yellow.png,blue.png,yellow red.png,orange.png,black right.png,84223
6581,yellow.png,yellow.png,green red.png,black.png,yellow right.png,84224
6582,red.png,blue.png,orange yellow.png,orange.png,green left.png,84225
6583,green.png,blue.png,left black yellow.png,black.png,blue left.png,84226
6584,yellow.png,yellow.png,black yellow.png,black.png,blue left.png,84227
6585,black.png,blue.png,red blue.png,black.png,blue left.png,84228
6586,black.png,green.png,red blue.png,green.png,black left.png,84229
6587,yellow.png,orange.png,green yellow.png,green.png,black left.png,84230
6588,black.png,yellow.png,green blue.png,yellow.png,black left.png,84231
6589,yellow.png,green.png,yellow black black yellow.png,red.png,red left.png,84232
6590,yellow.png,yellow.png,orange blue.png,black.png,orange right.png,84233
6591,yellow.png,yellow.png,green blue.png,blue.png,green left.png,84234
6592,green.png,blue.png,orange yellow.png,orange.png,orange left.png,84235
6593,black.png,yellow.png,yellow green blue.png,red.png,green right.png,84236
6594,red.png,yellow.png,blue red.png,blue.png,orange left.png,84237
6595,red.png,red.png,green yellow.png,black.png,none.png,84238
6596,orange.png,red.png,up_and_out black yellow.png,green.png,orange left.png,84239
6597,black.png,black.png,orange yellow.png,green.png,orange right.png,84240
6598,green.png,red.png,black yellow yellow black.png,yellow.png,green left.png,84241
6599,orange.png,yellow.png,green yellow.png,blue.png,blue left.png,84242
6600,green.png,red.png,orange blue.png,black.png,red left.png,84243
6601,green.png,blue.png,green blue.png,black.png,green right.png,84244
6602,blue.png,black.png,black yellow.png,green.png,green left.png,84245
6603,red.png,black.png,left black yellow.png,red.png,orange right.png,84246
6604,blue.png,yellow.png,black red.png,red.png,black left.png,84247
6605,red.png,yellow.png,black yellow.png,blue.png,orange right.png,84248
6606,orange.png,yellow.png,yellow green blue.png,black.png,green right.png,84249
6607,orange.png,green.png,green yellow.png,blue.png,black left.png,84250
6608,red.png,blue.png,down black up red.png,black.png,blue left.png,84251
6609,blue.png,black.png,green blue.png,red.png,orange right.png,84252
6610,black.png,green.png,yellow black black yellow.png,orange.png,blue left.png,84253
6611,black.png,green.png,yellow green blue.png,black.png,green left.png,84254
6612,green.png,green.png,blue red.png,yellow.png,black right.png,84255
6613,blue.png,yellow.png,green blue.png,black.png,black left.png,84256
6614,green.png,yellow.png,black yellow yellow black.png,yellow.png,red left.png,84257
6615,orange.png,red.png,green yellow.png,yellow.png,black left.png,84258
6616,red.png,yellow.png,black yellow yellow black.png,blue.png,blue left.png,84259
6617,green.png,black.png,orange blue.png,red.png,blue left.png,84260
6618,blue.png,red.png,red blue.png,yellow.png,blue right.png,84261
6619,green.png,green.png,orange yellow.png,blue.png,yellow right.png,84262
6620,black.png,orange.png,green yellow.png,yellow.png,orange left.png,84263
6621,yellow.png,yellow.png,yellow green blue.png,red.png,black left.png,84264
6622,blue.png,green.png,orange blue.png,blue.png,yellow right.png,84265
6623,green.png,red.png,yellow black black yellow.png,yellow.png,yellow left.png,84266
6624,blue.png,orange.png,multicolor.png,black.png,blue right.png,84267
6625,orange.png,orange.png,black red.png,blue.png,orange right.png,84268
6626,black.png,black.png,yellow black black yellow.png,blue.png,blue right.png,84269
6627,orange.png,red.png,green blue.png,blue.png,green right.png,84270
6628,green.png,red.png,orange yellow.png,black.png,yellow left.png,84271
6629,yellow.png,red.png,up_and_out black yellow.png,green.png,orange left.png,84272
6630,green.png,orange.png,yellow green blue.png,red.png,red left.png,84273
6631,blue.png,blue.png,green blue.png,black.png,green left.png,84274
6632,black.png,green.png,multicolor.png,red.png,green left.png,84275
6633,orange.png,blue.png,yellow black black yellow.png,blue.png,blue right.png,84276
6634,black.png,green.png,left black yellow.png,black.png,black right.png,84277
6635,orange.png,red.png,multicolor.png,green.png,yellow right.png,84278
6636,green.png,yellow.png,up_and_out black yellow.png,red.png,orange right.png,84279
6637,yellow.png,blue.png,orange yellow.png,orange.png,blue right.png,84280
6638,yellow.png,blue.png,red blue.png,green.png,none.png,84281
6639,red.png,red.png,multicolor.png,black.png,blue left.png,84282
6640,blue.png,yellow.png,blue red.png,blue.png,green left.png,84283
6641,blue.png,yellow.png,orange blue.png,orange.png,black right.png,84284
6642,orange.png,red.png,yellow red.png,orange.png,green left.png,84285
6643,red.png,blue.png,yellow blue.png,black.png,blue right.png,84286
6644,yellow.png,green.png,green red.png,black.png,yellow right.png,84287
6645,blue.png,orange.png,yellow black black yellow.png,yellow.png,black right.png,84288
6646,orange.png,orange.png,orange blue.png,yellow.png,yellow left.png,84289
6647,orange.png,red.png,black yellow yellow black.png,black.png,blue right.png,84290
6648,black.png,green.png,black red.png,orange.png,green right.png,84291
6649,red.png,green.png,left black yellow.png,orange.png,orange left.png,84292
6650,green.png,blue.png,left black yellow.png,yellow.png,green right.png,84293
6651,blue.png,black.png,yellow green blue.png,black.png,yellow left.png,84294
6652,red.png,black.png,orange yellow.png,orange.png,blue left.png,84295
6653,red.png,blue.png,multicolor.png,orange.png,black right.png,84296
6654,black.png,blue.png,yellow red.png,green.png,orange left.png,84297
6655,black.png,red.png,yellow blue.png,blue.png,none.png,84298
6656,green.png,orange.png,yellow black black yellow.png,green.png,orange left.png,84299
6657,yellow.png,blue.png,yellow red.png,orange.png,none.png,84300
6658,yellow.png,red.png,yellow black black yellow.png,orange.png,orange right.png,84301
6659,black.png,black.png,multicolor.png,yellow.png,orange left.png,84302
6660,orange.png,blue.png,green blue.png,orange.png,red left.png,84303
6661,green.png,yellow.png,multicolor.png,yellow.png,black left.png,84304
6662,blue.png,black.png,down black up red.png,orange.png,green left.png,84305
6663,blue.png,green.png,red blue.png,red.png,black right.png,84306
6664,yellow.png,green.png,up_and_out black yellow.png,yellow.png,blue left.png,84307
6665,yellow.png,blue.png,yellow red.png,orange.png,orange right.png,84308
6666,green.png,yellow.png,black yellow yellow black.png,black.png,blue left.png,84309
6667,blue.png,blue.png,multicolor.png,green.png,orange left.png,84310
6668,red.png,black.png,black red.png,red.png,none.png,84311
6669,green.png,black.png,green yellow.png,orange.png,orange right.png,84312
6670,green.png,blue.png,green yellow.png,blue.png,blue left.png,84313
6671,green.png,green.png,green blue.png,black.png,orange left.png,84314
6672,green.png,orange.png,yellow red.png,black.png,green left.png,84315
6673,green.png,blue.png,black red.png,red.png,green left.png,84316
6674,blue.png,green.png,black yellow.png,yellow.png,orange left.png,84317
6675,green.png,black.png,black red.png,black.png,red left.png,84318
6676,black.png,red.png,red blue.png,yellow.png,orange left.png,84319
6677,blue.png,red.png,orange yellow.png,orange.png,red left.png,84320
6678,blue.png,red.png,green yellow.png,orange.png,green right.png,84321
6679,yellow.png,red.png,yellow blue.png,yellow.png,black right.png,84322
6680,green.png,green.png,black red.png,orange.png,yellow right.png,84323
6681,black.png,yellow.png,up_and_out black yellow.png,green.png,yellow right.png,84324
6682,yellow.png,green.png,down black up red.png,green.png,black left.png,84325
6683,yellow.png,blue.png,yellow black black yellow.png,black.png,orange right.png,84326
6684,blue.png,black.png,black red.png,black.png,red left.png,84327
6685,blue.png,green.png,multicolor.png,yellow.png,orange right.png,84328
6686,blue.png,yellow.png,orange yellow.png,red.png,black right.png,84329
6687,blue.png,black.png,black yellow.png,green.png,black left.png,84330
6688,black.png,blue.png,black yellow yellow black.png,yellow.png,green right.png,84331
6689,blue.png,orange.png,yellow blue.png,green.png,none.png,84332
6690,red.png,blue.png,black yellow.png,orange.png,black left.png,84333
6691,red.png,orange.png,red blue.png,green.png,orange left.png,84334
6692,orange.png,green.png,green yellow.png,black.png,blue left.png,84335
6693,orange.png,orange.png,yellow green blue.png,green.png,yellow right.png,84336
6694,orange.png,blue.png,orange blue.png,black.png,yellow right.png,84337
6695,blue.png,orange.png,orange blue.png,orange.png,none.png,84338
6696,yellow.png,black.png,down black up red.png,red.png,yellow left.png,84339
6697,yellow.png,black.png,orange yellow.png,black.png,yellow right.png,84340
6698,black.png,green.png,red blue.png,black.png,yellow left.png,84341
6699,blue.png,blue.png,orange yellow.png,yellow.png,none.png,84342
6700,orange.png,red.png,orange blue.png,black.png,orange left.png,84343
6701,red.png,black.png,red blue.png,black.png,yellow left.png,84344
6702,red.png,blue.png,green blue.png,yellow.png,orange right.png,84345
6703,yellow.png,red.png,green blue.png,black.png,green right.png,84346
6704,black.png,black.png,yellow green blue.png,red.png,none.png,84347
6705,green.png,black.png,orange yellow.png,blue.png,orange right.png,84348
6706,orange.png,orange.png,black red.png,green.png,black left.png,84349
6707,black.png,black.png,yellow black black yellow.png,blue.png,green right.png,84350
6708,yellow.png,red.png,black yellow yellow black.png,blue.png,orange right.png,84351
6709,orange.png,blue.png,yellow blue.png,red.png,green left.png,84352
6710,black.png,red.png,multicolor.png,orange.png,red left.png,84353
6711,red.png,red.png,blue red.png,green.png,yellow left.png,84354
6712,black.png,black.png,yellow green blue.png,blue.png,blue right.png,84355
6713,blue.png,black.png,multicolor.png,blue.png,green left.png,84356
6714,blue.png,red.png,yellow red.png,orange.png,yellow left.png,84357
6715,black.png,yellow.png,yellow green blue.png,orange.png,green left.png,84358
6716,blue.png,blue.png,multicolor.png,black.png,yellow right.png,84359
6717,black.png,orange.png,orange blue.png,yellow.png,none.png,84360
6718,orange.png,blue.png,black red.png,blue.png,yellow left.png,84361
6719,orange.png,red.png,green yellow.png,red.png,red left.png,84362
6720,red.png,blue.png,yellow blue.png,orange.png,yellow right.png,84363
6721,yellow.png,black.png,yellow green blue.png,orange.png,orange right.png,84364
6722,blue.png,green.png,green red.png,blue.png,orange right.png,84365
6723,green.png,yellow.png,yellow red.png,orange.png,none.png,84366
6724,yellow.png,black.png,yellow red.png,orange.png,blue left.png,84367
6725,black.png,green.png,yellow red.png,orange.png,blue left.png,84368
6726,orange.png,blue.png,black red.png,green.png,blue left.png,84369
6727,yellow.png,red.png,yellow green blue.png,green.png,yellow right.png,84370
6728,black.png,green.png,multicolor.png,orange.png,none.png,84371
6729,yellow.png,red.png,multicolor.png,red.png,red left.png,84372
6730,yellow.png,blue.png,left black yellow.png,orange.png,yellow left.png,84373
6731,green.png,green.png,black yellow.png,green.png,green right.png,84374
6732,yellow.png,blue.png,black yellow yellow black.png,green.png,blue left.png,84375
6733,yellow.png,black.png,orange yellow.png,black.png,green left.png,84376
6734,green.png,red.png,yellow green blue.png,orange.png,red left.png,84377
6735,black.png,green.png,green blue.png,blue.png,orange right.png,84378
6736,green.png,yellow.png,yellow blue.png,orange.png,black right.png,84379
6737,green.png,orange.png,blue red.png,yellow.png,yellow left.png,84380
6738,green.png,black.png,yellow blue.png,black.png,blue left.png,84381
6739,black.png,yellow.png,green blue.png,green.png,green left.png,84382
6740,blue.png,red.png,yellow black black yellow.png,orange.png,green right.png,84383
6741,blue.png,orange.png,black yellow yellow black.png,orange.png,blue left.png,84384
6742,blue.png,yellow.png,orange blue.png,orange.png,blue right.png,84385
6743,black.png,red.png,green red.png,orange.png,green left.png,84386
6744,black.png,blue.png,down black up red.png,orange.png,yellow left.png,84387
6745,blue.png,red.png,black yellow.png,orange.png,black right.png,84388
6746,green.png,green.png,orange yellow.png,orange.png,blue left.png,84389
6747,blue.png,red.png,left black yellow.png,yellow.png,black right.png,84390
6748,blue.png,blue.png,green blue.png,yellow.png,none.png,84391
6749,orange.png,blue.png,green blue.png,orange.png,green right.png,84392
6750,red.png,orange.png,black yellow.png,green.png,green left.png,84393
6751,red.png,yellow.png,yellow green blue.png,blue.png,yellow right.png,84394
6752,green.png,red.png,left black yellow.png,blue.png,blue right.png,84395
6753,orange.png,red.png,black red.png,blue.png,green right.png,84396
6754,green.png,orange.png,yellow blue.png,black.png,yellow left.png,84397
6755,orange.png,blue.png,black yellow yellow black.png,green.png,blue right.png,84398
6756,yellow.png,orange.png,black yellow.png,red.png,orange left.png,84399
6757,yellow.png,orange.png,red blue.png,orange.png,black right.png,84400
6758,yellow.png,yellow.png,up_and_out black yellow.png,blue.png,none.png,84401
6759,green.png,blue.png,blue red.png,green.png,green right.png,84402
6760,yellow.png,black.png,blue red.png,green.png,green right.png,84403
6761,orange.png,blue.png,yellow black black yellow.png,red.png,orange right.png,84404
6762,yellow.png,blue.png,blue red.png,yellow.png,green left.png,84405
6763,blue.png,blue.png,orange blue.png,red.png,green left.png,84406
6764,yellow.png,black.png,down black up red.png,blue.png,blue right.png,84407
6765,blue.png,green.png,orange yellow.png,orange.png,black right.png,84408
6766,yellow.png,black.png,orange yellow.png,blue.png,red left.png,84409
6767,red.png,red.png,green yellow.png,orange.png,red left.png,84410
6768,orange.png,orange.png,orange yellow.png,blue.png,black right.png,84411
6769,red.png,black.png,green blue.png,yellow.png,red left.png,84412
6770,yellow.png,green.png,yellow red.png,black.png,none.png,84413
6771,black.png,red.png,yellow black black yellow.png,green.png,black right.png,84414
6772,yellow.png,green.png,orange blue.png,orange.png,red left.png,84415
6773,red.png,orange.png,red blue.png,yellow.png,yellow left.png,84416
6774,red.png,blue.png,down black up red.png,yellow.png,green right.png,84417
6775,orange.png,blue.png,orange blue.png,red.png,yellow right.png,84418
6776,orange.png,orange.png,green yellow.png,orange.png,blue left.png,84419
6777,black.png,blue.png,yellow red.png,blue.png,black left.png,84420
6778,red.png,blue.png,black yellow.png,yellow.png,yellow right.png,84421
6779,black.png,blue.png,yellow blue.png,red.png,orange right.png,84422
6780,orange.png,blue.png,yellow blue.png,red.png,black left.png,84423
6781,red.png,black.png,green red.png,blue.png,green right.png,84424
6782,black.png,blue.png,yellow blue.png,orange.png,green left.png,84425
6783,orange.png,black.png,left black yellow.png,blue.png,yellow left.png,84426
6784,yellow.png,yellow.png,green red.png,black.png,none.png,84427
6785,green.png,black.png,up_and_out black yellow.png,black.png,green right.png,84428
6786,orange.png,orange.png,black yellow yellow black.png,black.png,green left.png,84429
6787,black.png,green.png,yellow black black yellow.png,blue.png,blue left.png,84430
6788,green.png,yellow.png,left black yellow.png,red.png,none.png,84431
6789,red.png,black.png,red blue.png,red.png,blue left.png,84432
6790,red.png,red.png,blue red.png,red.png,black right.png,84433
6791,blue.png,red.png,left black yellow.png,black.png,yellow right.png,84434
6792,yellow.png,yellow.png,black red.png,red.png,blue right.png,84435
6793,yellow.png,blue.png,red blue.png,yellow.png,green left.png,84436
6794,blue.png,red.png,multicolor.png,yellow.png,red left.png,84437
6795,red.png,green.png,green red.png,yellow.png,red left.png,84438
6796,black.png,yellow.png,orange yellow.png,black.png,yellow right.png,84439
6797,yellow.png,blue.png,green blue.png,orange.png,black right.png,84440
6798,blue.png,yellow.png,orange blue.png,blue.png,blue left.png,84441
6799,red.png,yellow.png,yellow black black yellow.png,orange.png,orange left.png,84442
6800,orange.png,black.png,yellow red.png,orange.png,yellow left.png,84443
6801,red.png,yellow.png,green red.png,red.png,blue right.png,84444
6802,green.png,black.png,multicolor.png,yellow.png,blue right.png,84445
6803,red.png,blue.png,black yellow.png,black.png,yellow left.png,84446
6804,green.png,black.png,green yellow.png,black.png,orange right.png,84447
6805,orange.png,red.png,yellow blue.png,orange.png,blue right.png,84448
6806,blue.png,red.png,blue red.png,blue.png,black left.png,84449
6807,black.png,orange.png,left black yellow.png,red.png,green left.png,84450
6808,yellow.png,red.png,yellow red.png,red.png,green right.png,84451
6809,green.png,blue.png,black red.png,black.png,blue right.png,84452
6810,red.png,orange.png,green red.png,red.png,blue right.png,84453
6811,black.png,yellow.png,up_and_out black yellow.png,blue.png,red left.png,84454
6812,green.png,blue.png,green red.png,green.png,green left.png,84455
6813,blue.png,blue.png,orange yellow.png,blue.png,orange left.png,84456
6814,yellow.png,black.png,yellow green blue.png,yellow.png,black right.png,84457
6815,red.png,red.png,red blue.png,yellow.png,orange left.png,84458
6816,green.png,yellow.png,black yellow.png,orange.png,orange right.png,84459
6817,black.png,blue.png,down black up red.png,green.png,none.png,84460
6818,red.png,red.png,green blue.png,green.png,yellow right.png,84461
6819,green.png,yellow.png,yellow green blue.png,black.png,none.png,84462
6820,red.png,red.png,yellow black black yellow.png,blue.png,blue left.png,84463
6821,blue.png,green.png,down black up red.png,blue.png,yellow left.png,84464
6822,red.png,black.png,orange yellow.png,blue.png,black left.png,84465
6823,blue.png,black.png,green red.png,orange.png,blue left.png,84466
6824,yellow.png,red.png,up_and_out black yellow.png,black.png,green right.png,84467
6825,blue.png,green.png,left black yellow.png,blue.png,yellow right.png,84468
6826,green.png,black.png,up_and_out black yellow.png,red.png,yellow left.png,84469
6827,black.png,red.png,black red.png,blue.png,green left.png,84470
6828,blue.png,yellow.png,blue red.png,yellow.png,green right.png,84471
6829,green.png,black.png,yellow black black yellow.png,blue.png,none.png,84472
6830,black.png,black.png,left black yellow.png,orange.png,green left.png,84473
6831,green.png,orange.png,yellow red.png,blue.png,red left.png,84474
6832,red.png,green.png,green red.png,green.png,green left.png,84475
6833,orange.png,black.png,yellow black black yellow.png,blue.png,none.png,84476
6834,red.png,green.png,black yellow.png,orange.png,none.png,84477
6835,black.png,yellow.png,blue red.png,orange.png,yellow right.png,84478
6836,green.png,red.png,green yellow.png,green.png,yellow right.png,84479
6837,black.png,green.png,black yellow.png,black.png,red left.png,84480
6838,blue.png,yellow.png,black red.png,black.png,green left.png,84481
6839,yellow.png,orange.png,red blue.png,orange.png,green right.png,84482
6840,black.png,blue.png,black red.png,black.png,green right.png,84483
6841,blue.png,yellow.png,orange yellow.png,black.png,blue right.png,84484
6842,blue.png,blue.png,left black yellow.png,blue.png,blue left.png,84485
6843,orange.png,yellow.png,black yellow.png,red.png,blue left.png,84486
6844,yellow.png,green.png,yellow green blue.png,green.png,orange left.png,84487
6845,yellow.png,black.png,green red.png,red.png,orange left.png,84488
6846,yellow.png,orange.png,yellow green blue.png,red.png,orange left.png,84489
6847,blue.png,red.png,green red.png,green.png,yellow left.png,84490
6848,red.png,red.png,yellow blue.png,black.png,orange left.png,84491
6849,red.png,orange.png,green yellow.png,black.png,blue right.png,84492
6850,green.png,green.png,black yellow.png,blue.png,yellow right.png,84493
6851,green.png,orange.png,green red.png,yellow.png,black right.png,84494
6852,green.png,green.png,up_and_out black yellow.png,yellow.png,black left.png,84495
6853,orange.png,blue.png,orange blue.png,green.png,red left.png,84496
6854,green.png,red.png,down black up red.png,yellow.png,black left.png,84497
6855,green.png,green.png,down black up red.png,yellow.png,red left.png,84498
6856,black.png,green.png,yellow red.png,blue.png,black left.png,84499
6857,orange.png,black.png,down black up red.png,blue.png,green right.png,84500
6858,orange.png,blue.png,yellow black black yellow.png,red.png,blue left.png,84501
6859,blue.png,orange.png,yellow green blue.png,black.png,red left.png,84502
6860,orange.png,red.png,blue red.png,green.png,none.png,84503
6861,yellow.png,orange.png,down black up red.png,orange.png,blue left.png,84504
6862,blue.png,yellow.png,yellow blue.png,green.png,yellow right.png,84505
6863,orange.png,black.png,left black yellow.png,black.png,blue right.png,84506
6864,blue.png,green.png,black yellow.png,red.png,blue right.png,84507
6865,yellow.png,red.png,black yellow.png,black.png,green left.png,84508
6866,red.png,red.png,black red.png,orange.png,yellow left.png,84509
6867,red.png,red.png,orange blue.png,black.png,black left.png,84510
6868,orange.png,blue.png,up_and_out black yellow.png,yellow.png,orange left.png,84511
6869,black.png,yellow.png,green red.png,orange.png,yellow right.png,84512
6870,orange.png,black.png,left black yellow.png,orange.png,black left.png,84513
6871,yellow.png,black.png,yellow green blue.png,blue.png,red left.png,84514
6872,black.png,orange.png,orange yellow.png,red.png,black left.png,84515
6873,green.png,green.png,yellow black black yellow.png,orange.png,green left.png,84516
6874,green.png,orange.png,multicolor.png,red.png,none.png,84517
6875,black.png,red.png,yellow blue.png,orange.png,green left.png,84518
6876,orange.png,blue.png,green blue.png,yellow.png,orange right.png,84519
6877,black.png,blue.png,yellow blue.png,green.png,orange right.png,84520
6878,black.png,red.png,green yellow.png,red.png,none.png,84521
6879,blue.png,yellow.png,multicolor.png,black.png,green left.png,84522
6880,black.png,yellow.png,blue red.png,yellow.png,black left.png,84523
6881,orange.png,green.png,orange yellow.png,blue.png,black right.png,84524
6882,blue.png,orange.png,orange yellow.png,orange.png,red left.png,84525
6883,orange.png,black.png,up_and_out black yellow.png,blue.png,black left.png,84526
6884,green.png,orange.png,yellow green blue.png,black.png,blue right.png,84527
6885,yellow.png,green.png,green red.png,blue.png,green left.png,84528
6886,red.png,yellow.png,orange blue.png,yellow.png,red left.png,84529
6887,black.png,yellow.png,black yellow yellow black.png,orange.png,orange right.png,84530
6888,orange.png,orange.png,green red.png,green.png,orange left.png,84531
6889,green.png,yellow.png,orange blue.png,orange.png,red left.png,84532
6890,green.png,orange.png,black yellow.png,green.png,red left.png,84533
6891,orange.png,blue.png,blue red.png,blue.png,blue left.png,84534
6892,blue.png,red.png,red blue.png,orange.png,red left.png,84535
6893,yellow.png,orange.png,yellow green blue.png,blue.png,green right.png,84536
6894,yellow.png,blue.png,black red.png,orange.png,blue right.png,84537
6895,yellow.png,orange.png,black red.png,yellow.png,yellow left.png,84538
6896,orange.png,green.png,orange blue.png,blue.png,black right.png,84539
6897,yellow.png,red.png,black yellow yellow black.png,orange.png,orange right.png,84540
6898,red.png,blue.png,green red.png,black.png,green right.png,84541
6899,blue.png,red.png,blue red.png,yellow.png,blue right.png,84542
6900,yellow.png,green.png,multicolor.png,orange.png,blue right.png,84543
6901,yellow.png,yellow.png,yellow green blue.png,blue.png,black right.png,84544
6902,green.png,green.png,yellow green blue.png,green.png,green left.png,84545
6903,yellow.png,red.png,red blue.png,orange.png,yellow left.png,84546
6904,green.png,yellow.png,orange blue.png,orange.png,black right.png,84547
6905,green.png,red.png,down black up red.png,blue.png,orange right.png,84548
6906,yellow.png,yellow.png,black yellow yellow black.png,red.png,red left.png,84549
6907,black.png,orange.png,green blue.png,red.png,none.png,84550
6908,green.png,red.png,multicolor.png,orange.png,black left.png,84551
6909,blue.png,red.png,green blue.png,yellow.png,green right.png,84552
6910,orange.png,black.png,green blue.png,blue.png,yellow right.png,84553
6911,green.png,red.png,black red.png,yellow.png,black left.png,84554
6912,black.png,yellow.png,green red.png,black.png,black left.png,84555
6913,yellow.png,yellow.png,orange blue.png,red.png,orange left.png,84556
6914,yellow.png,green.png,blue red.png,yellow.png,green left.png,84557
6915,red.png,blue.png,green blue.png,green.png,black left.png,84558
6916,green.png,orange.png,down black up red.png,red.png,green right.png,84559
6917,blue.png,red.png,yellow blue.png,red.png,green left.png,84560
6918,blue.png,green.png,yellow red.png,blue.png,red left.png,84561
6919,yellow.png,yellow.png,orange yellow.png,black.png,green right.png,84562
6920,blue.png,green.png,yellow black black yellow.png,blue.png,green right.png,84563
6921,red.png,green.png,green yellow.png,green.png,red left.png,84564
6922,orange.png,yellow.png,green blue.png,black.png,blue left.png,84565
6923,green.png,black.png,green blue.png,black.png,yellow right.png,84566
6924,red.png,green.png,down black up red.png,black.png,blue right.png,84567
6925,green.png,blue.png,orange yellow.png,orange.png,blue left.png,84568
6926,black.png,orange.png,green blue.png,green.png,black left.png,84569
6927,black.png,orange.png,green yellow.png,black.png,red left.png,84570
6928,yellow.png,black.png,yellow red.png,orange.png,red left.png,84571
6929,green.png,blue.png,red blue.png,blue.png,green right.png,84572
6930,green.png,green.png,left black yellow.png,black.png,blue left.png,84573
6931,green.png,orange.png,black yellow yellow black.png,orange.png,black right.png,84574
6932,yellow.png,orange.png,yellow red.png,blue.png,yellow left.png,84575
6933,red.png,green.png,down black up red.png,blue.png,blue right.png,84576
6934,orange.png,red.png,yellow green blue.png,yellow.png,none.png,84577
6935,orange.png,green.png,yellow red.png,red.png,green right.png,84578
6936,orange.png,blue.png,orange yellow.png,yellow.png,black right.png,84579
6937,blue.png,black.png,yellow blue.png,blue.png,orange left.png,84580
6938,green.png,orange.png,down black up red.png,yellow.png,blue right.png,84581
6939,black.png,red.png,green blue.png,green.png,black right.png,84582
6940,red.png,green.png,orange yellow.png,yellow.png,black left.png,84583
6941,orange.png,blue.png,multicolor.png,yellow.png,orange left.png,84584
6942,red.png,blue.png,down black up red.png,green.png,black right.png,84585
6943,black.png,blue.png,black yellow.png,red.png,none.png,84586
6944,black.png,orange.png,black yellow yellow black.png,red.png,blue right.png,84587
6945,orange.png,blue.png,black yellow yellow black.png,green.png,black right.png,84588
6946,blue.png,blue.png,red blue.png,green.png,green left.png,84589
6947,green.png,yellow.png,left black yellow.png,blue.png,green left.png,84590
6948,orange.png,blue.png,black red.png,black.png,orange left.png,84591
6949,green.png,red.png,up_and_out black yellow.png,yellow.png,black right.png,84592
6950,black.png,black.png,left black yellow.png,yellow.png,green right.png,84593
6951,orange.png,green.png,black yellow.png,orange.png,yellow right.png,84594
6952,yellow.png,black.png,down black up red.png,black.png,blue right.png,84595
6953,red.png,green.png,orange yellow.png,black.png,green right.png,84596
6954,red.png,red.png,green red.png,red.png,black left.png,84597
6955,blue.png,orange.png,multicolor.png,black.png,yellow right.png,84598
6956,blue.png,red.png,green blue.png,blue.png,blue right.png,84599
6957,green.png,blue.png,green yellow.png,red.png,yellow left.png,84600
6958,red.png,red.png,yellow green blue.png,red.png,black right.png,84601
6959,red.png,red.png,down black up red.png,green.png,yellow left.png,84602
6960,black.png,yellow.png,yellow red.png,orange.png,red left.png,84603
6961,green.png,green.png,green blue.png,orange.png,blue right.png,84604
6962,green.png,black.png,yellow red.png,yellow.png,green left.png,84605
6963,blue.png,green.png,green blue.png,green.png,black right.png,84606
6964,green.png,green.png,multicolor.png,black.png,green left.png,84607
6965,red.png,orange.png,orange blue.png,black.png,orange left.png,84608
6966,green.png,orange.png,orange blue.png,yellow.png,green right.png,84609
6967,orange.png,green.png,black red.png,yellow.png,none.png,84610
6968,orange.png,green.png,yellow blue.png,orange.png,black right.png,84611
6969,black.png,orange.png,yellow blue.png,black.png,blue left.png,84612
6970,yellow.png,red.png,yellow blue.png,blue.png,none.png,84613
6971,blue.png,black.png,green red.png,green.png,green left.png,84614
6972,black.png,black.png,red blue.png,yellow.png,orange left.png,84615
6973,yellow.png,green.png,left black yellow.png,green.png,yellow right.png,84616
6974,yellow.png,yellow.png,black red.png,orange.png,green right.png,84617
6975,yellow.png,green.png,green red.png,yellow.png,yellow right.png,84618
6976,orange.png,red.png,yellow black black yellow.png,black.png,orange right.png,84619
6977,orange.png,black.png,blue red.png,blue.png,green right.png,84620
6978,red.png,black.png,orange blue.png,red.png,blue right.png,84621
6979,red.png,black.png,black yellow yellow black.png,blue.png,green left.png,84622
6980,black.png,orange.png,red blue.png,red.png,blue right.png,84623
6981,red.png,black.png,yellow blue.png,yellow.png,blue left.png,84624
6982,orange.png,orange.png,green yellow.png,yellow.png,orange right.png,84625
6983,blue.png,blue.png,green red.png,red.png,orange right.png,84626
6984,orange.png,red.png,orange blue.png,black.png,yellow right.png,84627
6985,green.png,yellow.png,down black up red.png,black.png,black left.png,84628
6986,orange.png,orange.png,orange yellow.png,red.png,black right.png,84629
6987,blue.png,black.png,yellow green blue.png,black.png,black left.png,84630
6988,orange.png,orange.png,yellow red.png,orange.png,green left.png,84631
6989,green.png,green.png,orange yellow.png,red.png,green right.png,84632
6990,orange.png,red.png,multicolor.png,orange.png,none.png,84633
6991,yellow.png,red.png,orange yellow.png,green.png,black left.png,84634
6992,blue.png,orange.png,yellow green blue.png,yellow.png,green right.png,84635
6993,green.png,orange.png,blue red.png,blue.png,black right.png,84636
6994,black.png,black.png,yellow green blue.png,orange.png,orange left.png,84637
6995,red.png,green.png,red blue.png,red.png,none.png,84638
6996,green.png,yellow.png,up_and_out black yellow.png,blue.png,blue right.png,84639
6997,yellow.png,orange.png,green red.png,yellow.png,red left.png,84640
6998,red.png,green.png,green red.png,black.png,yellow right.png,84641
6999,yellow.png,green.png,yellow red.png,orange.png,yellow left.png,84642
7000,red.png,yellow.png,blue red.png,blue.png,yellow left.png,84643
7001,black.png,blue.png,orange yellow.png,blue.png,yellow right.png,84644
7002,green.png,blue.png,red blue.png,black.png,yellow left.png,84645
7003,green.png,black.png,red blue.png,red.png,green right.png,84646
7004,red.png,blue.png,black yellow yellow black.png,yellow.png,black right.png,84647
7005,blue.png,orange.png,green blue.png,blue.png,none.png,84648
7006,blue.png,yellow.png,black yellow yellow black.png,yellow.png,green right.png,84649
7007,yellow.png,blue.png,green red.png,blue.png,blue left.png,84650
7008,green.png,yellow.png,black yellow yellow black.png,yellow.png,orange right.png,84651
7009,black.png,blue.png,yellow black black yellow.png,yellow.png,orange right.png,84652
7010,red.png,orange.png,yellow blue.png,green.png,green left.png,84653
7011,yellow.png,black.png,orange blue.png,blue.png,red left.png,84654
7012,blue.png,orange.png,down black up red.png,green.png,none.png,84655
7013,blue.png,black.png,yellow black black yellow.png,yellow.png,orange left.png,84656
7014,red.png,orange.png,green red.png,yellow.png,none.png,84657
7015,black.png,green.png,orange blue.png,yellow.png,orange right.png,84658
7016,orange.png,black.png,up_and_out black yellow.png,red.png,yellow left.png,84659
7017,yellow.png,yellow.png,down black up red.png,black.png,green right.png,84660
7018,yellow.png,orange.png,green blue.png,orange.png,orange left.png,84661
7019,green.png,green.png,green yellow.png,orange.png,green right.png,84662
7020,yellow.png,green.png,yellow green blue.png,blue.png,none.png,84663
7021,yellow.png,orange.png,black yellow.png,yellow.png,orange left.png,84664
7022,blue.png,orange.png,yellow blue.png,yellow.png,red left.png,84665
7023,yellow.png,black.png,down black up red.png,yellow.png,orange left.png,84666
7024,black.png,green.png,red blue.png,blue.png,black right.png,84667
7025,yellow.png,orange.png,down black up red.png,orange.png,yellow left.png,84668
7026,red.png,yellow.png,blue red.png,blue.png,green right.png,84669
7027,red.png,yellow.png,orange yellow.png,orange.png,black left.png,84670
7028,orange.png,blue.png,green red.png,red.png,orange right.png,84671
7029,green.png,black.png,green yellow.png,blue.png,black left.png,84672
7030,green.png,orange.png,black yellow yellow black.png,green.png,yellow left.png,84673
7031,yellow.png,blue.png,orange blue.png,red.png,yellow left.png,84674
7032,green.png,red.png,yellow red.png,blue.png,yellow right.png,84675
7033,red.png,red.png,red blue.png,red.png,yellow left.png,84676
7034,yellow.png,blue.png,green red.png,black.png,blue right.png,84677
7035,orange.png,orange.png,red blue.png,yellow.png,orange left.png,84678
7036,yellow.png,black.png,yellow red.png,green.png,orange left.png,84679
7037,blue.png,red.png,green red.png,green.png,yellow right.png,84680
7038,blue.png,green.png,up_and_out black yellow.png,red.png,yellow left.png,84681
7039,red.png,black.png,red blue.png,blue.png,orange left.png,84682
7040,blue.png,yellow.png,multicolor.png,green.png,blue right.png,84683
7041,yellow.png,black.png,yellow black black yellow.png,orange.png,blue left.png,84684
7042,red.png,green.png,green blue.png,blue.png,green left.png,84685
7043,blue.png,yellow.png,green red.png,black.png,yellow left.png,84686
7044,blue.png,yellow.png,orange yellow.png,blue.png,black right.png,84687
7045,black.png,blue.png,black yellow yellow black.png,blue.png,yellow left.png,84688
7046,green.png,yellow.png,yellow green blue.png,blue.png,black left.png,84689
7047,yellow.png,orange.png,black yellow yellow black.png,red.png,none.png,84690
7048,yellow.png,blue.png,multicolor.png,blue.png,none.png,84691
7049,blue.png,yellow.png,down black up red.png,blue.png,black right.png,84692
7050,green.png,black.png,yellow green blue.png,yellow.png,black right.png,84693
7051,blue.png,orange.png,blue red.png,red.png,none.png,84694
7052,yellow.png,orange.png,green blue.png,black.png,blue left.png,84695
7053,black.png,orange.png,yellow green blue.png,green.png,green left.png,84696
7054,orange.png,green.png,orange blue.png,black.png,orange right.png,84697
7055,green.png,black.png,black yellow yellow black.png,red.png,none.png,84698
7056,red.png,blue.png,black yellow yellow black.png,black.png,none.png,84699
7057,yellow.png,blue.png,black red.png,orange.png,yellow right.png,84700
7058,yellow.png,black.png,multicolor.png,yellow.png,green right.png,84701
7059,black.png,black.png,yellow blue.png,yellow.png,orange right.png,84702
7060,black.png,blue.png,left black yellow.png,red.png,orange right.png,84703
7061,green.png,red.png,orange yellow.png,blue.png,yellow left.png,84704
7062,black.png,black.png,blue red.png,yellow.png,green right.png,84705
7063,black.png,orange.png,green yellow.png,green.png,yellow right.png,84706
7064,orange.png,black.png,black red.png,green.png,orange left.png,84707
7065,red.png,red.png,green blue.png,red.png,none.png,84708
7066,orange.png,orange.png,black yellow.png,black.png,yellow right.png,84709
7067,yellow.png,green.png,green red.png,black.png,green left.png,84710
7068,orange.png,blue.png,black yellow yellow black.png,black.png,black left.png,84711
7069,green.png,yellow.png,black red.png,green.png,orange left.png,84712
7070,black.png,orange.png,red blue.png,red.png,orange right.png,84713
7071,red.png,green.png,red blue.png,red.png,yellow left.png,84714
7072,red.png,yellow.png,down black up red.png,blue.png,blue left.png,84715
7073,green.png,orange.png,green red.png,green.png,green right.png,84716
7074,blue.png,orange.png,yellow black black yellow.png,black.png,orange left.png,84717
7075,yellow.png,green.png,green blue.png,orange.png,yellow right.png,84718
7076,red.png,black.png,black yellow yellow black.png,yellow.png,none.png,84719
7077,green.png,green.png,red blue.png,yellow.png,blue right.png,84720
7078,red.png,green.png,orange blue.png,blue.png,black left.png,84721
7079,green.png,black.png,green red.png,yellow.png,blue left.png,84722
7080,yellow.png,orange.png,left black yellow.png,green.png,yellow right.png,84723
7081,black.png,black.png,green red.png,red.png,orange left.png,84724
7082,green.png,green.png,green yellow.png,green.png,black left.png,84725
7083,red.png,orange.png,green blue.png,black.png,black right.png,84726
7084,yellow.png,orange.png,black red.png,green.png,yellow right.png,84727
7085,red.png,blue.png,black yellow yellow black.png,red.png,blue left.png,84728
7086,orange.png,black.png,blue red.png,blue.png,yellow right.png,84729
7087,blue.png,blue.png,blue red.png,red.png,black left.png,84730
7088,blue.png,yellow.png,black yellow yellow black.png,red.png,black left.png,84731
7089,yellow.png,black.png,multicolor.png,red.png,orange right.png,84732
7090,blue.png,blue.png,black yellow.png,red.png,red left.png,84733
7091,red.png,green.png,yellow green blue.png,yellow.png,green left.png,84734
7092,green.png,orange.png,green blue.png,yellow.png,blue left.png,84735
7093,orange.png,yellow.png,yellow black black yellow.png,orange.png,black right.png,84736
7094,orange.png,green.png,black red.png,orange.png,green right.png,84737
7095,yellow.png,black.png,down black up red.png,yellow.png,yellow right.png,84738
7096,blue.png,red.png,yellow black black yellow.png,blue.png,orange right.png,84739
7097,orange.png,blue.png,up_and_out black yellow.png,orange.png,black right.png,84740
7098,yellow.png,blue.png,green blue.png,green.png,green left.png,84741
7099,blue.png,orange.png,yellow red.png,yellow.png,orange left.png,84742
7100,blue.png,black.png,black red.png,green.png,blue left.png,84743
7101,red.png,green.png,left black yellow.png,yellow.png,blue left.png,84744
7102,blue.png,blue.png,orange yellow.png,black.png,green left.png,84745
7103,black.png,green.png,yellow black black yellow.png,yellow.png,black left.png,84746
7104,green.png,orange.png,multicolor.png,orange.png,black left.png,84747
7105,blue.png,red.png,blue red.png,yellow.png,yellow right.png,84748
7106,black.png,green.png,green red.png,orange.png,green left.png,84749
7107,orange.png,yellow.png,yellow black black yellow.png,red.png,black right.png,84750
7108,red.png,orange.png,up_and_out black yellow.png,yellow.png,green right.png,84751
7109,orange.png,yellow.png,blue red.png,red.png,green left.png,84752
7110,black.png,green.png,yellow blue.png,blue.png,black left.png,84753
7111,orange.png,orange.png,left black yellow.png,blue.png,blue right.png,84754
7112,orange.png,red.png,black yellow yellow black.png,black.png,black right.png,84755
7113,yellow.png,red.png,black yellow.png,black.png,blue left.png,84756
7114,red.png,green.png,red blue.png,blue.png,yellow left.png,84757
7115,red.png,green.png,green blue.png,green.png,black right.png,84758
7116,black.png,orange.png,red blue.png,red.png,black left.png,84759
7117,blue.png,yellow.png,orange yellow.png,orange.png,orange right.png,84760
7118,green.png,red.png,yellow red.png,green.png,orange right.png,84761
7119,blue.png,blue.png,blue red.png,black.png,orange right.png,84762
7120,black.png,blue.png,yellow blue.png,blue.png,black left.png,84763
7121,orange.png,red.png,multicolor.png,black.png,green left.png,84764
7122,green.png,green.png,orange yellow.png,black.png,black left.png,84765
7123,green.png,green.png,yellow blue.png,orange.png,green right.png,84766
7124,orange.png,yellow.png,yellow black black yellow.png,orange.png,blue left.png,84767
7125,red.png,red.png,green red.png,orange.png,green left.png,84768
7126,red.png,black.png,yellow red.png,black.png,orange left.png,84769
7127,yellow.png,yellow.png,orange blue.png,black.png,black right.png,84770
7128,green.png,blue.png,yellow red.png,red.png,yellow left.png,84771
7129,orange.png,yellow.png,green red.png,blue.png,black left.png,84772
7130,blue.png,green.png,left black yellow.png,red.png,green right.png,84773
7131,red.png,yellow.png,yellow black black yellow.png,red.png,black right.png,84774
7132,orange.png,black.png,green blue.png,blue.png,orange left.png,84775
7133,blue.png,yellow.png,yellow blue.png,green.png,green left.png,84776
7134,yellow.png,yellow.png,black red.png,yellow.png,blue right.png,84777
7135,yellow.png,black.png,up_and_out black yellow.png,red.png,black right.png,84778
7136,blue.png,black.png,green red.png,black.png,black left.png,84779
7137,black.png,blue.png,green yellow.png,yellow.png,black left.png,84780
7138,black.png,blue.png,green red.png,green.png,orange right.png,84781
7139,yellow.png,blue.png,yellow green blue.png,black.png,green left.png,84782
7140,blue.png,blue.png,down black up red.png,blue.png,orange left.png,84783
7141,red.png,red.png,yellow blue.png,red.png,blue right.png,84784
7142,blue.png,green.png,down black up red.png,red.png,blue right.png,84785
7143,yellow.png,red.png,yellow blue.png,black.png,orange left.png,84786
7144,black.png,yellow.png,orange yellow.png,red.png,green right.png,84787
7145,blue.png,blue.png,yellow green blue.png,green.png,orange left.png,84788
7146,black.png,red.png,green red.png,blue.png,black right.png,84789
7147,blue.png,black.png,green blue.png,black.png,blue right.png,84790
7148,orange.png,black.png,orange blue.png,black.png,yellow left.png,84791
7149,yellow.png,green.png,up_and_out black yellow.png,green.png,black right.png,84792
7150,red.png,black.png,left black yellow.png,blue.png,none.png,84793
7151,red.png,yellow.png,left black yellow.png,black.png,orange right.png,84794
7152,black.png,blue.png,yellow red.png,orange.png,none.png,84795
7153,red.png,green.png,yellow red.png,blue.png,orange left.png,84796
7154,yellow.png,black.png,left black yellow.png,yellow.png,yellow left.png,84797
7155,orange.png,red.png,yellow red.png,orange.png,none.png,84798
7156,red.png,orange.png,yellow red.png,red.png,none.png,84799
7157,green.png,black.png,green blue.png,green.png,black left.png,84800
7158,black.png,red.png,red blue.png,yellow.png,blue right.png,84801
7159,blue.png,orange.png,down black up red.png,orange.png,yellow right.png,84802
7160,red.png,green.png,black red.png,blue.png,blue left.png,84803
7161,orange.png,black.png,red blue.png,green.png,black left.png,84804
7162,black.png,green.png,multicolor.png,blue.png,yellow right.png,84805
7163,blue.png,blue.png,orange blue.png,black.png,yellow left.png,84806
7164,black.png,green.png,green blue.png,red.png,orange left.png,84807
7165,blue.png,blue.png,black red.png,green.png,blue left.png,84808
7166,green.png,orange.png,up_and_out black yellow.png,blue.png,none.png,84809
7167,black.png,orange.png,yellow blue.png,green.png,orange right.png,84810
7168,yellow.png,black.png,yellow black black yellow.png,black.png,none.png,84811
7169,red.png,black.png,orange yellow.png,orange.png,black right.png,84812
7170,red.png,orange.png,up_and_out black yellow.png,yellow.png,green left.png,84813
7171,black.png,blue.png,yellow green blue.png,orange.png,black left.png,84814
7172,green.png,black.png,black yellow yellow black.png,yellow.png,blue left.png,84815
7173,blue.png,yellow.png,yellow black black yellow.png,blue.png,yellow right.png,84816
7174,black.png,black.png,orange blue.png,orange.png,green right.png,84817
7175,yellow.png,black.png,black yellow yellow black.png,yellow.png,orange left.png,84818
7176,orange.png,blue.png,blue red.png,orange.png,yellow left.png,84819
7177,red.png,yellow.png,yellow red.png,black.png,black left.png,84820
7178,green.png,orange.png,green blue.png,orange.png,yellow right.png,84821
7179,green.png,red.png,left black yellow.png,blue.png,blue left.png,84822
7180,red.png,black.png,yellow red.png,yellow.png,yellow left.png,84823
7181,blue.png,red.png,yellow black black yellow.png,red.png,yellow left.png,84824
7182,orange.png,green.png,up_and_out black yellow.png,black.png,orange left.png,84825
7183,blue.png,black.png,green yellow.png,black.png,blue right.png,84826
7184,blue.png,red.png,yellow green blue.png,orange.png,none.png,84827
7185,green.png,orange.png,blue red.png,blue.png,blue right.png,84828
7186,orange.png,blue.png,green blue.png,red.png,black left.png,84829
7187,red.png,blue.png,down black up red.png,green.png,red left.png,84830
7188,blue.png,blue.png,down black up red.png,black.png,green left.png,84831
7189,orange.png,black.png,black yellow yellow black.png,black.png,black right.png,84832
7190,red.png,red.png,yellow green blue.png,black.png,orange left.png,84833
7191,black.png,black.png,orange yellow.png,orange.png,yellow left.png,84834
7192,orange.png,orange.png,yellow green blue.png,blue.png,orange right.png,84835
7193,yellow.png,yellow.png,green red.png,red.png,none.png,84836
7194,black.png,green.png,yellow blue.png,yellow.png,black left.png,84837
7195,red.png,red.png,green red.png,blue.png,blue left.png,84838
7196,red.png,red.png,green blue.png,blue.png,red left.png,84839
7197,blue.png,orange.png,black yellow yellow black.png,blue.png,orange right.png,84840
7198,black.png,green.png,yellow red.png,green.png,orange right.png,84841
7199,green.png,orange.png,black red.png,yellow.png,blue right.png,84842
7200,blue.png,blue.png,multicolor.png,blue.png,none.png,84843
7201,red.png,green.png,yellow green blue.png,red.png,blue left.png,84844
7202,blue.png,red.png,left black yellow.png,yellow.png,blue left.png,84845
7203,blue.png,yellow.png,orange blue.png,green.png,red left.png,84846
7204,blue.png,red.png,up_and_out black yellow.png,blue.png,blue left.png,84847
7205,yellow.png,green.png,red blue.png,green.png,blue left.png,84848
7206,yellow.png,blue.png,green yellow.png,yellow.png,red left.png,84849
7207,black.png,green.png,multicolor.png,green.png,red left.png,84850
7208,red.png,blue.png,blue red.png,blue.png,green left.png,84851
7209,orange.png,green.png,red blue.png,green.png,green right.png,84852
7210,black.png,yellow.png,down black up red.png,yellow.png,yellow right.png,84853
7211,yellow.png,orange.png,orange yellow.png,yellow.png,orange right.png,84854
7212,yellow.png,black.png,green yellow.png,green.png,black left.png,84855
7213,blue.png,orange.png,green blue.png,yellow.png,blue right.png,84856
7214,orange.png,black.png,orange yellow.png,red.png,blue right.png,84857
7215,yellow.png,red.png,green red.png,yellow.png,blue right.png,84858
7216,blue.png,blue.png,green yellow.png,green.png,black left.png,84859
7217,black.png,red.png,red blue.png,green.png,green left.png,84860
7218,red.png,orange.png,yellow red.png,black.png,yellow left.png,84861
7219,black.png,orange.png,green blue.png,yellow.png,blue right.png,84862
7220,blue.png,orange.png,black red.png,blue.png,green left.png,84863
7221,yellow.png,green.png,down black up red.png,red.png,black right.png,84864
7222,red.png,red.png,yellow black black yellow.png,red.png,blue left.png,84865
7223,blue.png,yellow.png,orange blue.png,red.png,yellow right.png,84866
7224,red.png,blue.png,green red.png,orange.png,yellow left.png,84867
7225,blue.png,blue.png,black yellow yellow black.png,green.png,green left.png,84868
7226,green.png,green.png,down black up red.png,blue.png,yellow left.png,84869
7227,green.png,red.png,up_and_out black yellow.png,black.png,orange left.png,84870
7228,black.png,red.png,green yellow.png,green.png,none.png,84871
7229,red.png,orange.png,green yellow.png,yellow.png,yellow right.png,84872
7230,blue.png,black.png,green blue.png,blue.png,yellow right.png,84873
7231,orange.png,yellow.png,blue red.png,black.png,green right.png,84874
7232,green.png,yellow.png,yellow red.png,black.png,red left.png,84875
7233,red.png,orange.png,yellow black black yellow.png,red.png,green left.png,84876
7234,green.png,green.png,up_and_out black yellow.png,orange.png,green right.png,84877
7235,blue.png,green.png,black red.png,green.png,orange left.png,84878
7236,green.png,red.png,blue red.png,red.png,orange right.png,84879
7237,red.png,red.png,blue red.png,black.png,green right.png,84880
7238,red.png,black.png,black red.png,orange.png,none.png,84881
7239,blue.png,green.png,left black yellow.png,orange.png,yellow right.png,84882
7240,yellow.png,red.png,black red.png,green.png,none.png,84883
7241,orange.png,yellow.png,yellow black black yellow.png,black.png,green right.png,84884
7242,green.png,orange.png,yellow red.png,black.png,blue left.png,84885
7243,black.png,orange.png,green blue.png,green.png,blue right.png,84886
7244,red.png,blue.png,red blue.png,blue.png,yellow left.png,84887
7245,blue.png,black.png,up_and_out black yellow.png,blue.png,none.png,84888
7246,yellow.png,black.png,yellow blue.png,orange.png,black right.png,84889
7247,black.png,yellow.png,yellow green blue.png,black.png,yellow left.png,84890
7248,yellow.png,red.png,yellow green blue.png,yellow.png,yellow left.png,84891
7249,orange.png,green.png,yellow green blue.png,orange.png,blue right.png,84892
7250,black.png,yellow.png,up_and_out black yellow.png,red.png,yellow left.png,84893
7251,green.png,orange.png,yellow red.png,red.png,none.png,84894
7252,black.png,blue.png,blue red.png,black.png,blue right.png,84895
7253,black.png,orange.png,up_and_out black yellow.png,yellow.png,black left.png,84896
7254,yellow.png,orange.png,red blue.png,black.png,yellow right.png,84897
7255,red.png,yellow.png,orange yellow.png,blue.png,yellow right.png,84898
7256,orange.png,red.png,down black up red.png,black.png,black left.png,84899
7257,orange.png,blue.png,black yellow yellow black.png,black.png,blue left.png,84900
7258,green.png,yellow.png,yellow green blue.png,blue.png,orange left.png,84901
7259,black.png,orange.png,yellow red.png,black.png,yellow right.png,84902
7260,green.png,black.png,orange yellow.png,orange.png,blue right.png,84903
7261,green.png,blue.png,left black yellow.png,red.png,black left.png,84904
7262,yellow.png,black.png,multicolor.png,black.png,red left.png,84905
7263,blue.png,green.png,left black yellow.png,green.png,green left.png,84906
7264,green.png,blue.png,down black up red.png,yellow.png,blue right.png,84907
7265,blue.png,yellow.png,multicolor.png,orange.png,orange left.png,84908
7266,yellow.png,orange.png,blue red.png,yellow.png,orange left.png,84909
7267,black.png,black.png,black yellow.png,orange.png,none.png,84910
7268,yellow.png,orange.png,green red.png,black.png,orange left.png,84911
7269,orange.png,red.png,yellow red.png,yellow.png,orange right.png,84912
7270,red.png,yellow.png,left black yellow.png,blue.png,blue left.png,84913
7271,blue.png,blue.png,yellow blue.png,black.png,yellow left.png,84914
7272,green.png,blue.png,yellow blue.png,green.png,orange right.png,84915
7273,red.png,red.png,blue red.png,yellow.png,blue right.png,84916
7274,green.png,yellow.png,yellow green blue.png,yellow.png,yellow left.png,84917
7275,red.png,red.png,orange yellow.png,yellow.png,red left.png,84918
7276,blue.png,orange.png,black red.png,green.png,black right.png,84919
7277,green.png,red.png,multicolor.png,yellow.png,black right.png,84920
7278,yellow.png,orange.png,left black yellow.png,orange.png,yellow right.png,84921
7279,blue.png,yellow.png,orange blue.png,orange.png,black left.png,84922
7280,green.png,orange.png,green red.png,orange.png,black right.png,84923
7281,green.png,yellow.png,orange yellow.png,blue.png,blue left.png,84924
7282,red.png,black.png,yellow black black yellow.png,yellow.png,green left.png,84925
7283,green.png,blue.png,green red.png,yellow.png,green left.png,84926
7284,yellow.png,green.png,red blue.png,orange.png,blue left.png,84927
7285,orange.png,blue.png,red blue.png,blue.png,black left.png,84928
7286,yellow.png,green.png,multicolor.png,orange.png,black left.png,84929
7287,yellow.png,green.png,black yellow yellow black.png,yellow.png,orange left.png,84930
7288,red.png,orange.png,yellow green blue.png,black.png,yellow right.png,84931
7289,red.png,orange.png,yellow blue.png,green.png,blue right.png,84932
7290,black.png,red.png,left black yellow.png,red.png,orange right.png,84933
7291,orange.png,red.png,left black yellow.png,yellow.png,black right.png,84934
7292,orange.png,orange.png,green blue.png,red.png,yellow left.png,84935
7293,blue.png,orange.png,yellow black black yellow.png,yellow.png,black left.png,84936
7294,orange.png,red.png,green yellow.png,red.png,orange right.png,84937
7295,yellow.png,blue.png,yellow blue.png,black.png,green left.png,84938
7296,orange.png,green.png,multicolor.png,black.png,green left.png,84939
7297,black.png,red.png,orange yellow.png,black.png,black right.png,84940
7298,green.png,orange.png,blue red.png,red.png,black right.png,84941
7299,black.png,green.png,yellow black black yellow.png,blue.png,green left.png,84942
7300,blue.png,red.png,red blue.png,blue.png,green left.png,84943
7301,green.png,red.png,left black yellow.png,blue.png,black right.png,84944
7302,orange.png,blue.png,black yellow.png,orange.png,yellow right.png,84945
7303,green.png,black.png,green red.png,red.png,none.png,84946
7304,yellow.png,green.png,orange blue.png,black.png,black right.png,84947
7305,yellow.png,orange.png,orange yellow.png,black.png,black right.png,84948
7306,orange.png,black.png,yellow green blue.png,green.png,black right.png,84949
7307,orange.png,orange.png,yellow blue.png,green.png,black left.png,84950
7308,red.png,yellow.png,black red.png,green.png,orange left.png,84951
7309,yellow.png,blue.png,red blue.png,red.png,red left.png,84952
7310,blue.png,blue.png,yellow blue.png,green.png,orange right.png,84953
7311,black.png,yellow.png,blue red.png,blue.png,orange right.png,84954
7312,orange.png,green.png,green yellow.png,red.png,none.png,84955
7313,black.png,black.png,black yellow yellow black.png,orange.png,green left.png,84956
7314,yellow.png,red.png,yellow black black yellow.png,orange.png,red left.png,84957
7315,blue.png,black.png,black yellow.png,yellow.png,yellow left.png,84958
7316,green.png,yellow.png,green yellow.png,green.png,orange right.png,84959
7317,green.png,yellow.png,red blue.png,orange.png,red left.png,84960
7318,black.png,red.png,left black yellow.png,yellow.png,black right.png,84961
7319,green.png,green.png,blue red.png,black.png,none.png,84962
7320,yellow.png,red.png,up_and_out black yellow.png,green.png,red left.png,84963
7321,orange.png,green.png,yellow green blue.png,yellow.png,green right.png,84964
7322,red.png,red.png,orange yellow.png,orange.png,green right.png,84965
7323,yellow.png,yellow.png,yellow black black yellow.png,red.png,blue right.png,84966
7324,black.png,orange.png,green blue.png,black.png,green right.png,84967
7325,yellow.png,green.png,black yellow yellow black.png,orange.png,black right.png,84968
7326,black.png,red.png,black yellow.png,orange.png,none.png,84969
7327,blue.png,green.png,red blue.png,red.png,green right.png,84970
7328,blue.png,blue.png,yellow black black yellow.png,red.png,orange left.png,84971
7329,blue.png,orange.png,black red.png,black.png,green left.png,84972
7330,red.png,orange.png,yellow red.png,black.png,red left.png,84973
7331,yellow.png,orange.png,yellow black black yellow.png,red.png,black right.png,84974
7332,red.png,black.png,green yellow.png,green.png,yellow right.png,84975
7333,blue.png,black.png,blue red.png,yellow.png,black left.png,84976
7334,yellow.png,black.png,orange blue.png,yellow.png,black left.png,84977
7335,orange.png,yellow.png,black yellow yellow black.png,red.png,orange right.png,84978
7336,blue.png,orange.png,green red.png,yellow.png,black right.png,84979
7337,orange.png,blue.png,black yellow.png,yellow.png,black left.png,84980
7338,orange.png,red.png,green red.png,blue.png,orange left.png,84981
7339,red.png,orange.png,multicolor.png,orange.png,orange left.png,84982
7340,red.png,orange.png,green yellow.png,orange.png,green right.png,84983
7341,black.png,green.png,up_and_out black yellow.png,orange.png,yellow left.png,84984
7342,black.png,red.png,green red.png,green.png,orange left.png,84985
7343,red.png,black.png,green red.png,blue.png,blue right.png,84986
7344,green.png,blue.png,black yellow yellow black.png,yellow.png,green left.png,84987
7345,blue.png,green.png,black yellow yellow black.png,yellow.png,blue right.png,84988
7346,orange.png,orange.png,orange blue.png,green.png,blue right.png,84989
7347,green.png,red.png,yellow red.png,red.png,black left.png,84990
7348,black.png,yellow.png,multicolor.png,black.png,blue left.png,84991
7349,orange.png,red.png,down black up red.png,yellow.png,blue right.png,84992
7350,blue.png,red.png,yellow green blue.png,yellow.png,orange left.png,84993
7351,black.png,blue.png,black yellow.png,green.png,blue left.png,84994
7352,black.png,blue.png,up_and_out black yellow.png,black.png,blue left.png,84995
7353,black.png,black.png,multicolor.png,green.png,orange left.png,84996
7354,blue.png,yellow.png,orange yellow.png,red.png,green left.png,84997
7355,red.png,blue.png,orange blue.png,red.png,yellow right.png,84998
7356,green.png,orange.png,yellow red.png,black.png,black left.png,84999
7357,red.png,orange.png,left black yellow.png,yellow.png,blue right.png,85000
7358,green.png,black.png,green red.png,red.png,black left.png,85001
7359,yellow.png,orange.png,yellow red.png,yellow.png,yellow left.png,85002
7360,yellow.png,black.png,red blue.png,yellow.png,yellow left.png,85003
7361,black.png,blue.png,yellow red.png,orange.png,orange left.png,85004
7362,yellow.png,orange.png,yellow blue.png,red.png,black left.png,85005
7363,orange.png,black.png,black yellow yellow black.png,green.png,green right.png,85006
7364,green.png,orange.png,red blue.png,green.png,yellow right.png,85007
7365,green.png,black.png,up_and_out black yellow.png,green.png,none.png,85008
7366,yellow.png,orange.png,up_and_out black yellow.png,green.png,yellow left.png,85009
7367,blue.png,red.png,left black yellow.png,blue.png,green right.png,85010
7368,yellow.png,orange.png,yellow green blue.png,blue.png,orange right.png,85011
7369,green.png,orange.png,orange yellow.png,blue.png,blue right.png,85012
7370,yellow.png,blue.png,black red.png,yellow.png,blue left.png,85013
7371,green.png,yellow.png,black yellow yellow black.png,green.png,red left.png,85014
7372,orange.png,black.png,orange blue.png,red.png,blue right.png,85015
7373,red.png,red.png,yellow blue.png,green.png,black right.png,85016
7374,red.png,yellow.png,red blue.png,black.png,orange right.png,85017
7375,orange.png,red.png,green red.png,black.png,black left.png,85018
7376,black.png,orange.png,green red.png,blue.png,green left.png,85019
7377,red.png,orange.png,left black yellow.png,yellow.png,orange right.png,85020
7378,blue.png,yellow.png,black yellow.png,yellow.png,orange left.png,85021
7379,blue.png,orange.png,yellow blue.png,red.png,yellow left.png,85022
7380,orange.png,green.png,yellow green blue.png,black.png,yellow right.png,85023
7381,red.png,black.png,black red.png,yellow.png,blue left.png,85024
7382,black.png,green.png,orange blue.png,yellow.png,black left.png,85025
7383,red.png,blue.png,black yellow.png,blue.png,black right.png,85026
7384,red.png,orange.png,left black yellow.png,black.png,green left.png,85027
7385,red.png,blue.png,black yellow yellow black.png,green.png,red left.png,85028
7386,yellow.png,yellow.png,black red.png,green.png,blue right.png,85029
7387,blue.png,yellow.png,green blue.png,green.png,red left.png,85030
7388,blue.png,green.png,down black up red.png,green.png,blue left.png,85031
7389,blue.png,blue.png,green yellow.png,green.png,black right.png,85032
7390,red.png,black.png,black yellow yellow black.png,green.png,yellow left.png,85033
7391,black.png,black.png,yellow red.png,orange.png,yellow left.png,85034
7392,orange.png,black.png,yellow black black yellow.png,black.png,green left.png,85035
7393,red.png,yellow.png,blue red.png,blue.png,black right.png,85036
7394,red.png,red.png,black yellow.png,black.png,green right.png,85037
7395,green.png,green.png,green yellow.png,orange.png,black right.png,85038
7396,yellow.png,yellow.png,green yellow.png,blue.png,orange left.png,85039
7397,green.png,orange.png,down black up red.png,green.png,green right.png,85040
7398,blue.png,orange.png,multicolor.png,black.png,blue left.png,85041
7399,yellow.png,black.png,black yellow yellow black.png,blue.png,red left.png,85042
7400,black.png,green.png,black yellow yellow black.png,blue.png,blue left.png,85043
7401,yellow.png,blue.png,orange yellow.png,yellow.png,none.png,85044
7402,blue.png,green.png,black yellow yellow black.png,black.png,blue right.png,85045
7403,red.png,green.png,yellow black black yellow.png,orange.png,none.png,85046
7404,blue.png,blue.png,green blue.png,blue.png,red left.png,85047
7405,blue.png,yellow.png,black yellow.png,black.png,orange right.png,85048
7406,red.png,red.png,left black yellow.png,red.png,blue left.png,85049
7407,green.png,black.png,yellow green blue.png,yellow.png,black left.png,85050
7408,red.png,orange.png,black yellow.png,yellow.png,none.png,85051
7409,red.png,black.png,black yellow.png,green.png,red left.png,85052
7410,yellow.png,green.png,left black yellow.png,black.png,black right.png,85053
7411,orange.png,green.png,up_and_out black yellow.png,red.png,black left.png,85054
7412,orange.png,green.png,orange yellow.png,orange.png,green left.png,85055
7413,black.png,green.png,left black yellow.png,orange.png,green left.png,85056
7414,yellow.png,yellow.png,orange yellow.png,blue.png,green left.png,85057
7415,orange.png,red.png,yellow red.png,black.png,green left.png,85058
7416,green.png,blue.png,yellow blue.png,yellow.png,green left.png,85059
7417,green.png,blue.png,yellow green blue.png,green.png,orange left.png,85060
7418,red.png,black.png,yellow blue.png,blue.png,yellow left.png,85061
7419,red.png,orange.png,yellow green blue.png,green.png,black left.png,85062
7420,blue.png,black.png,left black yellow.png,green.png,green right.png,85063
7421,green.png,black.png,yellow blue.png,red.png,orange left.png,85064
7422,green.png,blue.png,green yellow.png,orange.png,orange left.png,85065
7423,yellow.png,red.png,red blue.png,blue.png,black right.png,85066
7424,black.png,red.png,blue red.png,orange.png,black left.png,85067
7425,green.png,black.png,blue red.png,orange.png,yellow left.png,85068
7426,black.png,blue.png,black yellow.png,red.png,red left.png,85069
7427,red.png,blue.png,orange yellow.png,black.png,blue left.png,85070
7428,orange.png,yellow.png,black yellow yellow black.png,black.png,yellow right.png,85071
7429,red.png,black.png,yellow black black yellow.png,blue.png,yellow right.png,85072
7430,blue.png,red.png,green yellow.png,orange.png,blue right.png,85073
7431,yellow.png,blue.png,yellow black black yellow.png,green.png,black left.png,85074
7432,yellow.png,red.png,green red.png,green.png,red left.png,85075
7433,green.png,green.png,green yellow.png,green.png,none.png,85076
7434,black.png,yellow.png,yellow green blue.png,blue.png,green right.png,85077
7435,yellow.png,blue.png,green blue.png,orange.png,green right.png,85078
7436,black.png,green.png,yellow green blue.png,red.png,black left.png,85079
7437,red.png,orange.png,blue red.png,red.png,black left.png,85080
7438,black.png,blue.png,yellow green blue.png,green.png,yellow left.png,85081
7439,green.png,green.png,green blue.png,red.png,red left.png,85082
7440,blue.png,yellow.png,yellow green blue.png,green.png,green right.png,85083
7441,black.png,orange.png,green yellow.png,green.png,green left.png,85084
7442,orange.png,green.png,black red.png,green.png,orange right.png,85085
7443,red.png,red.png,green red.png,yellow.png,green left.png,85086
7444,black.png,red.png,down black up red.png,yellow.png,orange left.png,85087
7445,green.png,green.png,orange blue.png,green.png,blue left.png,85088
7446,green.png,green.png,red blue.png,green.png,black left.png,85089
7447,yellow.png,black.png,green yellow.png,red.png,yellow left.png,85090
7448,green.png,blue.png,orange yellow.png,yellow.png,green right.png,85091
7449,orange.png,red.png,down black up red.png,red.png,red left.png,85092
7450,blue.png,yellow.png,green yellow.png,yellow.png,red left.png,85093
7451,black.png,green.png,yellow blue.png,red.png,orange right.png,85094
7452,red.png,yellow.png,green red.png,blue.png,black left.png,85095
7453,blue.png,blue.png,multicolor.png,green.png,black left.png,85096
7454,green.png,orange.png,black yellow yellow black.png,green.png,blue left.png,85097
7455,blue.png,yellow.png,black red.png,black.png,red left.png,85098
7456,green.png,black.png,green red.png,red.png,orange left.png,85099
7457,green.png,black.png,black yellow yellow black.png,green.png,black right.png,85100
7458,yellow.png,blue.png,yellow green blue.png,blue.png,green right.png,85101
7459,yellow.png,green.png,green yellow.png,yellow.png,blue right.png,85102
7460,red.png,black.png,left black yellow.png,green.png,green left.png,85103
7461,red.png,blue.png,yellow red.png,black.png,yellow left.png,85104
7462,blue.png,black.png,black red.png,blue.png,green left.png,85105
7463,blue.png,black.png,yellow green blue.png,black.png,green right.png,85106
7464,green.png,black.png,orange blue.png,blue.png,yellow left.png,85107
7465,yellow.png,green.png,up_and_out black yellow.png,black.png,green left.png,85108
7466,red.png,green.png,yellow green blue.png,orange.png,yellow left.png,85109
7467,red.png,yellow.png,black yellow.png,orange.png,green right.png,85110
7468,black.png,yellow.png,up_and_out black yellow.png,green.png,black right.png,85111
7469,red.png,orange.png,yellow blue.png,black.png,black left.png,85112
7470,red.png,black.png,black yellow.png,black.png,black right.png,85113
7471,green.png,blue.png,red blue.png,red.png,black right.png,85114
7472,black.png,blue.png,yellow black black yellow.png,red.png,red left.png,85115
7473,black.png,yellow.png,up_and_out black yellow.png,red.png,blue left.png,85116
7474,green.png,blue.png,yellow red.png,green.png,blue right.png,85117
7475,blue.png,blue.png,green blue.png,black.png,orange right.png,85118
7476,red.png,green.png,blue red.png,blue.png,orange right.png,85119
7477,yellow.png,orange.png,down black up red.png,yellow.png,blue right.png,85120
7478,orange.png,orange.png,yellow red.png,yellow.png,yellow right.png,85121
7479,black.png,blue.png,black red.png,blue.png,blue right.png,85122
7480,blue.png,blue.png,green blue.png,green.png,red left.png,85123
7481,yellow.png,red.png,up_and_out black yellow.png,yellow.png,green left.png,85124
7482,blue.png,blue.png,blue red.png,green.png,yellow right.png,85125
7483,orange.png,green.png,green yellow.png,red.png,yellow right.png,85126
7484,yellow.png,yellow.png,black yellow yellow black.png,yellow.png,green left.png,85127
7485,blue.png,blue.png,green yellow.png,yellow.png,black left.png,85128
7486,black.png,blue.png,up_and_out black yellow.png,black.png,yellow right.png,85129
7487,yellow.png,red.png,yellow blue.png,green.png,green right.png,85130
7488,yellow.png,blue.png,multicolor.png,black.png,yellow left.png,85131
7489,blue.png,orange.png,green yellow.png,yellow.png,blue left.png,85132
7490,red.png,green.png,black red.png,orange.png,orange left.png,85133
7491,black.png,green.png,yellow green blue.png,orange.png,green right.png,85134
7492,orange.png,yellow.png,black yellow.png,orange.png,orange left.png,85135
7493,blue.png,blue.png,orange blue.png,yellow.png,blue left.png,85136
7494,blue.png,green.png,up_and_out black yellow.png,black.png,orange left.png,85137
7495,red.png,red.png,red blue.png,yellow.png,red left.png,85138
7496,red.png,blue.png,black red.png,black.png,black right.png,85139
7497,red.png,black.png,green blue.png,blue.png,red left.png,85140
7498,orange.png,blue.png,down black up red.png,red.png,black right.png,85141
7499,yellow.png,red.png,yellow blue.png,red.png,orange left.png,85142
7500,blue.png,yellow.png,green yellow.png,red.png,black right.png,85143
7501,red.png,orange.png,orange blue.png,blue.png,blue right.png,85144
7502,yellow.png,red.png,orange blue.png,green.png,green right.png,85145
7503,green.png,blue.png,blue red.png,black.png,red left.png,85146
7504,black.png,orange.png,down black up red.png,orange.png,blue left.png,85147
7505,green.png,green.png,yellow blue.png,blue.png,blue right.png,85148
7506,blue.png,blue.png,yellow red.png,red.png,black right.png,85149
7507,orange.png,blue.png,black yellow.png,black.png,orange left.png,85150
7508,black.png,blue.png,green red.png,green.png,red left.png,85151
7509,blue.png,orange.png,left black yellow.png,red.png,green left.png,85152
7510,green.png,green.png,yellow green blue.png,green.png,blue right.png,85153
7511,green.png,yellow.png,black yellow yellow black.png,red.png,blue left.png,85154
7512,red.png,blue.png,blue red.png,orange.png,blue left.png,85155
7513,green.png,blue.png,down black up red.png,red.png,black right.png,85156
7514,green.png,yellow.png,up_and_out black yellow.png,red.png,green right.png,85157
7515,green.png,blue.png,green red.png,blue.png,black left.png,85158
7516,blue.png,blue.png,down black up red.png,black.png,red left.png,85159
7517,yellow.png,red.png,yellow green blue.png,green.png,black left.png,85160
7518,black.png,red.png,black red.png,black.png,yellow left.png,85161
7519,blue.png,red.png,orange yellow.png,green.png,none.png,85162
7520,yellow.png,red.png,black yellow yellow black.png,blue.png,green left.png,85163
7521,yellow.png,orange.png,left black yellow.png,green.png,blue left.png,85164
7522,orange.png,blue.png,yellow red.png,black.png,black left.png,85165
7523,black.png,red.png,black yellow yellow black.png,green.png,green right.png,85166
7524,orange.png,blue.png,red blue.png,blue.png,yellow left.png,85167
7525,black.png,blue.png,green yellow.png,red.png,yellow left.png,85168
7526,blue.png,green.png,yellow red.png,green.png,orange left.png,85169
7527,red.png,yellow.png,down black up red.png,orange.png,black right.png,85170
7528,red.png,green.png,yellow black black yellow.png,blue.png,orange left.png,85171
7529,orange.png,blue.png,black red.png,blue.png,black right.png,85172
7530,green.png,yellow.png,left black yellow.png,blue.png,black right.png,85173
7531,orange.png,blue.png,green blue.png,blue.png,green right.png,85174
7532,green.png,green.png,yellow red.png,blue.png,orange left.png,85175
7533,red.png,blue.png,yellow black black yellow.png,red.png,red left.png,85176
7534,blue.png,red.png,orange blue.png,blue.png,blue left.png,85177
7535,yellow.png,blue.png,red blue.png,red.png,green left.png,85178
7536,red.png,yellow.png,green red.png,black.png,orange right.png,85179
7537,orange.png,orange.png,black yellow yellow black.png,orange.png,none.png,85180
7538,green.png,orange.png,orange yellow.png,orange.png,orange left.png,85181
7539,orange.png,red.png,green red.png,black.png,green left.png,85182
7540,black.png,yellow.png,black yellow yellow black.png,black.png,black left.png,85183
7541,blue.png,green.png,green yellow.png,black.png,orange left.png,85184
7542,green.png,black.png,red blue.png,blue.png,orange left.png,85185
7543,red.png,black.png,green blue.png,green.png,black right.png,85186
7544,orange.png,red.png,black yellow yellow black.png,blue.png,black right.png,85187
7545,green.png,blue.png,up_and_out black yellow.png,blue.png,none.png,85188
7546,blue.png,red.png,down black up red.png,red.png,green right.png,85189
7547,blue.png,yellow.png,green yellow.png,green.png,black left.png,85190
7548,orange.png,orange.png,multicolor.png,green.png,yellow left.png,85191
7549,black.png,blue.png,multicolor.png,blue.png,blue left.png,85192
7550,yellow.png,yellow.png,black yellow.png,blue.png,blue right.png,85193
7551,yellow.png,yellow.png,left black yellow.png,green.png,yellow left.png,85194
7552,yellow.png,orange.png,black yellow.png,green.png,black left.png,85195
7553,blue.png,yellow.png,yellow red.png,green.png,green left.png,85196
7554,orange.png,orange.png,yellow red.png,black.png,black right.png,85197
7555,black.png,yellow.png,green blue.png,yellow.png,yellow left.png,85198
7556,black.png,yellow.png,green blue.png,red.png,black right.png,85199
7557,green.png,red.png,multicolor.png,yellow.png,blue right.png,85200
7558,yellow.png,yellow.png,yellow blue.png,green.png,blue right.png,85201
7559,green.png,red.png,down black up red.png,red.png,black left.png,85202
7560,orange.png,yellow.png,black red.png,blue.png,blue left.png,85203
7561,black.png,black.png,black red.png,orange.png,green right.png,85204
7562,blue.png,blue.png,yellow blue.png,yellow.png,blue left.png,85205
7563,orange.png,yellow.png,green yellow.png,yellow.png,blue left.png,85206
7564,green.png,orange.png,green red.png,yellow.png,green right.png,85207
7565,orange.png,blue.png,multicolor.png,red.png,none.png,85208
7566,green.png,orange.png,green red.png,red.png,yellow right.png,85209
7567,orange.png,red.png,green blue.png,yellow.png,black right.png,85210
7568,yellow.png,orange.png,yellow black black yellow.png,green.png,orange left.png,85211
7569,blue.png,green.png,yellow green blue.png,green.png,green left.png,85212
7570,blue.png,blue.png,red blue.png,green.png,black right.png,85213
7571,black.png,orange.png,green yellow.png,blue.png,green left.png,85214
7572,blue.png,blue.png,red blue.png,yellow.png,yellow right.png,85215
7573,black.png,orange.png,yellow green blue.png,blue.png,black left.png,85216
7574,yellow.png,red.png,green red.png,black.png,green left.png,85217
7575,green.png,blue.png,red blue.png,yellow.png,black right.png,85218
7576,green.png,red.png,yellow green blue.png,orange.png,blue right.png,85219
7577,green.png,blue.png,red blue.png,orange.png,black left.png,85220
7578,red.png,black.png,black yellow.png,blue.png,orange right.png,85221
7579,red.png,blue.png,black yellow.png,yellow.png,blue left.png,85222
7580,orange.png,green.png,up_and_out black yellow.png,red.png,green right.png,85223
7581,blue.png,red.png,black yellow.png,red.png,none.png,85224
7582,red.png,yellow.png,black yellow.png,green.png,green right.png,85225
7583,yellow.png,orange.png,yellow green blue.png,black.png,blue right.png,85226
7584,red.png,red.png,red blue.png,red.png,blue right.png,85227
7585,black.png,yellow.png,orange yellow.png,blue.png,blue left.png,85228
7586,red.png,black.png,black yellow yellow black.png,red.png,green left.png,85229
7587,green.png,green.png,black yellow.png,black.png,blue left.png,85230
7588,blue.png,red.png,orange blue.png,yellow.png,orange right.png,85231
7589,green.png,blue.png,red blue.png,red.png,green left.png,85232
7590,black.png,yellow.png,up_and_out black yellow.png,red.png,green right.png,85233
7591,green.png,yellow.png,black yellow.png,black.png,blue left.png,85234
7592,black.png,black.png,orange blue.png,blue.png,blue right.png,85235
7593,blue.png,orange.png,down black up red.png,black.png,yellow left.png,85236
7594,blue.png,blue.png,green red.png,yellow.png,blue right.png,85237
7595,green.png,yellow.png,black yellow yellow black.png,blue.png,orange right.png,85238
7596,orange.png,black.png,up_and_out black yellow.png,red.png,black right.png,85239
7597,black.png,orange.png,yellow red.png,green.png,black right.png,85240
7598,orange.png,yellow.png,multicolor.png,orange.png,yellow left.png,85241
7599,red.png,green.png,orange blue.png,red.png,yellow right.png,85242
7600,black.png,green.png,black red.png,green.png,orange right.png,85243
7601,red.png,blue.png,black red.png,green.png,yellow right.png,85244
7602,orange.png,red.png,yellow black black yellow.png,red.png,yellow right.png,85245
7603,blue.png,yellow.png,yellow red.png,orange.png,green left.png,85246
7604,red.png,yellow.png,green yellow.png,black.png,yellow left.png,85247
7605,black.png,orange.png,orange blue.png,green.png,blue right.png,85248
7606,black.png,yellow.png,green blue.png,orange.png,blue right.png,85249
7607,blue.png,yellow.png,green blue.png,yellow.png,red left.png,85250
7608,black.png,yellow.png,black red.png,red.png,black left.png,85251
7609,black.png,black.png,black yellow yellow black.png,green.png,yellow right.png,85252
7610,green.png,blue.png,green yellow.png,blue.png,blue right.png,85253
7611,green.png,blue.png,yellow blue.png,green.png,green left.png,85254
7612,yellow.png,blue.png,black yellow.png,red.png,yellow left.png,85255
7613,green.png,green.png,orange yellow.png,black.png,green left.png,85256
7614,orange.png,blue.png,yellow blue.png,orange.png,green left.png,85257
7615,black.png,black.png,green red.png,red.png,black left.png,85258
7616,blue.png,black.png,orange yellow.png,black.png,none.png,85259
7617,yellow.png,yellow.png,orange blue.png,red.png,none.png,85260
7618,orange.png,red.png,red blue.png,yellow.png,orange left.png,85261
7619,red.png,green.png,left black yellow.png,green.png,red left.png,85262
7620,yellow.png,yellow.png,yellow red.png,black.png,black right.png,85263
7621,yellow.png,green.png,black yellow yellow black.png,red.png,orange left.png,85264
7622,green.png,green.png,blue red.png,red.png,green right.png,85265
7623,yellow.png,orange.png,orange blue.png,blue.png,none.png,85266
7624,red.png,red.png,multicolor.png,green.png,orange left.png,85267
7625,black.png,red.png,black red.png,yellow.png,orange right.png,85268
7626,green.png,yellow.png,black yellow yellow black.png,yellow.png,black right.png,85269
7627,orange.png,orange.png,left black yellow.png,orange.png,none.png,85270
7628,yellow.png,green.png,multicolor.png,green.png,blue right.png,85271
7629,yellow.png,orange.png,green blue.png,black.png,orange right.png,85272
7630,orange.png,yellow.png,left black yellow.png,orange.png,blue left.png,85273
7631,blue.png,black.png,blue red.png,yellow.png,green right.png,85274
7632,red.png,blue.png,red blue.png,black.png,black right.png,85275
7633,black.png,green.png,up_and_out black yellow.png,orange.png,green left.png,85276
7634,black.png,orange.png,multicolor.png,green.png,orange right.png,85277
7635,orange.png,black.png,yellow blue.png,yellow.png,black right.png,85278
7636,yellow.png,red.png,orange blue.png,black.png,yellow right.png,85279
7637,black.png,green.png,yellow black black yellow.png,black.png,orange left.png,85280
7638,orange.png,blue.png,yellow black black yellow.png,black.png,black right.png,85281
7639,green.png,green.png,yellow red.png,red.png,yellow right.png,85282
7640,orange.png,orange.png,orange yellow.png,black.png,black left.png,85283
7641,black.png,blue.png,green red.png,red.png,green left.png,85284
7642,orange.png,black.png,multicolor.png,blue.png,blue right.png,85285
7643,yellow.png,black.png,yellow black black yellow.png,blue.png,green left.png,85286
7644,yellow.png,green.png,multicolor.png,orange.png,orange right.png,85287
7645,black.png,blue.png,yellow red.png,yellow.png,red left.png,85288
7646,red.png,green.png,up_and_out black yellow.png,green.png,green left.png,85289
7647,orange.png,black.png,blue red.png,yellow.png,orange right.png,85290
7648,red.png,red.png,black yellow.png,red.png,none.png,85291
7649,yellow.png,red.png,green red.png,red.png,black left.png,85292
7650,orange.png,yellow.png,blue red.png,blue.png,black right.png,85293
7651,green.png,black.png,left black yellow.png,orange.png,green right.png,85294
7652,blue.png,yellow.png,black red.png,blue.png,black left.png,85295
7653,orange.png,orange.png,green yellow.png,black.png,green left.png,85296
7654,red.png,green.png,green yellow.png,orange.png,blue right.png,85297
7655,red.png,orange.png,yellow black black yellow.png,yellow.png,orange left.png,85298
7656,blue.png,red.png,down black up red.png,orange.png,orange left.png,85299
7657,orange.png,orange.png,orange blue.png,green.png,red left.png,85300
7658,green.png,black.png,green red.png,green.png,black left.png,85301
7659,blue.png,blue.png,black yellow yellow black.png,yellow.png,orange right.png,85302
7660,yellow.png,green.png,green yellow.png,orange.png,red left.png,85303
7661,green.png,black.png,yellow blue.png,blue.png,black right.png,85304
7662,blue.png,blue.png,black yellow yellow black.png,yellow.png,blue right.png,85305
7663,red.png,black.png,down black up red.png,orange.png,yellow left.png,85306
7664,green.png,yellow.png,left black yellow.png,yellow.png,orange right.png,85307
7665,black.png,black.png,down black up red.png,blue.png,none.png,85308
7666,red.png,orange.png,yellow red.png,red.png,orange right.png,85309
7667,orange.png,green.png,black yellow.png,blue.png,blue right.png,85310
7668,blue.png,blue.png,multicolor.png,yellow.png,black right.png,85311
7669,black.png,green.png,orange yellow.png,yellow.png,black left.png,85312
7670,orange.png,black.png,left black yellow.png,red.png,red left.png,85313
7671,blue.png,green.png,green blue.png,green.png,none.png,85314
7672,black.png,orange.png,blue red.png,blue.png,yellow left.png,85315
7673,black.png,orange.png,orange blue.png,blue.png,red left.png,85316
7674,red.png,black.png,down black up red.png,red.png,none.png,85317
7675,orange.png,yellow.png,red blue.png,orange.png,blue left.png,85318
7676,blue.png,red.png,multicolor.png,red.png,black right.png,85319
7677,yellow.png,blue.png,green yellow.png,black.png,red left.png,85320
7678,black.png,green.png,green red.png,red.png,yellow right.png,85321
7679,orange.png,blue.png,blue red.png,black.png,green right.png,85322
7680,red.png,orange.png,up_and_out black yellow.png,orange.png,red left.png,85323
7681,red.png,green.png,up_and_out black yellow.png,blue.png,red left.png,85324
7682,orange.png,red.png,multicolor.png,red.png,none.png,85325
7683,red.png,red.png,up_and_out black yellow.png,blue.png,green right.png,85326
7684,black.png,yellow.png,blue red.png,red.png,black right.png,85327
7685,blue.png,orange.png,blue red.png,blue.png,green right.png,85328
7686,orange.png,red.png,green blue.png,green.png,green right.png,85329
7687,green.png,red.png,multicolor.png,black.png,yellow left.png,85330
7688,red.png,red.png,left black yellow.png,yellow.png,yellow left.png,85331
7689,yellow.png,orange.png,yellow red.png,yellow.png,green left.png,85332
7690,green.png,blue.png,orange yellow.png,blue.png,blue right.png,85333
7691,black.png,blue.png,orange blue.png,orange.png,orange left.png,85334
7692,yellow.png,black.png,black yellow.png,black.png,none.png,85335
7693,black.png,blue.png,orange yellow.png,blue.png,yellow left.png,85336
7694,black.png,orange.png,blue red.png,black.png,none.png,85337
7695,yellow.png,orange.png,left black yellow.png,yellow.png,black right.png,85338
7696,green.png,yellow.png,yellow red.png,black.png,green right.png,85339
7697,black.png,green.png,green red.png,yellow.png,yellow left.png,85340
7698,black.png,green.png,up_and_out black yellow.png,orange.png,red left.png,85341
7699,blue.png,red.png,yellow red.png,red.png,black left.png,85342
7700,yellow.png,blue.png,down black up red.png,red.png,none.png,85343
7701,green.png,black.png,yellow red.png,yellow.png,blue left.png,85344
7702,green.png,orange.png,black yellow.png,black.png,black right.png,85345
7703,black.png,black.png,black yellow.png,yellow.png,orange right.png,85346
7704,orange.png,red.png,orange yellow.png,green.png,blue right.png,85347
7705,yellow.png,blue.png,orange blue.png,orange.png,none.png,85348
7706,green.png,yellow.png,up_and_out black yellow.png,black.png,yellow left.png,85349
7707,yellow.png,red.png,left black yellow.png,black.png,orange left.png,85350
7708,orange.png,black.png,orange yellow.png,orange.png,red left.png,85351
7709,orange.png,green.png,orange yellow.png,blue.png,green left.png,85352
7710,orange.png,black.png,orange yellow.png,red.png,green left.png,85353
7711,yellow.png,red.png,multicolor.png,yellow.png,black left.png,85354
7712,red.png,red.png,green yellow.png,red.png,yellow left.png,85355
7713,blue.png,orange.png,left black yellow.png,red.png,yellow left.png,85356
7714,black.png,black.png,blue red.png,red.png,yellow right.png,85357
7715,green.png,yellow.png,black yellow yellow black.png,black.png,black left.png,85358
7716,blue.png,yellow.png,black yellow yellow black.png,yellow.png,yellow left.png,85359
7717,orange.png,green.png,green red.png,orange.png,blue right.png,85360
7718,red.png,red.png,green red.png,yellow.png,none.png,85361
7719,yellow.png,orange.png,multicolor.png,black.png,red left.png,85362
7720,orange.png,black.png,blue red.png,orange.png,yellow left.png,85363
7721,green.png,green.png,yellow black black yellow.png,red.png,orange left.png,85364
7722,red.png,blue.png,yellow blue.png,red.png,green right.png,85365
7723,green.png,yellow.png,black red.png,orange.png,blue right.png,85366
7724,black.png,green.png,black yellow.png,red.png,green left.png,85367
7725,black.png,blue.png,yellow black black yellow.png,blue.png,black left.png,85368
7726,orange.png,green.png,yellow red.png,yellow.png,blue right.png,85369
7727,orange.png,blue.png,yellow red.png,orange.png,green left.png,85370
7728,yellow.png,orange.png,red blue.png,black.png,red left.png,85371
7729,green.png,red.png,blue red.png,yellow.png,yellow right.png,85372
7730,green.png,orange.png,orange blue.png,yellow.png,black right.png,85373
7731,yellow.png,red.png,up_and_out black yellow.png,orange.png,black left.png,85374
7732,orange.png,blue.png,red blue.png,orange.png,orange left.png,85375
7733,yellow.png,red.png,left black yellow.png,blue.png,green right.png,85376
7734,orange.png,yellow.png,left black yellow.png,green.png,black left.png,85377
7735,black.png,red.png,green yellow.png,green.png,green left.png,85378
7736,red.png,green.png,down black up red.png,red.png,orange right.png,85379
7737,red.png,black.png,orange yellow.png,yellow.png,blue left.png,85380
7738,orange.png,blue.png,yellow blue.png,black.png,orange left.png,85381
7739,green.png,black.png,left black yellow.png,black.png,none.png,85382
7740,orange.png,black.png,down black up red.png,blue.png,red left.png,85383
7741,yellow.png,yellow.png,orange yellow.png,red.png,none.png,85384
7742,yellow.png,red.png,left black yellow.png,red.png,black right.png,85385
7743,yellow.png,yellow.png,black red.png,blue.png,none.png,85386
7744,green.png,orange.png,black yellow.png,orange.png,yellow right.png,85387
7745,black.png,green.png,left black yellow.png,orange.png,blue left.png,85388
7746,black.png,red.png,left black yellow.png,red.png,green right.png,85389
7747,orange.png,yellow.png,yellow black black yellow.png,yellow.png,green right.png,85390
7748,green.png,yellow.png,black red.png,black.png,orange left.png,85391
7749,black.png,orange.png,left black yellow.png,red.png,yellow left.png,85392
7750,green.png,black.png,orange yellow.png,yellow.png,orange right.png,85393
7751,black.png,black.png,red blue.png,black.png,green right.png,85394
7752,orange.png,red.png,red blue.png,red.png,black right.png,85395
7753,yellow.png,green.png,black red.png,green.png,green right.png,85396
7754,black.png,green.png,multicolor.png,blue.png,yellow left.png,85397
7755,red.png,blue.png,down black up red.png,orange.png,yellow left.png,85398
7756,green.png,black.png,up_and_out black yellow.png,green.png,red left.png,85399
7757,orange.png,black.png,orange yellow.png,green.png,none.png,85400
7758,orange.png,orange.png,yellow green blue.png,yellow.png,green left.png,85401
7759,black.png,orange.png,green blue.png,green.png,orange right.png,85402
7760,yellow.png,red.png,orange yellow.png,blue.png,blue left.png,85403
7761,blue.png,blue.png,left black yellow.png,red.png,black left.png,85404
7762,yellow.png,green.png,blue red.png,green.png,green left.png,85405
7763,black.png,green.png,black yellow yellow black.png,orange.png,green left.png,85406
7764,yellow.png,blue.png,up_and_out black yellow.png,black.png,blue right.png,85407
7765,yellow.png,orange.png,black yellow.png,yellow.png,green left.png,85408
7766,green.png,black.png,yellow red.png,orange.png,red left.png,85409
7767,orange.png,orange.png,yellow black black yellow.png,blue.png,orange left.png,85410
7768,yellow.png,yellow.png,up_and_out black yellow.png,yellow.png,none.png,85411
7769,red.png,red.png,red blue.png,red.png,none.png,85412
7770,orange.png,black.png,black yellow yellow black.png,orange.png,black left.png,85413
7771,yellow.png,red.png,orange yellow.png,green.png,green left.png,85414
7772,black.png,green.png,blue red.png,blue.png,yellow left.png,85415
7773,red.png,red.png,black yellow yellow black.png,yellow.png,none.png,85416
7774,green.png,red.png,multicolor.png,red.png,red left.png,85417
7775,blue.png,blue.png,up_and_out black yellow.png,orange.png,yellow right.png,85418
7776,black.png,black.png,yellow black black yellow.png,blue.png,red left.png,85419
7777,yellow.png,black.png,red blue.png,green.png,blue left.png,85420
7778,yellow.png,orange.png,orange blue.png,red.png,yellow right.png,85421
7779,black.png,green.png,multicolor.png,red.png,black left.png,85422
7780,yellow.png,orange.png,green yellow.png,yellow.png,red left.png,85423
7781,green.png,red.png,yellow blue.png,orange.png,blue left.png,85424
7782,orange.png,blue.png,yellow red.png,blue.png,green left.png,85425
7783,blue.png,orange.png,left black yellow.png,blue.png,red left.png,85426
7784,green.png,red.png,left black yellow.png,red.png,orange left.png,85427
7785,yellow.png,blue.png,red blue.png,orange.png,red left.png,85428
7786,orange.png,blue.png,green blue.png,red.png,yellow left.png,85429
7787,blue.png,black.png,black yellow.png,blue.png,black right.png,85430
7788,green.png,green.png,up_and_out black yellow.png,black.png,green left.png,85431
7789,yellow.png,green.png,green blue.png,yellow.png,green left.png,85432
7790,orange.png,green.png,up_and_out black yellow.png,green.png,black left.png,85433
7791,green.png,orange.png,orange blue.png,orange.png,blue left.png,85434
7792,orange.png,green.png,green yellow.png,green.png,green right.png,85435
7793,green.png,black.png,yellow blue.png,green.png,black right.png,85436
7794,green.png,orange.png,yellow green blue.png,orange.png,blue left.png,85437
7795,black.png,blue.png,multicolor.png,yellow.png,yellow left.png,85438
7796,yellow.png,green.png,blue red.png,orange.png,black left.png,85439
7797,green.png,green.png,down black up red.png,green.png,red left.png,85440
7798,green.png,black.png,yellow green blue.png,red.png,none.png,85441
7799,black.png,orange.png,down black up red.png,blue.png,orange left.png,85442
7800,yellow.png,blue.png,yellow blue.png,orange.png,orange right.png,85443
7801,red.png,black.png,orange blue.png,orange.png,green left.png,85444
7802,black.png,blue.png,black yellow yellow black.png,yellow.png,none.png,85445
7803,yellow.png,orange.png,blue red.png,red.png,yellow left.png,85446
7804,black.png,orange.png,yellow black black yellow.png,blue.png,yellow right.png,85447
7805,red.png,green.png,blue red.png,yellow.png,blue left.png,85448
7806,black.png,blue.png,orange blue.png,blue.png,none.png,85449
7807,black.png,blue.png,black red.png,yellow.png,red left.png,85450
7808,yellow.png,blue.png,yellow green blue.png,orange.png,blue right.png,85451
7809,orange.png,black.png,green red.png,yellow.png,yellow right.png,85452
7810,black.png,black.png,yellow red.png,yellow.png,orange left.png,85453
7811,green.png,green.png,yellow green blue.png,black.png,black left.png,85454
7812,orange.png,blue.png,green yellow.png,blue.png,none.png,85455
7813,red.png,black.png,down black up red.png,green.png,blue right.png,85456
7814,green.png,yellow.png,yellow black black yellow.png,yellow.png,none.png,85457
7815,yellow.png,yellow.png,yellow red.png,green.png,black right.png,85458
7816,blue.png,black.png,left black yellow.png,green.png,green left.png,85459
7817,green.png,blue.png,yellow blue.png,orange.png,blue right.png,85460
7818,green.png,black.png,orange yellow.png,red.png,red left.png,85461
7819,blue.png,black.png,black yellow yellow black.png,black.png,orange left.png,85462
7820,orange.png,orange.png,yellow blue.png,yellow.png,none.png,85463
7821,orange.png,black.png,multicolor.png,orange.png,green left.png,85464
7822,yellow.png,red.png,red blue.png,black.png,red left.png,85465
7823,orange.png,orange.png,yellow black black yellow.png,red.png,green left.png,85466
7824,blue.png,green.png,blue red.png,black.png,yellow right.png,85467
7825,orange.png,green.png,multicolor.png,yellow.png,red left.png,85468
7826,orange.png,black.png,yellow green blue.png,blue.png,black right.png,85469
7827,blue.png,red.png,yellow blue.png,red.png,blue right.png,85470
7828,orange.png,orange.png,green red.png,red.png,black left.png,85471
7829,green.png,orange.png,black yellow yellow black.png,black.png,green right.png,85472
7830,green.png,green.png,yellow black black yellow.png,blue.png,none.png,85473
7831,green.png,green.png,black yellow yellow black.png,yellow.png,none.png,85474
7832,green.png,red.png,green blue.png,blue.png,black left.png,85475
7833,blue.png,green.png,red blue.png,green.png,red left.png,85476
7834,red.png,red.png,red blue.png,green.png,orange left.png,85477
7835,yellow.png,red.png,yellow blue.png,green.png,orange left.png,85478
7836,orange.png,black.png,black yellow.png,black.png,blue right.png,85479
7837,blue.png,black.png,yellow black black yellow.png,red.png,yellow right.png,85480
7838,blue.png,black.png,green red.png,green.png,yellow right.png,85481
7839,green.png,blue.png,black yellow.png,green.png,black right.png,85482
7840,blue.png,black.png,black yellow.png,blue.png,orange right.png,85483
7841,yellow.png,red.png,yellow green blue.png,blue.png,orange right.png,85484
7842,green.png,blue.png,green blue.png,red.png,black right.png,85485
7843,blue.png,orange.png,up_and_out black yellow.png,blue.png,orange right.png,85486
7844,green.png,yellow.png,multicolor.png,green.png,none.png,85487
7845,red.png,blue.png,down black up red.png,orange.png,yellow right.png,85488
7846,yellow.png,blue.png,up_and_out black yellow.png,blue.png,red left.png,85489
7847,blue.png,blue.png,green yellow.png,blue.png,green right.png,85490
7848,orange.png,green.png,black yellow.png,black.png,green right.png,85491
7849,yellow.png,black.png,green blue.png,yellow.png,green right.png,85492
7850,red.png,orange.png,yellow green blue.png,black.png,green right.png,85493
7851,black.png,yellow.png,green yellow.png,yellow.png,yellow right.png,85494
7852,black.png,blue.png,black yellow.png,orange.png,green left.png,85495
7853,black.png,yellow.png,up_and_out black yellow.png,red.png,black right.png,85496
7854,yellow.png,orange.png,left black yellow.png,black.png,orange right.png,85497
7855,red.png,black.png,orange blue.png,blue.png,blue right.png,85498
7856,black.png,red.png,yellow black black yellow.png,yellow.png,yellow right.png,85499
7857,blue.png,red.png,green blue.png,blue.png,red left.png,85500
7858,green.png,red.png,green red.png,green.png,green left.png,85501
7859,yellow.png,orange.png,black red.png,blue.png,none.png,85502
7860,red.png,orange.png,black red.png,orange.png,black left.png,85503
7861,yellow.png,yellow.png,yellow blue.png,yellow.png,orange left.png,85504
7862,orange.png,red.png,black yellow yellow black.png,green.png,black left.png,85505
7863,orange.png,blue.png,up_and_out black yellow.png,red.png,none.png,85506
7864,black.png,orange.png,green yellow.png,yellow.png,yellow right.png,85507
7865,orange.png,yellow.png,yellow green blue.png,black.png,none.png,85508
7866,yellow.png,black.png,blue red.png,yellow.png,none.png,85509
7867,green.png,red.png,green yellow.png,orange.png,blue right.png,85510
7868,yellow.png,black.png,left black yellow.png,green.png,black left.png,85511
7869,red.png,red.png,orange blue.png,yellow.png,black left.png,85512
7870,green.png,blue.png,green yellow.png,black.png,black left.png,85513
7871,orange.png,green.png,black yellow.png,blue.png,yellow left.png,85514
7872,blue.png,yellow.png,yellow blue.png,yellow.png,yellow right.png,85515
7873,orange.png,red.png,red blue.png,red.png,blue left.png,85516
7874,yellow.png,green.png,green red.png,red.png,orange right.png,85517
7875,green.png,red.png,up_and_out black yellow.png,green.png,orange left.png,85518
7876,red.png,blue.png,multicolor.png,blue.png,black left.png,85519
7877,black.png,yellow.png,green yellow.png,yellow.png,yellow left.png,85520
7878,red.png,green.png,orange yellow.png,yellow.png,blue right.png,85521
7879,black.png,orange.png,green blue.png,blue.png,orange left.png,85522
7880,yellow.png,orange.png,yellow red.png,blue.png,orange right.png,85523
7881,red.png,yellow.png,down black up red.png,red.png,blue right.png,85524
7882,black.png,yellow.png,yellow blue.png,blue.png,none.png,85525
7883,blue.png,blue.png,down black up red.png,red.png,black right.png,85526
7884,blue.png,black.png,up_and_out black yellow.png,orange.png,blue left.png,85527
7885,black.png,black.png,up_and_out black yellow.png,orange.png,orange right.png,85528
7886,orange.png,orange.png,orange blue.png,blue.png,blue left.png,85529
7887,black.png,red.png,black red.png,black.png,black right.png,85530
7888,black.png,orange.png,black yellow yellow black.png,orange.png,green left.png,85531
7889,yellow.png,red.png,down black up red.png,red.png,yellow left.png,85532
7890,black.png,black.png,black red.png,red.png,blue right.png,85533
7891,orange.png,green.png,yellow blue.png,blue.png,none.png,85534
7892,yellow.png,green.png,red blue.png,black.png,black right.png,85535
7893,blue.png,blue.png,black yellow yellow black.png,black.png,none.png,85536
7894,red.png,green.png,orange blue.png,blue.png,red left.png,85537
7895,black.png,green.png,green red.png,red.png,red left.png,85538
7896,green.png,green.png,multicolor.png,blue.png,none.png,85539
7897,green.png,red.png,multicolor.png,black.png,green right.png,85540
7898,orange.png,blue.png,down black up red.png,green.png,black left.png,85541
7899,red.png,yellow.png,black yellow.png,black.png,orange left.png,85542
7900,orange.png,blue.png,orange yellow.png,black.png,orange right.png,85543
7901,blue.png,blue.png,orange yellow.png,black.png,green right.png,85544
7902,yellow.png,red.png,yellow green blue.png,green.png,orange left.png,85545
7903,black.png,red.png,yellow black black yellow.png,black.png,red left.png,85546
7904,green.png,orange.png,multicolor.png,black.png,green left.png,85547
7905,green.png,yellow.png,yellow black black yellow.png,red.png,orange left.png,85548
7906,orange.png,red.png,orange blue.png,blue.png,yellow left.png,85549
7907,orange.png,blue.png,left black yellow.png,black.png,black right.png,85550
7908,green.png,black.png,blue red.png,blue.png,orange left.png,85551
7909,blue.png,red.png,orange blue.png,red.png,red left.png,85552
7910,orange.png,blue.png,orange blue.png,green.png,yellow left.png,85553
7911,orange.png,blue.png,yellow blue.png,orange.png,orange right.png,85554
7912,black.png,blue.png,green red.png,orange.png,orange right.png,85555
7913,orange.png,blue.png,yellow green blue.png,red.png,black left.png,85556
7914,black.png,green.png,orange yellow.png,blue.png,black right.png,85557
7915,yellow.png,yellow.png,multicolor.png,black.png,black left.png,85558
7916,black.png,green.png,blue red.png,green.png,black right.png,85559
7917,blue.png,red.png,orange yellow.png,red.png,green left.png,85560
7918,black.png,orange.png,orange yellow.png,green.png,yellow left.png,85561
7919,yellow.png,red.png,orange yellow.png,yellow.png,green right.png,85562
7920,red.png,orange.png,yellow blue.png,orange.png,none.png,85563
7921,blue.png,red.png,green yellow.png,green.png,yellow left.png,85564
7922,red.png,green.png,orange blue.png,yellow.png,green left.png,85565
7923,red.png,blue.png,yellow red.png,black.png,black right.png,85566
7924,black.png,yellow.png,blue red.png,green.png,black left.png,85567
7925,orange.png,yellow.png,down black up red.png,red.png,orange left.png,85568
7926,blue.png,black.png,up_and_out black yellow.png,blue.png,blue right.png,85569
7927,yellow.png,red.png,green blue.png,black.png,blue right.png,85570
7928,blue.png,yellow.png,yellow blue.png,green.png,blue left.png,85571
7929,orange.png,orange.png,orange blue.png,green.png,none.png,85572
7930,yellow.png,black.png,black yellow.png,red.png,black right.png,85573
7931,orange.png,yellow.png,yellow green blue.png,black.png,yellow left.png,85574
7932,black.png,green.png,black yellow yellow black.png,green.png,blue left.png,85575
7933,black.png,orange.png,orange blue.png,black.png,yellow right.png,85576
7934,green.png,black.png,yellow green blue.png,blue.png,orange left.png,85577
7935,green.png,black.png,orange yellow.png,green.png,black left.png,85578
7936,yellow.png,black.png,green blue.png,yellow.png,blue left.png,85579
7937,orange.png,red.png,orange yellow.png,red.png,orange left.png,85580
7938,green.png,red.png,black yellow.png,orange.png,none.png,85581
7939,blue.png,yellow.png,yellow black black yellow.png,green.png,none.png,85582
7940,yellow.png,orange.png,blue red.png,black.png,orange left.png,85583
7941,yellow.png,orange.png,multicolor.png,black.png,orange left.png,85584
7942,yellow.png,red.png,yellow black black yellow.png,green.png,red left.png,85585
7943,yellow.png,yellow.png,black red.png,black.png,red left.png,85586
7944,green.png,red.png,black red.png,green.png,red left.png,85587
7945,green.png,blue.png,blue red.png,blue.png,red left.png,85588
7946,red.png,blue.png,left black yellow.png,blue.png,orange left.png,85589
7947,red.png,black.png,black red.png,black.png,green right.png,85590
7948,black.png,yellow.png,black yellow.png,green.png,none.png,85591
7949,black.png,yellow.png,green blue.png,green.png,yellow left.png,85592
7950,yellow.png,yellow.png,orange yellow.png,blue.png,red left.png,85593
7951,green.png,red.png,yellow black black yellow.png,blue.png,yellow right.png,85594
7952,red.png,yellow.png,yellow green blue.png,yellow.png,none.png,85595
7953,blue.png,black.png,orange blue.png,yellow.png,black left.png,85596
7954,red.png,black.png,black red.png,black.png,yellow right.png,85597
7955,blue.png,yellow.png,black red.png,black.png,yellow right.png,85598
7956,green.png,blue.png,down black up red.png,black.png,yellow left.png,85599
7957,yellow.png,yellow.png,multicolor.png,green.png,black right.png,85600
7958,black.png,blue.png,down black up red.png,red.png,none.png,85601
7959,blue.png,orange.png,green red.png,yellow.png,orange left.png,85602
7960,black.png,yellow.png,yellow blue.png,orange.png,orange left.png,85603
7961,orange.png,yellow.png,yellow blue.png,black.png,none.png,85604
7962,black.png,yellow.png,left black yellow.png,orange.png,yellow right.png,85605
7963,yellow.png,red.png,black red.png,black.png,none.png,85606
7964,orange.png,black.png,green yellow.png,green.png,green right.png,85607
7965,yellow.png,red.png,green yellow.png,black.png,yellow right.png,85608
7966,green.png,orange.png,orange yellow.png,blue.png,orange right.png,85609
7967,red.png,blue.png,yellow blue.png,blue.png,red left.png,85610
7968,black.png,black.png,yellow blue.png,green.png,green left.png,85611
7969,blue.png,green.png,yellow black black yellow.png,red.png,blue right.png,85612
7970,orange.png,blue.png,yellow green blue.png,black.png,blue left.png,85613
7971,red.png,yellow.png,down black up red.png,red.png,black left.png,85614
7972,black.png,blue.png,yellow green blue.png,black.png,red left.png,85615
7973,orange.png,orange.png,yellow green blue.png,yellow.png,yellow right.png,85616
7974,yellow.png,red.png,up_and_out black yellow.png,yellow.png,blue right.png,85617
7975,green.png,black.png,yellow blue.png,yellow.png,green left.png,85618
7976,green.png,green.png,multicolor.png,orange.png,none.png,85619
7977,blue.png,blue.png,green blue.png,green.png,black right.png,85620
7978,orange.png,orange.png,yellow red.png,red.png,none.png,85621
7979,blue.png,yellow.png,black yellow.png,blue.png,green left.png,85622
7980,orange.png,black.png,blue red.png,blue.png,yellow left.png,85623
7981,red.png,orange.png,green yellow.png,red.png,red left.png,85624
7982,black.png,red.png,green red.png,red.png,black right.png,85625
7983,yellow.png,red.png,yellow black black yellow.png,orange.png,yellow left.png,85626
7984,orange.png,red.png,black yellow.png,red.png,green right.png,85627
7985,black.png,black.png,up_and_out black yellow.png,orange.png,black left.png,85628
7986,red.png,yellow.png,black red.png,orange.png,green left.png,85629
7987,yellow.png,green.png,black yellow.png,green.png,yellow right.png,85630
7988,black.png,green.png,black yellow.png,green.png,orange left.png,85631
7989,orange.png,green.png,left black yellow.png,green.png,green left.png,85632
7990,green.png,black.png,multicolor.png,green.png,orange left.png,85633
7991,red.png,red.png,orange yellow.png,orange.png,black left.png,85634
7992,red.png,black.png,blue red.png,red.png,blue left.png,85635
7993,black.png,black.png,blue red.png,green.png,orange right.png,85636
7994,yellow.png,red.png,black yellow.png,blue.png,orange left.png,85637
7995,yellow.png,orange.png,left black yellow.png,green.png,orange right.png,85638
7996,black.png,blue.png,down black up red.png,orange.png,green right.png,85639
7997,yellow.png,green.png,green red.png,black.png,none.png,85640
7998,black.png,orange.png,multicolor.png,green.png,yellow right.png,85641
7999,orange.png,yellow.png,green yellow.png,red.png,orange left.png,85642
8000,yellow.png,red.png,green yellow.png,blue.png,blue right.png,85643
8001,green.png,green.png,yellow blue.png,orange.png,green left.png,85644
8002,black.png,blue.png,green blue.png,blue.png,green left.png,85645
8003,red.png,blue.png,multicolor.png,green.png,yellow left.png,85646
8004,red.png,orange.png,green red.png,yellow.png,yellow left.png,85647
8005,yellow.png,green.png,green blue.png,orange.png,yellow left.png,85648
8006,blue.png,yellow.png,multicolor.png,blue.png,blue left.png,85649
8007,orange.png,yellow.png,yellow green blue.png,yellow.png,blue left.png,85650
8008,green.png,blue.png,green red.png,red.png,blue left.png,85651
8009,yellow.png,yellow.png,green yellow.png,black.png,orange right.png,85652
8010,green.png,red.png,up_and_out black yellow.png,black.png,red left.png,85653
8011,green.png,yellow.png,yellow black black yellow.png,blue.png,yellow right.png,85654
8012,orange.png,orange.png,up_and_out black yellow.png,black.png,none.png,85655
8013,green.png,blue.png,up_and_out black yellow.png,red.png,blue right.png,85656
8014,green.png,green.png,up_and_out black yellow.png,orange.png,yellow left.png,85657
8015,black.png,green.png,up_and_out black yellow.png,blue.png,green left.png,85658
8016,green.png,red.png,green red.png,orange.png,green right.png,85659
8017,green.png,blue.png,black yellow yellow black.png,red.png,yellow left.png,85660
8018,red.png,black.png,yellow green blue.png,blue.png,green left.png,85661
8019,yellow.png,red.png,yellow green blue.png,green.png,red left.png,85662
8020,black.png,yellow.png,yellow black black yellow.png,yellow.png,yellow left.png,85663
8021,yellow.png,black.png,green blue.png,yellow.png,orange left.png,85664
8022,red.png,green.png,green red.png,blue.png,green left.png,85665
8023,red.png,black.png,down black up red.png,yellow.png,green left.png,85666
8024,red.png,yellow.png,black red.png,yellow.png,none.png,85667
8025,black.png,blue.png,multicolor.png,orange.png,none.png,85668
8026,orange.png,orange.png,blue red.png,black.png,blue left.png,85669
8027,green.png,green.png,green blue.png,black.png,blue right.png,85670
8028,green.png,yellow.png,yellow red.png,orange.png,green left.png,85671
8029,blue.png,green.png,multicolor.png,red.png,yellow left.png,85672
8030,orange.png,green.png,multicolor.png,green.png,none.png,85673
8031,blue.png,red.png,black yellow.png,red.png,red left.png,85674
8032,blue.png,black.png,black yellow yellow black.png,yellow.png,red left.png,85675
8033,blue.png,yellow.png,black red.png,black.png,none.png,85676
8034,green.png,blue.png,black red.png,blue.png,black left.png,85677
8035,green.png,red.png,orange blue.png,blue.png,yellow left.png,85678
8036,red.png,black.png,orange yellow.png,yellow.png,yellow left.png,85679
8037,blue.png,blue.png,yellow red.png,red.png,black left.png,85680
8038,black.png,red.png,yellow blue.png,black.png,orange left.png,85681
8039,blue.png,orange.png,black red.png,orange.png,none.png,85682
8040,orange.png,yellow.png,black yellow yellow black.png,blue.png,red left.png,85683
8041,red.png,yellow.png,black yellow yellow black.png,red.png,green left.png,85684
8042,red.png,yellow.png,yellow blue.png,black.png,green left.png,85685
8043,red.png,green.png,yellow green blue.png,green.png,yellow right.png,85686
8044,black.png,blue.png,orange yellow.png,red.png,none.png,85687
8045,green.png,yellow.png,orange yellow.png,blue.png,red left.png,85688
8046,red.png,black.png,blue red.png,red.png,black left.png,85689
8047,black.png,red.png,orange yellow.png,orange.png,yellow right.png,85690
8048,orange.png,orange.png,blue red.png,orange.png,black left.png,85691
8049,blue.png,blue.png,green blue.png,red.png,none.png,85692
8050,yellow.png,green.png,black yellow yellow black.png,red.png,black right.png,85693
8051,black.png,blue.png,down black up red.png,black.png,black right.png,85694
8052,green.png,red.png,black red.png,orange.png,yellow right.png,85695
8053,red.png,green.png,yellow green blue.png,red.png,black left.png,85696
8054,blue.png,blue.png,yellow blue.png,red.png,yellow right.png,85697
8055,black.png,green.png,green yellow.png,green.png,blue left.png,85698
8056,orange.png,yellow.png,green red.png,black.png,orange right.png,85699
8057,yellow.png,orange.png,blue red.png,yellow.png,black right.png,85700
8058,green.png,green.png,orange yellow.png,red.png,black right.png,85701
8059,black.png,black.png,green yellow.png,orange.png,blue left.png,85702
8060,orange.png,green.png,orange yellow.png,blue.png,black left.png,85703
8061,blue.png,red.png,blue red.png,red.png,red left.png,85704
8062,orange.png,red.png,black yellow yellow black.png,orange.png,black left.png,85705
8063,blue.png,yellow.png,green yellow.png,black.png,black right.png,85706
8064,orange.png,red.png,green red.png,orange.png,green left.png,85707
8065,green.png,black.png,left black yellow.png,orange.png,red left.png,85708
8066,red.png,yellow.png,down black up red.png,blue.png,green right.png,85709
8067,red.png,black.png,orange yellow.png,orange.png,none.png,85710
8068,yellow.png,orange.png,down black up red.png,green.png,green right.png,85711
8069,orange.png,blue.png,yellow blue.png,green.png,black left.png,85712
8070,blue.png,red.png,black red.png,green.png,green right.png,85713
8071,black.png,green.png,yellow green blue.png,black.png,green right.png,85714
8072,orange.png,black.png,yellow green blue.png,yellow.png,red left.png,85715
8073,green.png,green.png,green yellow.png,blue.png,black right.png,85716
8074,black.png,blue.png,red blue.png,orange.png,orange left.png,85717
8075,blue.png,blue.png,green red.png,yellow.png,yellow left.png,85718
8076,orange.png,green.png,blue red.png,blue.png,yellow right.png,85719
8077,blue.png,red.png,orange blue.png,green.png,yellow right.png,85720
8078,yellow.png,green.png,green red.png,green.png,blue right.png,85721
8079,green.png,blue.png,yellow blue.png,blue.png,black left.png,85722
8080,orange.png,orange.png,green red.png,yellow.png,red left.png,85723
8081,blue.png,red.png,yellow red.png,yellow.png,green left.png,85724
8082,red.png,green.png,left black yellow.png,black.png,green left.png,85725
8083,green.png,green.png,black yellow yellow black.png,orange.png,blue right.png,85726
8084,green.png,blue.png,green red.png,blue.png,red left.png,85727
8085,yellow.png,black.png,yellow black black yellow.png,red.png,orange right.png,85728
8086,blue.png,blue.png,yellow red.png,green.png,blue right.png,85729
8087,red.png,orange.png,green blue.png,black.png,yellow left.png,85730
8088,blue.png,blue.png,green red.png,blue.png,orange left.png,85731
8089,black.png,black.png,yellow green blue.png,orange.png,none.png,85732
8090,black.png,orange.png,black yellow.png,black.png,orange left.png,85733
8091,black.png,blue.png,black red.png,black.png,black right.png,85734
8092,red.png,black.png,red blue.png,orange.png,green right.png,85735
8093,blue.png,red.png,green red.png,orange.png,yellow right.png,85736
8094,yellow.png,yellow.png,black yellow yellow black.png,blue.png,black right.png,85737
8095,red.png,blue.png,black yellow yellow black.png,blue.png,none.png,85738
8096,red.png,black.png,orange blue.png,yellow.png,black left.png,85739
8097,yellow.png,orange.png,black red.png,black.png,green right.png,85740
8098,yellow.png,black.png,yellow green blue.png,green.png,green right.png,85741
8099,blue.png,black.png,left black yellow.png,orange.png,yellow left.png,85742
8100,blue.png,black.png,blue red.png,red.png,orange right.png,85743
8101,green.png,green.png,green red.png,orange.png,yellow left.png,85744
8102,green.png,orange.png,red blue.png,orange.png,orange right.png,85745
8103,blue.png,green.png,red blue.png,red.png,orange left.png,85746
8104,green.png,black.png,yellow black black yellow.png,yellow.png,orange right.png,85747
8105,orange.png,yellow.png,up_and_out black yellow.png,yellow.png,blue right.png,85748
8106,orange.png,blue.png,black yellow.png,green.png,black left.png,85749
8107,orange.png,green.png,black yellow.png,orange.png,yellow left.png,85750
8108,black.png,yellow.png,yellow blue.png,yellow.png,black right.png,85751
8109,orange.png,red.png,up_and_out black yellow.png,green.png,orange right.png,85752
8110,blue.png,black.png,orange yellow.png,blue.png,orange left.png,85753
8111,red.png,orange.png,black red.png,yellow.png,green right.png,85754
8112,red.png,red.png,up_and_out black yellow.png,green.png,blue right.png,85755
8113,orange.png,black.png,blue red.png,green.png,red left.png,85756
8114,yellow.png,green.png,orange blue.png,orange.png,yellow left.png,85757
8115,yellow.png,yellow.png,yellow black black yellow.png,green.png,blue right.png,85758
8116,green.png,red.png,yellow black black yellow.png,black.png,green right.png,85759
8117,orange.png,red.png,down black up red.png,green.png,black right.png,85760
8118,orange.png,orange.png,left black yellow.png,black.png,black right.png,85761
8119,yellow.png,black.png,multicolor.png,orange.png,yellow left.png,85762
8120,orange.png,red.png,black yellow yellow black.png,blue.png,none.png,85763
8121,red.png,orange.png,up_and_out black yellow.png,red.png,orange right.png,85764
8122,black.png,red.png,yellow blue.png,black.png,black left.png,85765
8123,red.png,blue.png,yellow black black yellow.png,yellow.png,green left.png,85766
8124,black.png,yellow.png,yellow black black yellow.png,black.png,blue left.png,85767
8125,red.png,orange.png,yellow blue.png,black.png,orange right.png,85768
8126,yellow.png,yellow.png,down black up red.png,yellow.png,yellow left.png,85769
8127,black.png,black.png,green blue.png,yellow.png,blue left.png,85770
8128,blue.png,red.png,orange yellow.png,yellow.png,black right.png,85771
8129,blue.png,black.png,orange blue.png,green.png,yellow left.png,85772
8130,yellow.png,black.png,yellow black black yellow.png,yellow.png,red left.png,85773
8131,red.png,black.png,black yellow.png,green.png,black left.png,85774
8132,orange.png,red.png,yellow blue.png,blue.png,blue left.png,85775
8133,red.png,yellow.png,green blue.png,red.png,green right.png,85776
8134,red.png,black.png,left black yellow.png,blue.png,blue left.png,85777
8135,green.png,black.png,left black yellow.png,black.png,black right.png,85778
8136,red.png,black.png,orange blue.png,yellow.png,none.png,85779
8137,blue.png,yellow.png,green yellow.png,black.png,red left.png,85780
8138,green.png,blue.png,orange blue.png,yellow.png,blue right.png,85781
8139,yellow.png,orange.png,black red.png,green.png,none.png,85782
8140,red.png,yellow.png,yellow blue.png,yellow.png,orange right.png,85783
8141,black.png,orange.png,black red.png,orange.png,green left.png,85784
8142,black.png,black.png,black red.png,yellow.png,orange left.png,85785
8143,yellow.png,green.png,green blue.png,black.png,none.png,85786
8144,red.png,red.png,black yellow yellow black.png,blue.png,green right.png,85787
8145,blue.png,green.png,orange blue.png,red.png,blue right.png,85788
8146,yellow.png,yellow.png,yellow black black yellow.png,black.png,blue right.png,85789
8147,orange.png,yellow.png,black red.png,red.png,orange left.png,85790
8148,green.png,yellow.png,black yellow yellow black.png,green.png,black right.png,85791
8149,green.png,orange.png,black red.png,yellow.png,orange left.png,85792
8150,green.png,yellow.png,black yellow.png,green.png,blue right.png,85793
8151,blue.png,blue.png,up_and_out black yellow.png,black.png,orange left.png,85794
8152,black.png,red.png,blue red.png,yellow.png,yellow right.png,85795
8153,blue.png,blue.png,yellow black black yellow.png,yellow.png,yellow left.png,85796
8154,orange.png,blue.png,green yellow.png,yellow.png,orange right.png,85797
8155,blue.png,yellow.png,yellow green blue.png,green.png,black right.png,85798
8156,red.png,green.png,down black up red.png,yellow.png,yellow right.png,85799
8157,black.png,yellow.png,yellow red.png,yellow.png,yellow right.png,85800
8158,green.png,yellow.png,red blue.png,green.png,orange right.png,85801
8159,blue.png,orange.png,orange yellow.png,black.png,black left.png,85802
8160,orange.png,yellow.png,orange blue.png,blue.png,green left.png,85803
8161,blue.png,red.png,black red.png,yellow.png,none.png,85804
8162,blue.png,blue.png,yellow blue.png,orange.png,orange right.png,85805
8163,black.png,green.png,up_and_out black yellow.png,yellow.png,orange left.png,85806
8164,red.png,orange.png,red blue.png,orange.png,blue left.png,85807
8165,green.png,black.png,black yellow.png,blue.png,red left.png,85808
8166,orange.png,blue.png,yellow red.png,yellow.png,none.png,85809
8167,green.png,red.png,orange blue.png,yellow.png,blue right.png,85810
8168,black.png,orange.png,yellow blue.png,green.png,yellow right.png,85811
8169,yellow.png,red.png,green red.png,green.png,none.png,85812
8170,blue.png,red.png,black red.png,yellow.png,blue left.png,85813
8171,blue.png,orange.png,multicolor.png,orange.png,yellow right.png,85814
8172,green.png,green.png,yellow black black yellow.png,red.png,black left.png,85815
8173,black.png,yellow.png,yellow black black yellow.png,yellow.png,orange right.png,85816
8174,red.png,orange.png,yellow red.png,black.png,none.png,85817
8175,green.png,yellow.png,red blue.png,green.png,orange left.png,85818
8176,green.png,black.png,green yellow.png,green.png,yellow right.png,85819
8177,black.png,green.png,up_and_out black yellow.png,black.png,black right.png,85820
8178,yellow.png,blue.png,down black up red.png,black.png,green right.png,85821
8179,blue.png,blue.png,black red.png,orange.png,green right.png,85822
8180,blue.png,green.png,orange blue.png,blue.png,black right.png,85823
8181,black.png,black.png,orange blue.png,orange.png,orange right.png,85824
8182,black.png,green.png,orange blue.png,blue.png,none.png,85825
8183,blue.png,yellow.png,yellow red.png,green.png,black right.png,85826
8184,blue.png,yellow.png,up_and_out black yellow.png,green.png,none.png,85827
8185,red.png,yellow.png,green red.png,red.png,green right.png,85828
8186,green.png,yellow.png,up_and_out black yellow.png,green.png,orange left.png,85829
8187,red.png,green.png,up_and_out black yellow.png,red.png,black right.png,85830
8188,orange.png,red.png,left black yellow.png,black.png,none.png,85831
8189,green.png,black.png,blue red.png,orange.png,black left.png,85832
8190,blue.png,yellow.png,left black yellow.png,yellow.png,orange right.png,85833
8191,red.png,red.png,blue red.png,yellow.png,black right.png,85834
8192,red.png,green.png,green red.png,black.png,green right.png,85835
8193,green.png,green.png,up_and_out black yellow.png,blue.png,green left.png,85836
8194,black.png,black.png,green blue.png,blue.png,black right.png,85837
8195,green.png,green.png,orange blue.png,green.png,yellow left.png,85838
8196,orange.png,blue.png,green red.png,black.png,green left.png,85839
8197,yellow.png,green.png,black red.png,yellow.png,blue left.png,85840
8198,blue.png,orange.png,green red.png,green.png,orange left.png,85841
8199,red.png,orange.png,orange yellow.png,yellow.png,green right.png,85842
8200,blue.png,yellow.png,green yellow.png,yellow.png,yellow right.png,85843
8201,red.png,green.png,red blue.png,red.png,green right.png,85844
8202,black.png,orange.png,multicolor.png,red.png,green left.png,85845
8203,black.png,orange.png,yellow blue.png,blue.png,black right.png,85846
8204,orange.png,yellow.png,black yellow.png,red.png,green right.png,85847
8205,black.png,green.png,black red.png,black.png,yellow left.png,85848
8206,black.png,orange.png,multicolor.png,blue.png,yellow right.png,85849
8207,blue.png,yellow.png,left black yellow.png,red.png,green right.png,85850
8208,black.png,red.png,blue red.png,black.png,yellow left.png,85851
8209,blue.png,red.png,red blue.png,blue.png,yellow left.png,85852
8210,yellow.png,black.png,black yellow.png,black.png,black right.png,85853
8211,yellow.png,green.png,multicolor.png,red.png,none.png,85854
8212,orange.png,blue.png,black red.png,green.png,green left.png,85855
8213,black.png,blue.png,green red.png,yellow.png,black right.png,85856
8214,blue.png,blue.png,green blue.png,blue.png,yellow right.png,85857
8215,black.png,orange.png,blue red.png,black.png,green left.png,85858
8216,orange.png,yellow.png,green red.png,yellow.png,orange right.png,85859
8217,yellow.png,blue.png,black yellow yellow black.png,orange.png,none.png,85860
8218,yellow.png,blue.png,green yellow.png,black.png,yellow left.png,85861
8219,green.png,orange.png,yellow red.png,blue.png,yellow right.png,85862
8220,red.png,blue.png,green red.png,black.png,green left.png,85863
8221,yellow.png,green.png,orange blue.png,green.png,green left.png,85864
8222,orange.png,blue.png,left black yellow.png,yellow.png,orange right.png,85865
8223,blue.png,black.png,orange yellow.png,orange.png,blue left.png,85866
8224,orange.png,black.png,left black yellow.png,yellow.png,black left.png,85867
8225,orange.png,black.png,green yellow.png,black.png,yellow right.png,85868
8226,blue.png,red.png,yellow red.png,blue.png,yellow left.png,85869
8227,red.png,green.png,red blue.png,green.png,orange left.png,85870
8228,yellow.png,blue.png,black yellow.png,yellow.png,yellow right.png,85871
8229,blue.png,blue.png,yellow red.png,black.png,green right.png,85872
8230,green.png,yellow.png,yellow red.png,red.png,none.png,85873
8231,yellow.png,black.png,left black yellow.png,blue.png,none.png,85874
8232,orange.png,blue.png,yellow green blue.png,orange.png,red left.png,85875
8233,yellow.png,red.png,black yellow yellow black.png,black.png,yellow right.png,85876
8234,yellow.png,yellow.png,yellow green blue.png,blue.png,red left.png,85877
8235,green.png,black.png,down black up red.png,yellow.png,red left.png,85878
8236,yellow.png,yellow.png,multicolor.png,black.png,blue right.png,85879
8237,yellow.png,blue.png,left black yellow.png,orange.png,black right.png,85880
8238,red.png,red.png,black yellow yellow black.png,black.png,red left.png,85881
8239,yellow.png,orange.png,black red.png,yellow.png,green right.png,85882
8240,black.png,green.png,yellow green blue.png,black.png,black left.png,85883
8241,green.png,black.png,yellow blue.png,red.png,green left.png,85884
8242,yellow.png,red.png,red blue.png,yellow.png,red left.png,85885
8243,green.png,black.png,red blue.png,yellow.png,orange right.png,85886
8244,blue.png,black.png,up_and_out black yellow.png,green.png,blue right.png,85887
8245,black.png,orange.png,black yellow.png,orange.png,black right.png,85888
8246,black.png,orange.png,yellow green blue.png,orange.png,orange left.png,85889
8247,green.png,blue.png,green red.png,blue.png,yellow right.png,85890
8248,black.png,green.png,black yellow yellow black.png,green.png,yellow left.png,85891
8249,orange.png,blue.png,yellow black black yellow.png,orange.png,orange left.png,85892
8250,blue.png,yellow.png,red blue.png,orange.png,blue right.png,85893
8251,yellow.png,orange.png,black red.png,yellow.png,orange right.png,85894
8252,orange.png,green.png,orange blue.png,orange.png,black left.png,85895
8253,black.png,red.png,black yellow yellow black.png,red.png,green right.png,85896
8254,red.png,orange.png,green yellow.png,red.png,yellow left.png,85897
8255,yellow.png,blue.png,down black up red.png,orange.png,green right.png,85898
8256,orange.png,black.png,left black yellow.png,yellow.png,blue left.png,85899
8257,green.png,green.png,yellow black black yellow.png,black.png,blue left.png,85900
8258,green.png,green.png,yellow green blue.png,green.png,yellow right.png,85901
8259,yellow.png,green.png,black red.png,orange.png,black left.png,85902
8260,black.png,blue.png,blue red.png,blue.png,none.png,85903
8261,blue.png,black.png,yellow black black yellow.png,red.png,orange left.png,85904
8262,green.png,orange.png,multicolor.png,blue.png,green right.png,85905
8263,black.png,red.png,yellow black black yellow.png,orange.png,red left.png,85906
8264,yellow.png,orange.png,yellow red.png,red.png,black left.png,85907
8265,black.png,red.png,down black up red.png,yellow.png,orange right.png,85908
8266,green.png,orange.png,orange yellow.png,red.png,black left.png,85909
8267,yellow.png,green.png,yellow green blue.png,blue.png,green left.png,85910
8268,red.png,blue.png,yellow red.png,black.png,blue left.png,85911
8269,red.png,green.png,black yellow.png,yellow.png,yellow left.png,85912
8270,blue.png,yellow.png,black yellow yellow black.png,red.png,orange right.png,85913
8271,blue.png,green.png,green red.png,green.png,blue left.png,85914
8272,black.png,blue.png,black red.png,blue.png,orange right.png,85915
8273,blue.png,green.png,left black yellow.png,orange.png,black right.png,85916
8274,green.png,black.png,green blue.png,orange.png,green right.png,85917
8275,orange.png,green.png,down black up red.png,green.png,green left.png,85918
8276,blue.png,yellow.png,yellow green blue.png,black.png,orange right.png,85919
8277,orange.png,blue.png,left black yellow.png,red.png,none.png,85920
8278,blue.png,green.png,orange blue.png,blue.png,orange left.png,85921
8279,green.png,black.png,down black up red.png,yellow.png,blue right.png,85922
8280,green.png,blue.png,orange blue.png,green.png,black left.png,85923
8281,red.png,blue.png,black yellow yellow black.png,red.png,none.png,85924
8282,orange.png,blue.png,green yellow.png,orange.png,black right.png,85925
8283,green.png,black.png,down black up red.png,orange.png,black right.png,85926
8284,black.png,red.png,up_and_out black yellow.png,green.png,yellow right.png,85927
8285,orange.png,blue.png,green yellow.png,blue.png,orange left.png,85928
8286,yellow.png,red.png,multicolor.png,blue.png,blue right.png,85929
8287,green.png,orange.png,green red.png,black.png,blue left.png,85930
8288,black.png,yellow.png,yellow green blue.png,blue.png,black right.png,85931
8289,red.png,red.png,black yellow.png,red.png,yellow left.png,85932
8290,yellow.png,blue.png,yellow red.png,black.png,orange left.png,85933
8291,orange.png,red.png,yellow red.png,black.png,black left.png,85934
8292,yellow.png,green.png,red blue.png,black.png,orange left.png,85935
8293,black.png,orange.png,up_and_out black yellow.png,red.png,blue left.png,85936
8294,blue.png,blue.png,red blue.png,yellow.png,none.png,85937
8295,yellow.png,green.png,yellow green blue.png,yellow.png,black left.png,85938
8296,red.png,blue.png,multicolor.png,black.png,blue left.png,85939
8297,green.png,red.png,black yellow.png,orange.png,orange left.png,85940
8298,blue.png,yellow.png,red blue.png,blue.png,red left.png,85941
8299,orange.png,blue.png,green yellow.png,green.png,yellow right.png,85942
8300,orange.png,orange.png,green yellow.png,yellow.png,yellow right.png,85943
8301,red.png,black.png,green red.png,blue.png,green left.png,85944
8302,red.png,green.png,yellow green blue.png,black.png,none.png,85945
8303,blue.png,green.png,black yellow yellow black.png,green.png,green right.png,85946
8304,orange.png,orange.png,left black yellow.png,blue.png,green left.png,85947
8305,yellow.png,red.png,yellow black black yellow.png,red.png,green right.png,85948
8306,green.png,red.png,green blue.png,black.png,orange left.png,85949
8307,red.png,green.png,green red.png,black.png,green left.png,85950
8308,green.png,orange.png,orange yellow.png,blue.png,yellow left.png,85951
8309,green.png,red.png,yellow red.png,green.png,red left.png,85952
8310,red.png,black.png,left black yellow.png,red.png,black left.png,85953
8311,red.png,blue.png,yellow green blue.png,orange.png,blue left.png,85954
8312,red.png,yellow.png,yellow blue.png,yellow.png,black left.png,85955
8313,green.png,blue.png,orange yellow.png,yellow.png,red left.png,85956
8314,red.png,orange.png,orange yellow.png,yellow.png,none.png,85957
8315,yellow.png,black.png,red blue.png,green.png,blue right.png,85958
8316,blue.png,blue.png,left black yellow.png,orange.png,green right.png,85959
8317,green.png,orange.png,down black up red.png,orange.png,black right.png,85960
8318,yellow.png,orange.png,black yellow.png,red.png,blue left.png,85961
8319,red.png,black.png,yellow red.png,orange.png,green left.png,85962
8320,yellow.png,orange.png,yellow green blue.png,blue.png,red left.png,85963
8321,green.png,green.png,yellow blue.png,black.png,green right.png,85964
8322,red.png,yellow.png,black yellow yellow black.png,black.png,green left.png,85965
8323,blue.png,orange.png,black yellow.png,red.png,green right.png,85966
8324,green.png,yellow.png,green yellow.png,black.png,orange right.png,85967
8325,orange.png,black.png,black yellow yellow black.png,green.png,orange left.png,85968
8326,yellow.png,green.png,yellow red.png,yellow.png,none.png,85969
8327,black.png,red.png,orange yellow.png,black.png,orange right.png,85970
8328,black.png,green.png,orange blue.png,blue.png,blue right.png,85971
8329,blue.png,blue.png,green yellow.png,red.png,none.png,85972
8330,yellow.png,blue.png,yellow red.png,red.png,yellow right.png,85973
8331,orange.png,blue.png,orange blue.png,red.png,blue right.png,85974
8332,red.png,orange.png,blue red.png,green.png,orange left.png,85975
8333,orange.png,yellow.png,yellow red.png,orange.png,black left.png,85976
8334,yellow.png,red.png,left black yellow.png,black.png,red left.png,85977
8335,orange.png,yellow.png,green blue.png,blue.png,blue right.png,85978
8336,green.png,yellow.png,orange yellow.png,blue.png,orange right.png,85979
8337,orange.png,black.png,orange yellow.png,yellow.png,blue right.png,85980
8338,green.png,yellow.png,yellow blue.png,yellow.png,green left.png,85981
8339,yellow.png,green.png,blue red.png,yellow.png,green right.png,85982
8340,green.png,red.png,orange yellow.png,blue.png,black left.png,85983
8341,blue.png,black.png,red blue.png,blue.png,yellow right.png,85984
8342,yellow.png,yellow.png,yellow blue.png,blue.png,blue right.png,85985
8343,green.png,red.png,black yellow.png,blue.png,none.png,85986
8344,blue.png,green.png,yellow green blue.png,black.png,green right.png,85987
8345,green.png,red.png,blue red.png,orange.png,green right.png,85988
8346,black.png,blue.png,yellow red.png,blue.png,red left.png,85989
8347,yellow.png,blue.png,blue red.png,green.png,black right.png,85990
8348,green.png,yellow.png,orange yellow.png,yellow.png,red left.png,85991
8349,red.png,green.png,yellow red.png,black.png,none.png,85992
8350,orange.png,yellow.png,green yellow.png,green.png,green right.png,85993
8351,black.png,yellow.png,black yellow.png,yellow.png,orange right.png,85994
8352,red.png,green.png,black yellow yellow black.png,orange.png,blue left.png,85995
8353,red.png,yellow.png,up_and_out black yellow.png,red.png,orange left.png,85996
8354,red.png,blue.png,multicolor.png,orange.png,black left.png,85997
8355,red.png,yellow.png,yellow blue.png,black.png,blue right.png,85998
8356,yellow.png,blue.png,multicolor.png,black.png,orange right.png,85999
8357,red.png,blue.png,orange blue.png,green.png,yellow left.png,86000
8358,red.png,blue.png,down black up red.png,blue.png,black right.png,86001
8359,orange.png,orange.png,up_and_out black yellow.png,black.png,orange left.png,86002
8360,blue.png,red.png,black red.png,green.png,black left.png,86003
8361,green.png,green.png,black yellow.png,red.png,blue left.png,86004
8362,black.png,red.png,multicolor.png,black.png,yellow right.png,86005
8363,green.png,black.png,red blue.png,orange.png,green left.png,86006
8364,red.png,red.png,down black up red.png,black.png,blue right.png,86007
8365,black.png,black.png,yellow red.png,red.png,black right.png,86008
8366,green.png,green.png,red blue.png,orange.png,blue left.png,86009
8367,yellow.png,red.png,black yellow.png,black.png,none.png,86010
8368,green.png,green.png,black yellow.png,green.png,black right.png,86011
8369,green.png,black.png,down black up red.png,black.png,green left.png,86012
8370,blue.png,red.png,green red.png,yellow.png,yellow right.png,86013
8371,yellow.png,blue.png,black red.png,blue.png,yellow right.png,86014
8372,black.png,yellow.png,yellow red.png,green.png,black left.png,86015
8373,blue.png,red.png,red blue.png,orange.png,none.png,86016
8374,yellow.png,green.png,yellow green blue.png,green.png,none.png,86017
8375,yellow.png,orange.png,left black yellow.png,blue.png,blue left.png,86018
8376,orange.png,black.png,orange blue.png,blue.png,yellow left.png,86019
8377,yellow.png,orange.png,yellow black black yellow.png,red.png,yellow left.png,86020
8378,blue.png,yellow.png,yellow black black yellow.png,blue.png,blue right.png,86021
8379,red.png,orange.png,blue red.png,blue.png,black left.png,86022
8380,black.png,yellow.png,green red.png,blue.png,yellow right.png,86023
8381,green.png,red.png,down black up red.png,orange.png,orange right.png,86024
8382,red.png,red.png,green blue.png,red.png,green left.png,86025
8383,red.png,blue.png,black yellow.png,red.png,orange left.png,86026
8384,yellow.png,green.png,orange yellow.png,black.png,green left.png,86027
8385,yellow.png,orange.png,up_and_out black yellow.png,red.png,blue left.png,86028
8386,blue.png,red.png,black yellow.png,blue.png,green left.png,86029
8387,orange.png,blue.png,green blue.png,green.png,red left.png,86030
8388,green.png,black.png,yellow blue.png,black.png,green right.png,86031
8389,red.png,orange.png,blue red.png,blue.png,blue left.png,86032
8390,orange.png,yellow.png,orange blue.png,green.png,orange right.png,86033
8391,blue.png,yellow.png,yellow black black yellow.png,black.png,yellow right.png,86034
8392,black.png,green.png,green blue.png,green.png,black right.png,86035
8393,orange.png,green.png,black red.png,blue.png,green right.png,86036
8394,blue.png,red.png,green yellow.png,red.png,green right.png,86037
8395,blue.png,red.png,yellow blue.png,black.png,yellow right.png,86038
8396,black.png,blue.png,blue red.png,yellow.png,red left.png,86039
8397,red.png,orange.png,yellow red.png,yellow.png,yellow right.png,86040
8398,black.png,orange.png,green blue.png,blue.png,red left.png,86041
8399,green.png,green.png,yellow blue.png,black.png,yellow right.png,86042
8400,orange.png,orange.png,blue red.png,blue.png,black right.png,86043
8401,green.png,black.png,yellow green blue.png,orange.png,yellow right.png,86044
8402,orange.png,green.png,green yellow.png,red.png,blue left.png,86045
8403,green.png,blue.png,yellow green blue.png,black.png,yellow left.png,86046
8404,orange.png,blue.png,orange yellow.png,orange.png,yellow right.png,86047
8405,black.png,black.png,yellow blue.png,green.png,blue left.png,86048
8406,black.png,blue.png,red blue.png,black.png,black right.png,86049
8407,blue.png,blue.png,yellow black black yellow.png,black.png,black right.png,86050
8408,green.png,blue.png,black yellow yellow black.png,yellow.png,none.png,86051
8409,red.png,red.png,green red.png,green.png,blue right.png,86052
8410,green.png,black.png,black yellow yellow black.png,red.png,orange left.png,86053
8411,yellow.png,red.png,left black yellow.png,orange.png,none.png,86054
8412,green.png,red.png,multicolor.png,red.png,blue right.png,86055
8413,green.png,blue.png,black red.png,black.png,red left.png,86056
8414,green.png,red.png,green blue.png,red.png,none.png,86057
8415,black.png,orange.png,orange blue.png,yellow.png,orange right.png,86058
8416,blue.png,yellow.png,left black yellow.png,yellow.png,yellow right.png,86059
8417,black.png,green.png,green blue.png,blue.png,orange left.png,86060
8418,blue.png,yellow.png,orange yellow.png,red.png,green right.png,86061
8419,blue.png,red.png,orange yellow.png,green.png,black left.png,86062
8420,black.png,black.png,red blue.png,red.png,red left.png,86063
8421,green.png,red.png,green blue.png,orange.png,black left.png,86064
8422,yellow.png,yellow.png,yellow red.png,red.png,black right.png,86065
8423,green.png,red.png,orange yellow.png,black.png,black right.png,86066
8424,blue.png,red.png,multicolor.png,yellow.png,yellow left.png,86067
8425,blue.png,red.png,green red.png,orange.png,none.png,86068
8426,black.png,blue.png,yellow blue.png,orange.png,blue right.png,86069
8427,red.png,yellow.png,green yellow.png,green.png,blue left.png,86070
8428,black.png,yellow.png,down black up red.png,blue.png,red left.png,86071
8429,yellow.png,yellow.png,green blue.png,green.png,orange left.png,86072
8430,black.png,green.png,black yellow.png,orange.png,blue right.png,86073
8431,blue.png,red.png,black yellow yellow black.png,black.png,orange right.png,86074
8432,blue.png,yellow.png,yellow red.png,orange.png,none.png,86075
8433,red.png,green.png,up_and_out black yellow.png,black.png,none.png,86076
8434,red.png,blue.png,black yellow yellow black.png,black.png,green right.png,86077
8435,green.png,green.png,up_and_out black yellow.png,green.png,orange left.png,86078
8436,green.png,orange.png,red blue.png,red.png,green right.png,86079
8437,black.png,green.png,blue red.png,green.png,blue left.png,86080
8438,yellow.png,yellow.png,yellow black black yellow.png,black.png,black right.png,86081
8439,blue.png,red.png,yellow red.png,yellow.png,blue right.png,86082
8440,yellow.png,green.png,multicolor.png,black.png,yellow left.png,86083
8441,red.png,red.png,yellow green blue.png,yellow.png,orange left.png,86084
8442,orange.png,blue.png,yellow green blue.png,blue.png,green right.png,86085
8443,green.png,green.png,down black up red.png,green.png,yellow right.png,86086
8444,blue.png,yellow.png,green red.png,green.png,orange left.png,86087
8445,black.png,green.png,yellow red.png,green.png,green right.png,86088
8446,blue.png,red.png,multicolor.png,green.png,yellow right.png,86089
8447,yellow.png,blue.png,black yellow.png,black.png,blue left.png,86090
8448,blue.png,orange.png,yellow black black yellow.png,blue.png,black right.png,86091
8449,yellow.png,yellow.png,yellow black black yellow.png,orange.png,green right.png,86092
8450,blue.png,black.png,yellow green blue.png,orange.png,black right.png,86093
8451,red.png,green.png,orange blue.png,orange.png,blue left.png,86094
8452,yellow.png,yellow.png,yellow red.png,black.png,green left.png,86095
8453,yellow.png,yellow.png,red blue.png,green.png,green right.png,86096
8454,blue.png,black.png,down black up red.png,green.png,blue right.png,86097
8455,blue.png,orange.png,down black up red.png,green.png,blue left.png,86098
8456,orange.png,green.png,yellow blue.png,orange.png,green right.png,86099
8457,green.png,red.png,up_and_out black yellow.png,red.png,yellow right.png,86100
8458,green.png,orange.png,multicolor.png,black.png,yellow left.png,86101
8459,orange.png,black.png,yellow blue.png,orange.png,black left.png,86102
8460,blue.png,green.png,yellow black black yellow.png,blue.png,red left.png,86103
8461,orange.png,orange.png,green yellow.png,green.png,yellow right.png,86104
8462,yellow.png,red.png,black red.png,yellow.png,black left.png,86105
8463,black.png,black.png,multicolor.png,blue.png,green right.png,86106
8464,green.png,blue.png,yellow blue.png,yellow.png,none.png,86107
8465,black.png,orange.png,orange yellow.png,orange.png,yellow right.png,86108
8466,black.png,black.png,down black up red.png,yellow.png,none.png,86109
8467,orange.png,red.png,red blue.png,orange.png,orange left.png,86110
8468,blue.png,blue.png,blue red.png,black.png,yellow right.png,86111
8469,yellow.png,orange.png,orange blue.png,green.png,none.png,86112
8470,green.png,red.png,orange blue.png,blue.png,red left.png,86113
8471,black.png,black.png,multicolor.png,yellow.png,blue right.png,86114
8472,yellow.png,yellow.png,yellow red.png,orange.png,green right.png,86115
8473,black.png,yellow.png,yellow green blue.png,green.png,green right.png,86116
8474,black.png,black.png,blue red.png,blue.png,yellow right.png,86117
8475,orange.png,black.png,orange yellow.png,orange.png,blue right.png,86118
8476,red.png,green.png,orange blue.png,blue.png,black right.png,86119
8477,green.png,yellow.png,green blue.png,black.png,blue left.png,86120
8478,yellow.png,blue.png,yellow blue.png,blue.png,blue left.png,86121
8479,black.png,yellow.png,black yellow yellow black.png,orange.png,none.png,86122
8480,yellow.png,yellow.png,yellow red.png,red.png,yellow right.png,86123
8481,red.png,blue.png,green blue.png,red.png,green right.png,86124
8482,black.png,black.png,black yellow yellow black.png,orange.png,orange right.png,86125
8483,yellow.png,red.png,left black yellow.png,green.png,green right.png,86126
8484,black.png,black.png,green red.png,black.png,red left.png,86127
8485,orange.png,blue.png,green yellow.png,green.png,yellow left.png,86128
8486,yellow.png,green.png,down black up red.png,green.png,orange left.png,86129
8487,yellow.png,blue.png,black red.png,black.png,blue left.png,86130
8488,black.png,red.png,green red.png,green.png,red left.png,86131
8489,green.png,green.png,red blue.png,black.png,orange right.png,86132
8490,green.png,red.png,down black up red.png,red.png,green left.png,86133
8491,yellow.png,red.png,blue red.png,green.png,none.png,86134
8492,yellow.png,yellow.png,green red.png,red.png,yellow right.png,86135
8493,orange.png,black.png,yellow red.png,yellow.png,black left.png,86136
8494,yellow.png,black.png,black yellow.png,blue.png,yellow left.png,86137
8495,orange.png,blue.png,up_and_out black yellow.png,green.png,yellow right.png,86138
8496,red.png,blue.png,blue red.png,yellow.png,green left.png,86139
8497,orange.png,orange.png,black red.png,orange.png,none.png,86140
8498,orange.png,blue.png,green blue.png,yellow.png,green right.png,86141
8499,yellow.png,green.png,black yellow yellow black.png,green.png,red left.png,86142
8500,green.png,black.png,green red.png,black.png,blue left.png,86143
8501,yellow.png,yellow.png,up_and_out black yellow.png,black.png,green right.png,86144
8502,blue.png,red.png,down black up red.png,blue.png,orange left.png,86145
8503,red.png,orange.png,yellow green blue.png,red.png,blue right.png,86146
8504,orange.png,red.png,black yellow yellow black.png,orange.png,yellow right.png,86147
8505,red.png,blue.png,yellow green blue.png,green.png,orange left.png,86148
8506,red.png,black.png,multicolor.png,orange.png,blue left.png,86149
8507,black.png,black.png,red blue.png,orange.png,black left.png,86150
8508,orange.png,green.png,black yellow.png,green.png,yellow right.png,86151
8509,green.png,green.png,green yellow.png,green.png,black right.png,86152
8510,green.png,green.png,yellow red.png,black.png,orange left.png,86153
8511,yellow.png,orange.png,yellow black black yellow.png,red.png,yellow right.png,86154
8512,black.png,black.png,green red.png,red.png,none.png,86155
8513,red.png,green.png,blue red.png,yellow.png,red left.png,86156
8514,blue.png,yellow.png,yellow red.png,blue.png,red left.png,86157
8515,green.png,red.png,up_and_out black yellow.png,blue.png,blue left.png,86158
8516,green.png,orange.png,red blue.png,red.png,red left.png,86159
8517,black.png,green.png,black red.png,green.png,green right.png,86160
8518,blue.png,green.png,orange yellow.png,black.png,yellow right.png,86161
8519,orange.png,green.png,black yellow yellow black.png,black.png,blue left.png,86162
8520,yellow.png,yellow.png,black red.png,yellow.png,red left.png,86163
8521,blue.png,green.png,yellow red.png,red.png,orange right.png,86164
8522,yellow.png,orange.png,orange blue.png,green.png,black right.png,86165
8523,blue.png,green.png,yellow blue.png,blue.png,orange right.png,86166
8524,orange.png,blue.png,yellow red.png,yellow.png,red left.png,86167
8525,yellow.png,orange.png,blue red.png,orange.png,orange right.png,86168
8526,black.png,red.png,yellow red.png,black.png,yellow right.png,86169
8527,orange.png,orange.png,multicolor.png,black.png,orange left.png,86170
8528,red.png,blue.png,green blue.png,red.png,yellow left.png,86171
8529,green.png,red.png,red blue.png,green.png,orange left.png,86172
8530,red.png,red.png,black yellow yellow black.png,black.png,black left.png,86173
8531,black.png,red.png,black red.png,green.png,orange right.png,86174
8532,yellow.png,green.png,yellow green blue.png,red.png,black right.png,86175
8533,green.png,yellow.png,orange blue.png,yellow.png,orange right.png,86176
8534,black.png,green.png,green red.png,black.png,green left.png,86177
8535,green.png,black.png,yellow blue.png,green.png,blue left.png,86178
8536,yellow.png,blue.png,multicolor.png,yellow.png,black right.png,86179
8537,blue.png,green.png,black red.png,yellow.png,red left.png,86180
8538,black.png,blue.png,multicolor.png,blue.png,blue right.png,86181
8539,black.png,yellow.png,yellow red.png,blue.png,orange left.png,86182
8540,green.png,black.png,yellow green blue.png,blue.png,none.png,86183
8541,blue.png,yellow.png,yellow red.png,red.png,blue right.png,86184
8542,blue.png,yellow.png,blue red.png,orange.png,green right.png,86185
8543,orange.png,green.png,red blue.png,red.png,black left.png,86186
8544,blue.png,yellow.png,black yellow yellow black.png,green.png,none.png,86187
8545,red.png,orange.png,black yellow yellow black.png,red.png,black left.png,86188
8546,yellow.png,blue.png,left black yellow.png,red.png,black left.png,86189
8547,black.png,red.png,yellow red.png,green.png,yellow left.png,86190
8548,yellow.png,black.png,orange yellow.png,orange.png,green left.png,86191
8549,yellow.png,black.png,red blue.png,black.png,yellow right.png,86192
8550,yellow.png,yellow.png,up_and_out black yellow.png,yellow.png,blue right.png,86193
8551,green.png,green.png,orange yellow.png,orange.png,yellow left.png,86194
8552,green.png,blue.png,black red.png,green.png,none.png,86195
8553,green.png,yellow.png,left black yellow.png,red.png,red left.png,86196
8554,orange.png,blue.png,left black yellow.png,black.png,yellow left.png,86197
8555,green.png,yellow.png,black yellow yellow black.png,black.png,none.png,86198
8556,green.png,yellow.png,green yellow.png,black.png,black right.png,86199
8557,black.png,orange.png,yellow green blue.png,green.png,none.png,86200
8558,black.png,yellow.png,yellow green blue.png,orange.png,blue left.png,86201
8559,black.png,blue.png,black red.png,green.png,orange left.png,86202
8560,orange.png,green.png,multicolor.png,yellow.png,green left.png,86203
8561,orange.png,red.png,down black up red.png,red.png,blue right.png,86204
8562,orange.png,red.png,yellow black black yellow.png,blue.png,orange left.png,86205
8563,blue.png,blue.png,yellow blue.png,blue.png,blue right.png,86206
8564,yellow.png,green.png,yellow red.png,blue.png,yellow right.png,86207
8565,red.png,blue.png,orange blue.png,blue.png,orange right.png,86208
8566,red.png,blue.png,yellow black black yellow.png,red.png,black left.png,86209
8567,yellow.png,green.png,yellow black black yellow.png,orange.png,orange left.png,86210
8568,red.png,black.png,down black up red.png,green.png,black left.png,86211
8569,green.png,blue.png,left black yellow.png,green.png,yellow left.png,86212
8570,red.png,orange.png,orange blue.png,green.png,red left.png,86213
8571,black.png,yellow.png,orange blue.png,blue.png,green right.png,86214
8572,yellow.png,yellow.png,blue red.png,green.png,orange right.png,86215
8573,orange.png,red.png,green yellow.png,black.png,green left.png,86216
8574,green.png,blue.png,black yellow.png,green.png,green left.png,86217
8575,green.png,black.png,black red.png,green.png,green left.png,86218
8576,orange.png,green.png,yellow red.png,orange.png,none.png,86219
8577,black.png,blue.png,yellow black black yellow.png,black.png,blue right.png,86220
8578,orange.png,orange.png,down black up red.png,orange.png,yellow right.png,86221
8579,black.png,yellow.png,yellow green blue.png,black.png,green left.png,86222
8580,yellow.png,blue.png,black yellow yellow black.png,green.png,green left.png,86223
8581,red.png,orange.png,orange blue.png,blue.png,orange left.png,86224
8582,blue.png,black.png,orange yellow.png,black.png,blue left.png,86225
8583,blue.png,black.png,yellow black black yellow.png,blue.png,orange left.png,86226
8584,blue.png,orange.png,multicolor.png,green.png,orange right.png,86227
8585,green.png,orange.png,up_and_out black yellow.png,green.png,none.png,86228
8586,red.png,red.png,down black up red.png,orange.png,none.png,86229
8587,orange.png,black.png,orange blue.png,red.png,green left.png,86230
8588,yellow.png,black.png,yellow black black yellow.png,yellow.png,green left.png,86231
8589,yellow.png,orange.png,black yellow yellow black.png,blue.png,red left.png,86232
8590,blue.png,black.png,left black yellow.png,blue.png,orange left.png,86233
8591,green.png,yellow.png,black red.png,yellow.png,black left.png,86234
8592,orange.png,black.png,orange blue.png,yellow.png,green left.png,86235
8593,black.png,yellow.png,down black up red.png,green.png,none.png,86236
8594,blue.png,orange.png,left black yellow.png,black.png,orange left.png,86237
8595,orange.png,yellow.png,multicolor.png,black.png,none.png,86238
8596,blue.png,green.png,yellow black black yellow.png,black.png,black left.png,86239
8597,black.png,red.png,up_and_out black yellow.png,orange.png,orange right.png,86240
8598,red.png,blue.png,yellow black black yellow.png,green.png,yellow right.png,86241
8599,blue.png,green.png,down black up red.png,yellow.png,green right.png,86242
8600,blue.png,green.png,yellow red.png,yellow.png,blue left.png,86243
8601,yellow.png,orange.png,black red.png,black.png,green left.png,86244
8602,green.png,black.png,yellow blue.png,blue.png,yellow left.png,86245
8603,orange.png,yellow.png,down black up red.png,black.png,green left.png,86246
8604,green.png,red.png,down black up red.png,blue.png,orange left.png,86247
8605,green.png,red.png,black yellow yellow black.png,black.png,black left.png,86248
8606,black.png,green.png,left black yellow.png,green.png,blue left.png,86249
8607,green.png,yellow.png,yellow black black yellow.png,green.png,orange left.png,86250
8608,blue.png,yellow.png,black red.png,green.png,yellow left.png,86251
8609,orange.png,orange.png,yellow blue.png,blue.png,blue left.png,86252
8610,red.png,red.png,multicolor.png,blue.png,blue right.png,86253
8611,black.png,blue.png,orange yellow.png,red.png,black left.png,86254
8612,black.png,green.png,black red.png,green.png,black right.png,86255
8613,yellow.png,green.png,yellow blue.png,orange.png,black right.png,86256
8614,green.png,blue.png,orange blue.png,black.png,blue left.png,86257
8615,blue.png,yellow.png,black red.png,blue.png,yellow left.png,86258
8616,yellow.png,yellow.png,orange yellow.png,blue.png,blue left.png,86259
8617,black.png,red.png,green yellow.png,orange.png,orange left.png,86260
8618,yellow.png,green.png,black yellow.png,black.png,none.png,86261
8619,yellow.png,green.png,left black yellow.png,orange.png,blue left.png,86262
8620,green.png,blue.png,green yellow.png,black.png,yellow right.png,86263
8621,black.png,orange.png,green blue.png,orange.png,blue right.png,86264
8622,green.png,red.png,black yellow.png,blue.png,orange left.png,86265
8623,red.png,black.png,orange yellow.png,red.png,black right.png,86266
8624,blue.png,green.png,black yellow.png,yellow.png,yellow right.png,86267
8625,black.png,orange.png,orange yellow.png,green.png,orange right.png,86268
8626,yellow.png,blue.png,black yellow.png,green.png,orange left.png,86269
8627,yellow.png,yellow.png,orange yellow.png,yellow.png,blue right.png,86270
8628,blue.png,black.png,yellow blue.png,black.png,red left.png,86271
8629,blue.png,black.png,black yellow yellow black.png,black.png,green right.png,86272
8630,green.png,green.png,black red.png,orange.png,orange left.png,86273
8631,yellow.png,yellow.png,black red.png,blue.png,blue left.png,86274
8632,red.png,blue.png,yellow black black yellow.png,yellow.png,blue right.png,86275
8633,yellow.png,blue.png,black red.png,blue.png,blue left.png,86276
8634,yellow.png,green.png,black yellow yellow black.png,blue.png,black right.png,86277
8635,blue.png,yellow.png,left black yellow.png,green.png,none.png,86278
8636,black.png,yellow.png,yellow black black yellow.png,black.png,yellow right.png,86279
8637,red.png,yellow.png,yellow blue.png,yellow.png,none.png,86280
8638,red.png,black.png,orange blue.png,orange.png,none.png,86281
8639,yellow.png,green.png,yellow red.png,orange.png,none.png,86282
8640,orange.png,red.png,yellow black black yellow.png,blue.png,green left.png,86283
8641,black.png,blue.png,red blue.png,red.png,red left.png,86284
8642,red.png,black.png,green red.png,black.png,orange left.png,86285
8643,red.png,blue.png,multicolor.png,green.png,blue right.png,86286
8644,orange.png,red.png,blue red.png,green.png,red left.png,86287
8645,green.png,blue.png,left black yellow.png,red.png,yellow left.png,86288
8646,red.png,orange.png,yellow red.png,black.png,orange right.png,86289
8647,red.png,black.png,orange blue.png,black.png,green left.png,86290
8648,red.png,green.png,multicolor.png,red.png,blue left.png,86291
8649,orange.png,black.png,orange yellow.png,green.png,yellow right.png,86292
8650,orange.png,blue.png,orange yellow.png,black.png,red left.png,86293
8651,orange.png,red.png,green yellow.png,orange.png,blue right.png,86294
8652,red.png,green.png,green yellow.png,red.png,green left.png,86295
8653,blue.png,orange.png,black red.png,red.png,yellow left.png,86296
8654,orange.png,black.png,green yellow.png,yellow.png,none.png,86297
8655,red.png,orange.png,red blue.png,yellow.png,none.png,86298
8656,black.png,blue.png,black yellow.png,green.png,yellow left.png,86299
8657,green.png,black.png,black red.png,black.png,black right.png,86300
8658,black.png,yellow.png,left black yellow.png,orange.png,blue right.png,86301
8659,black.png,green.png,yellow green blue.png,red.png,green left.png,86302
8660,red.png,yellow.png,yellow red.png,green.png,yellow left.png,86303
8661,black.png,black.png,multicolor.png,orange.png,green left.png,86304
8662,blue.png,yellow.png,black red.png,green.png,green left.png,86305
8663,red.png,green.png,up_and_out black yellow.png,red.png,red left.png,86306
8664,orange.png,blue.png,yellow blue.png,yellow.png,green left.png,86307
8665,orange.png,green.png,yellow black black yellow.png,orange.png,black right.png,86308
8666,orange.png,red.png,green blue.png,orange.png,yellow left.png,86309
8667,blue.png,green.png,red blue.png,blue.png,yellow left.png,86310
8668,green.png,green.png,red blue.png,yellow.png,red left.png,86311
8669,green.png,blue.png,up_and_out black yellow.png,yellow.png,blue right.png,86312
8670,black.png,black.png,up_and_out black yellow.png,blue.png,black right.png,86313
8671,orange.png,green.png,green yellow.png,orange.png,orange right.png,86314
8672,orange.png,orange.png,left black yellow.png,red.png,black left.png,86315
8673,black.png,yellow.png,yellow black black yellow.png,orange.png,green left.png,86316
8674,blue.png,black.png,green yellow.png,green.png,orange right.png,86317
8675,orange.png,blue.png,orange blue.png,yellow.png,blue right.png,86318
8676,orange.png,green.png,yellow blue.png,yellow.png,orange left.png,86319
8677,red.png,red.png,yellow green blue.png,orange.png,red left.png,86320
8678,yellow.png,orange.png,yellow blue.png,red.png,none.png,86321
8679,blue.png,red.png,yellow blue.png,red.png,yellow right.png,86322
8680,green.png,blue.png,down black up red.png,orange.png,none.png,86323
8681,orange.png,yellow.png,black yellow.png,orange.png,yellow right.png,86324
8682,yellow.png,blue.png,green blue.png,orange.png,orange right.png,86325
8683,green.png,orange.png,multicolor.png,yellow.png,yellow left.png,86326
8684,black.png,green.png,black red.png,yellow.png,blue right.png,86327
8685,green.png,orange.png,yellow blue.png,yellow.png,orange right.png,86328
8686,orange.png,orange.png,yellow red.png,black.png,blue right.png,86329
8687,green.png,black.png,yellow blue.png,orange.png,yellow left.png,86330
8688,black.png,blue.png,red blue.png,green.png,black left.png,86331
8689,green.png,blue.png,green blue.png,orange.png,black left.png,86332
8690,black.png,red.png,orange blue.png,black.png,blue left.png,86333
8691,red.png,green.png,black yellow.png,orange.png,blue left.png,86334
8692,green.png,black.png,green red.png,black.png,green left.png,86335
8693,green.png,orange.png,multicolor.png,green.png,black right.png,86336
8694,red.png,blue.png,up_and_out black yellow.png,orange.png,blue left.png,86337
8695,blue.png,yellow.png,yellow red.png,yellow.png,orange left.png,86338
8696,orange.png,black.png,black yellow.png,orange.png,black left.png,86339
8697,black.png,red.png,black yellow.png,blue.png,red left.png,86340
8698,blue.png,orange.png,black red.png,black.png,black left.png,86341
8699,black.png,green.png,orange yellow.png,red.png,yellow left.png,86342
8700,red.png,black.png,blue red.png,green.png,yellow right.png,86343
8701,green.png,orange.png,green yellow.png,blue.png,red left.png,86344
8702,red.png,black.png,left black yellow.png,green.png,yellow right.png,86345
8703,orange.png,red.png,orange blue.png,black.png,blue left.png,86346
8704,red.png,black.png,orange blue.png,blue.png,orange left.png,86347
8705,blue.png,orange.png,yellow green blue.png,red.png,none.png,86348
8706,green.png,orange.png,yellow red.png,orange.png,yellow right.png,86349
8707,yellow.png,green.png,black yellow.png,red.png,black left.png,86350
8708,black.png,orange.png,yellow red.png,red.png,yellow left.png,86351
8709,green.png,green.png,yellow blue.png,red.png,blue left.png,86352
8710,green.png,green.png,orange blue.png,green.png,red left.png,86353
8711,red.png,black.png,black yellow yellow black.png,blue.png,black right.png,86354
8712,yellow.png,green.png,orange yellow.png,green.png,black left.png,86355
8713,black.png,orange.png,green yellow.png,orange.png,blue right.png,86356
8714,orange.png,orange.png,yellow green blue.png,red.png,green left.png,86357
8715,red.png,green.png,up_and_out black yellow.png,yellow.png,green left.png,86358
8716,black.png,blue.png,yellow green blue.png,black.png,black left.png,86359
8717,red.png,black.png,green red.png,blue.png,black right.png,86360
8718,blue.png,blue.png,down black up red.png,yellow.png,green right.png,86361
8719,red.png,black.png,up_and_out black yellow.png,yellow.png,blue right.png,86362
8720,yellow.png,yellow.png,orange blue.png,red.png,green left.png,86363
8721,orange.png,green.png,down black up red.png,blue.png,blue right.png,86364
8722,orange.png,green.png,down black up red.png,yellow.png,orange right.png,86365
8723,blue.png,blue.png,black yellow yellow black.png,black.png,blue right.png,86366
8724,black.png,green.png,multicolor.png,green.png,blue left.png,86367
8725,orange.png,yellow.png,up_and_out black yellow.png,red.png,red left.png,86368
8726,yellow.png,red.png,down black up red.png,orange.png,green left.png,86369
8727,orange.png,orange.png,down black up red.png,red.png,red left.png,86370
8728,green.png,blue.png,yellow blue.png,blue.png,yellow left.png,86371
8729,yellow.png,yellow.png,green blue.png,green.png,black right.png,86372
8730,red.png,blue.png,up_and_out black yellow.png,blue.png,blue left.png,86373
8731,orange.png,orange.png,green blue.png,yellow.png,blue right.png,86374
8732,yellow.png,black.png,green red.png,orange.png,red left.png,86375
8733,orange.png,yellow.png,orange yellow.png,green.png,blue left.png,86376
8734,orange.png,yellow.png,red blue.png,black.png,black right.png,86377
8735,blue.png,black.png,yellow red.png,orange.png,red left.png,86378
8736,blue.png,orange.png,green blue.png,black.png,yellow left.png,86379
8737,orange.png,yellow.png,orange blue.png,orange.png,red left.png,86380
8738,yellow.png,orange.png,orange blue.png,yellow.png,black left.png,86381
8739,orange.png,yellow.png,multicolor.png,orange.png,black right.png,86382
8740,blue.png,black.png,up_and_out black yellow.png,red.png,blue left.png,86383
8741,red.png,blue.png,yellow green blue.png,green.png,yellow right.png,86384
8742,orange.png,orange.png,red blue.png,green.png,red left.png,86385
8743,black.png,green.png,yellow blue.png,orange.png,blue right.png,86386
8744,blue.png,red.png,yellow black black yellow.png,orange.png,yellow right.png,86387
8745,black.png,red.png,black red.png,blue.png,yellow right.png,86388
8746,black.png,orange.png,black yellow.png,orange.png,red left.png,86389
8747,blue.png,orange.png,green yellow.png,orange.png,black right.png,86390
8748,orange.png,black.png,green red.png,blue.png,green right.png,86391
8749,yellow.png,black.png,orange blue.png,green.png,none.png,86392
8750,orange.png,red.png,green yellow.png,blue.png,green left.png,86393
8751,orange.png,black.png,up_and_out black yellow.png,green.png,orange right.png,86394
8752,black.png,green.png,blue red.png,red.png,blue right.png,86395
8753,yellow.png,yellow.png,up_and_out black yellow.png,orange.png,blue right.png,86396
8754,black.png,red.png,blue red.png,black.png,orange left.png,86397
8755,blue.png,red.png,yellow green blue.png,orange.png,black right.png,86398
8756,black.png,orange.png,orange blue.png,orange.png,green right.png,86399
8757,green.png,red.png,up_and_out black yellow.png,yellow.png,blue right.png,86400
8758,blue.png,green.png,up_and_out black yellow.png,red.png,blue right.png,86401
8759,orange.png,green.png,up_and_out black yellow.png,blue.png,green right.png,86402
8760,green.png,green.png,yellow green blue.png,orange.png,green right.png,86403
8761,yellow.png,yellow.png,left black yellow.png,orange.png,yellow right.png,86404
8762,orange.png,green.png,down black up red.png,yellow.png,red left.png,86405
8763,red.png,black.png,green blue.png,yellow.png,green right.png,86406
8764,orange.png,yellow.png,up_and_out black yellow.png,red.png,green left.png,86407
8765,orange.png,red.png,yellow blue.png,blue.png,yellow right.png,86408
8766,orange.png,orange.png,yellow blue.png,yellow.png,black right.png,86409
8767,green.png,yellow.png,green yellow.png,red.png,orange left.png,86410
8768,orange.png,orange.png,black yellow yellow black.png,yellow.png,green right.png,86411
8769,green.png,green.png,black yellow yellow black.png,green.png,yellow left.png,86412
8770,blue.png,black.png,orange blue.png,black.png,yellow left.png,86413
8771,blue.png,black.png,green red.png,black.png,orange right.png,86414
8772,red.png,orange.png,orange blue.png,yellow.png,black right.png,86415
8773,red.png,green.png,multicolor.png,orange.png,green left.png,86416
8774,orange.png,blue.png,yellow red.png,orange.png,green right.png,86417
8775,black.png,yellow.png,green blue.png,black.png,yellow left.png,86418
8776,orange.png,green.png,orange blue.png,orange.png,black right.png,86419
8777,yellow.png,black.png,black red.png,red.png,red left.png,86420
8778,black.png,orange.png,yellow green blue.png,yellow.png,yellow left.png,86421
8779,green.png,black.png,green blue.png,orange.png,black right.png,86422
8780,orange.png,yellow.png,green blue.png,yellow.png,green right.png,86423
8781,orange.png,green.png,orange yellow.png,black.png,orange right.png,86424
8782,red.png,blue.png,yellow green blue.png,green.png,red left.png,86425
8783,black.png,green.png,green yellow.png,yellow.png,black right.png,86426
8784,yellow.png,black.png,yellow blue.png,yellow.png,yellow right.png,86427
8785,blue.png,yellow.png,yellow red.png,orange.png,blue right.png,86428
8786,orange.png,orange.png,orange yellow.png,blue.png,red left.png,86429
8787,red.png,black.png,up_and_out black yellow.png,orange.png,orange right.png,86430
8788,orange.png,green.png,blue red.png,black.png,none.png,86431
8789,yellow.png,yellow.png,red blue.png,green.png,black right.png,86432
8790,black.png,red.png,black yellow yellow black.png,orange.png,none.png,86433
8791,blue.png,green.png,orange yellow.png,orange.png,yellow right.png,86434
8792,red.png,blue.png,green red.png,orange.png,yellow right.png,86435
8793,blue.png,blue.png,yellow red.png,orange.png,yellow left.png,86436
8794,black.png,red.png,green yellow.png,yellow.png,orange left.png,86437
8795,black.png,blue.png,down black up red.png,yellow.png,black left.png,86438
8796,black.png,black.png,yellow red.png,red.png,green right.png,86439
8797,blue.png,yellow.png,blue red.png,yellow.png,green left.png,86440
8798,black.png,yellow.png,yellow green blue.png,red.png,yellow left.png,86441
8799,yellow.png,orange.png,red blue.png,yellow.png,green left.png,86442
8800,black.png,black.png,green yellow.png,red.png,red left.png,86443
8801,yellow.png,black.png,green blue.png,orange.png,blue left.png,86444
8802,green.png,yellow.png,red blue.png,blue.png,none.png,86445
8803,yellow.png,green.png,green yellow.png,orange.png,green left.png,86446
8804,green.png,orange.png,orange blue.png,yellow.png,none.png,86447
8805,black.png,green.png,green red.png,green.png,blue left.png,86448
8806,orange.png,black.png,green yellow.png,black.png,blue right.png,86449
8807,black.png,blue.png,yellow red.png,blue.png,blue right.png,86450
8808,black.png,black.png,black yellow yellow black.png,green.png,blue right.png,86451
8809,yellow.png,blue.png,blue red.png,orange.png,blue right.png,86452
8810,blue.png,red.png,blue red.png,black.png,orange right.png,86453
8811,green.png,green.png,left black yellow.png,green.png,orange right.png,86454
8812,orange.png,green.png,red blue.png,orange.png,orange right.png,86455
8813,green.png,orange.png,black red.png,black.png,orange right.png,86456
8814,orange.png,black.png,orange blue.png,green.png,orange right.png,86457
8815,black.png,green.png,green yellow.png,yellow.png,blue right.png,86458
8816,yellow.png,black.png,red blue.png,orange.png,blue right.png,86459
8817,red.png,green.png,blue red.png,red.png,orange left.png,86460
8818,orange.png,orange.png,multicolor.png,yellow.png,red left.png,86461
8819,yellow.png,blue.png,yellow green blue.png,yellow.png,red left.png,86462
8820,black.png,blue.png,green red.png,orange.png,black right.png,86463
8821,yellow.png,black.png,green red.png,red.png,blue left.png,86464
8822,orange.png,orange.png,red blue.png,yellow.png,black left.png,86465
8823,green.png,blue.png,yellow black black yellow.png,orange.png,black left.png,86466
8824,black.png,yellow.png,black yellow.png,yellow.png,black left.png,86467
8825,yellow.png,black.png,black yellow.png,red.png,blue right.png,86468
8826,yellow.png,green.png,black yellow yellow black.png,green.png,orange right.png,86469
8827,green.png,red.png,blue red.png,black.png,blue right.png,86470
8828,yellow.png,red.png,yellow red.png,orange.png,black right.png,86471
8829,black.png,red.png,left black yellow.png,blue.png,orange left.png,86472
8830,black.png,yellow.png,yellow green blue.png,orange.png,yellow left.png,86473
8831,green.png,green.png,green red.png,red.png,orange right.png,86474
8832,black.png,yellow.png,green blue.png,black.png,green right.png,86475
8833,black.png,green.png,up_and_out black yellow.png,orange.png,blue right.png,86476
8834,black.png,blue.png,black yellow yellow black.png,yellow.png,yellow right.png,86477
8835,orange.png,red.png,up_and_out black yellow.png,yellow.png,none.png,86478
8836,black.png,orange.png,blue red.png,orange.png,orange right.png,86479
8837,orange.png,red.png,red blue.png,red.png,green right.png,86480
8838,black.png,red.png,yellow red.png,yellow.png,orange right.png,86481
8839,black.png,red.png,orange yellow.png,green.png,blue left.png,86482
8840,red.png,black.png,multicolor.png,red.png,orange left.png,86483
8841,green.png,red.png,multicolor.png,blue.png,black right.png,86484
8842,black.png,orange.png,yellow blue.png,blue.png,green left.png,86485
8843,blue.png,orange.png,orange yellow.png,blue.png,black right.png,86486
8844,yellow.png,red.png,red blue.png,red.png,red left.png,86487
8845,green.png,black.png,green yellow.png,blue.png,orange left.png,86488
8846,blue.png,yellow.png,green yellow.png,orange.png,none.png,86489
8847,orange.png,red.png,black yellow.png,blue.png,orange left.png,86490
8848,red.png,green.png,black yellow yellow black.png,black.png,yellow left.png,86491
8849,green.png,orange.png,green yellow.png,green.png,green right.png,86492
8850,red.png,red.png,yellow red.png,blue.png,yellow left.png,86493
8851,black.png,orange.png,left black yellow.png,green.png,yellow left.png,86494
8852,red.png,yellow.png,down black up red.png,yellow.png,green left.png,86495
8853,black.png,orange.png,yellow red.png,green.png,yellow right.png,86496
8854,red.png,yellow.png,green blue.png,blue.png,blue right.png,86497
8855,orange.png,yellow.png,down black up red.png,yellow.png,yellow right.png,86498
8856,blue.png,yellow.png,orange yellow.png,green.png,green left.png,86499
8857,orange.png,yellow.png,black yellow yellow black.png,black.png,none.png,86500
8858,blue.png,red.png,left black yellow.png,green.png,black left.png,86501
8859,green.png,red.png,yellow blue.png,red.png,black left.png,86502
8860,red.png,red.png,yellow blue.png,red.png,black left.png,86503
8861,orange.png,orange.png,green red.png,red.png,none.png,86504
8862,green.png,red.png,red blue.png,orange.png,orange left.png,86505
8863,black.png,red.png,yellow green blue.png,yellow.png,none.png,86506
8864,blue.png,yellow.png,green red.png,green.png,orange right.png,86507
8865,green.png,red.png,green yellow.png,yellow.png,none.png,86508
8866,red.png,green.png,yellow black black yellow.png,orange.png,orange right.png,86509
8867,yellow.png,yellow.png,left black yellow.png,black.png,green right.png,86510
8868,yellow.png,yellow.png,left black yellow.png,green.png,orange right.png,86511
8869,yellow.png,green.png,yellow black black yellow.png,blue.png,orange left.png,86512
8870,green.png,orange.png,up_and_out black yellow.png,green.png,blue right.png,86513
8871,blue.png,green.png,yellow green blue.png,blue.png,yellow left.png,86514
8872,orange.png,red.png,green red.png,red.png,green left.png,86515
8873,red.png,orange.png,black yellow.png,blue.png,yellow left.png,86516
8874,yellow.png,blue.png,blue red.png,yellow.png,orange right.png,86517
8875,blue.png,black.png,multicolor.png,orange.png,green left.png,86518
8876,orange.png,orange.png,black red.png,blue.png,blue left.png,86519
8877,yellow.png,yellow.png,yellow red.png,black.png,yellow left.png,86520
8878,blue.png,red.png,yellow black black yellow.png,red.png,blue right.png,86521
8879,black.png,red.png,yellow blue.png,yellow.png,green left.png,86522
8880,orange.png,red.png,yellow blue.png,black.png,none.png,86523
8881,red.png,red.png,blue red.png,black.png,orange left.png,86524
8882,black.png,red.png,yellow red.png,yellow.png,yellow left.png,86525
8883,red.png,orange.png,green blue.png,blue.png,red left.png,86526
8884,orange.png,orange.png,black red.png,blue.png,green right.png,86527
8885,blue.png,black.png,red blue.png,green.png,green right.png,86528
8886,orange.png,black.png,up_and_out black yellow.png,black.png,blue right.png,86529
8887,green.png,green.png,multicolor.png,red.png,black right.png,86530
8888,blue.png,black.png,green yellow.png,red.png,green left.png,86531
8889,blue.png,black.png,green red.png,red.png,orange right.png,86532
8890,black.png,yellow.png,yellow green blue.png,green.png,blue right.png,86533
8891,black.png,black.png,red blue.png,blue.png,red left.png,86534
8892,black.png,black.png,yellow red.png,red.png,orange right.png,86535
8893,yellow.png,blue.png,orange blue.png,red.png,green right.png,86536
8894,red.png,black.png,green yellow.png,green.png,blue left.png,86537
8895,green.png,green.png,multicolor.png,green.png,black right.png,86538
8896,yellow.png,blue.png,multicolor.png,orange.png,yellow left.png,86539
8897,green.png,red.png,black red.png,green.png,orange left.png,86540
8898,orange.png,green.png,multicolor.png,orange.png,red left.png,86541
8899,blue.png,yellow.png,green red.png,black.png,green left.png,86542
8900,green.png,green.png,blue red.png,black.png,orange right.png,86543
8901,black.png,yellow.png,orange yellow.png,orange.png,orange left.png,86544
8902,black.png,yellow.png,orange blue.png,orange.png,blue right.png,86545
8903,red.png,blue.png,yellow black black yellow.png,blue.png,blue right.png,86546
8904,orange.png,blue.png,black yellow.png,black.png,none.png,86547
8905,red.png,green.png,multicolor.png,green.png,none.png,86548
8906,black.png,orange.png,orange blue.png,green.png,none.png,86549
8907,black.png,red.png,yellow green blue.png,orange.png,red left.png,86550
8908,green.png,orange.png,yellow green blue.png,green.png,red left.png,86551
8909,black.png,blue.png,yellow red.png,blue.png,yellow right.png,86552
8910,green.png,red.png,up_and_out black yellow.png,blue.png,yellow left.png,86553
8911,blue.png,black.png,yellow black black yellow.png,blue.png,blue right.png,86554
8912,green.png,blue.png,down black up red.png,red.png,none.png,86555
8913,green.png,yellow.png,orange blue.png,red.png,orange right.png,86556
8914,red.png,yellow.png,down black up red.png,red.png,none.png,86557
8915,red.png,red.png,red blue.png,green.png,red left.png,86558
8916,red.png,blue.png,left black yellow.png,green.png,black right.png,86559
8917,green.png,orange.png,blue red.png,yellow.png,blue left.png,86560
8918,black.png,orange.png,orange blue.png,black.png,black right.png,86561
8919,red.png,red.png,down black up red.png,red.png,black right.png,86562
8920,blue.png,red.png,green blue.png,red.png,yellow right.png,86563
8921,green.png,orange.png,black yellow.png,black.png,yellow right.png,86564
8922,yellow.png,green.png,green red.png,orange.png,orange left.png,86565
8923,green.png,black.png,orange yellow.png,black.png,green left.png,86566
8924,red.png,blue.png,multicolor.png,orange.png,blue right.png,86567
8925,orange.png,orange.png,yellow red.png,black.png,black left.png,86568
8926,green.png,black.png,yellow red.png,black.png,none.png,86569
8927,blue.png,blue.png,yellow blue.png,yellow.png,black left.png,86570
8928,red.png,green.png,up_and_out black yellow.png,orange.png,orange right.png,86571
8929,green.png,black.png,black yellow.png,black.png,black left.png,86572
8930,blue.png,blue.png,down black up red.png,orange.png,yellow right.png,86573
8931,red.png,red.png,yellow red.png,red.png,green right.png,86574
8932,yellow.png,blue.png,yellow black black yellow.png,orange.png,green right.png,86575
8933,black.png,black.png,blue red.png,red.png,black right.png,86576
8934,yellow.png,green.png,green yellow.png,green.png,green right.png,86577
8935,blue.png,blue.png,up_and_out black yellow.png,yellow.png,blue right.png,86578
8936,black.png,yellow.png,black yellow yellow black.png,blue.png,none.png,86579
8937,blue.png,yellow.png,orange yellow.png,orange.png,red left.png,86580
8938,yellow.png,black.png,green yellow.png,green.png,blue left.png,86581
8939,green.png,orange.png,black red.png,orange.png,orange left.png,86582
8940,yellow.png,blue.png,yellow red.png,red.png,black left.png,86583
8941,blue.png,green.png,multicolor.png,red.png,black left.png,86584
8942,yellow.png,yellow.png,left black yellow.png,blue.png,yellow left.png,86585
8943,blue.png,red.png,multicolor.png,red.png,blue right.png,86586
8944,blue.png,orange.png,yellow black black yellow.png,black.png,black left.png,86587
8945,yellow.png,green.png,red blue.png,yellow.png,black right.png,86588
8946,yellow.png,black.png,green blue.png,orange.png,red left.png,86589
8947,blue.png,black.png,up_and_out black yellow.png,red.png,orange left.png,86590
8948,red.png,blue.png,left black yellow.png,black.png,red left.png,86591
8949,black.png,yellow.png,yellow black black yellow.png,red.png,green left.png,86592
8950,blue.png,black.png,orange blue.png,yellow.png,blue left.png,86593
8951,black.png,black.png,black yellow.png,green.png,black left.png,86594
8952,yellow.png,green.png,up_and_out black yellow.png,red.png,yellow right.png,86595
8953,black.png,red.png,blue red.png,orange.png,none.png,86596
8954,blue.png,blue.png,black red.png,green.png,green right.png,86597
8955,green.png,orange.png,multicolor.png,black.png,black right.png,86598
8956,red.png,green.png,green red.png,black.png,black left.png,86599
8957,green.png,yellow.png,yellow green blue.png,green.png,green left.png,86600
8958,red.png,yellow.png,orange blue.png,red.png,black left.png,86601
8959,yellow.png,orange.png,yellow red.png,black.png,red left.png,86602
8960,yellow.png,black.png,down black up red.png,green.png,black left.png,86603
8961,red.png,blue.png,down black up red.png,green.png,orange left.png,86604
8962,black.png,green.png,yellow black black yellow.png,yellow.png,none.png,86605
8963,black.png,blue.png,orange blue.png,green.png,black left.png,86606
8964,yellow.png,green.png,blue red.png,red.png,blue right.png,86607
8965,orange.png,green.png,black red.png,black.png,blue right.png,86608
8966,yellow.png,orange.png,red blue.png,red.png,none.png,86609
8967,yellow.png,blue.png,black yellow yellow black.png,red.png,black left.png,86610
8968,green.png,blue.png,red blue.png,black.png,red left.png,86611
8969,green.png,green.png,yellow red.png,blue.png,orange right.png,86612
8970,green.png,red.png,green red.png,orange.png,black left.png,86613
8971,blue.png,yellow.png,yellow black black yellow.png,orange.png,black right.png,86614
8972,black.png,red.png,multicolor.png,yellow.png,black left.png,86615
8973,black.png,red.png,yellow blue.png,green.png,blue left.png,86616
8974,orange.png,red.png,orange yellow.png,yellow.png,yellow left.png,86617
8975,orange.png,black.png,green blue.png,black.png,black right.png,86618
8976,yellow.png,orange.png,blue red.png,red.png,red left.png,86619
8977,blue.png,red.png,down black up red.png,red.png,black left.png,86620
8978,blue.png,orange.png,black red.png,orange.png,yellow right.png,86621
8979,blue.png,red.png,up_and_out black yellow.png,green.png,black right.png,86622
8980,yellow.png,red.png,yellow red.png,green.png,orange right.png,86623
8981,blue.png,red.png,green red.png,black.png,blue left.png,86624
8982,green.png,red.png,black red.png,blue.png,blue right.png,86625
8983,black.png,yellow.png,black red.png,blue.png,yellow left.png,86626
8984,green.png,red.png,green red.png,orange.png,none.png,86627
8985,orange.png,red.png,yellow black black yellow.png,orange.png,black left.png,86628
8986,black.png,red.png,red blue.png,yellow.png,none.png,86629
8987,yellow.png,orange.png,yellow red.png,red.png,green left.png,86630
8988,black.png,green.png,orange blue.png,blue.png,black left.png,86631
8989,blue.png,orange.png,up_and_out black yellow.png,orange.png,yellow left.png,86632
8990,blue.png,black.png,black red.png,orange.png,black left.png,86633
8991,green.png,black.png,multicolor.png,orange.png,yellow left.png,86634
8992,green.png,yellow.png,yellow red.png,blue.png,none.png,86635
8993,red.png,red.png,green blue.png,orange.png,orange right.png,86636
8994,blue.png,green.png,multicolor.png,black.png,yellow left.png,86637
8995,orange.png,yellow.png,green red.png,black.png,orange left.png,86638
8996,yellow.png,yellow.png,green blue.png,green.png,black left.png,86639
8997,red.png,blue.png,up_and_out black yellow.png,yellow.png,orange left.png,86640
8998,black.png,orange.png,red blue.png,red.png,green right.png,86641
8999,green.png,black.png,blue red.png,green.png,green right.png,86642
9000,green.png,yellow.png,green yellow.png,red.png,yellow right.png,86643
9001,black.png,orange.png,green yellow.png,blue.png,green right.png,86644
9002,red.png,green.png,orange yellow.png,green.png,blue right.png,86645
9003,blue.png,black.png,black yellow.png,orange.png,none.png,86646
9004,orange.png,green.png,left black yellow.png,orange.png,blue left.png,86647
9005,yellow.png,yellow.png,up_and_out black yellow.png,yellow.png,green left.png,86648
9006,yellow.png,green.png,black yellow yellow black.png,orange.png,yellow left.png,86649
9007,red.png,black.png,green yellow.png,orange.png,yellow left.png,86650
9008,yellow.png,blue.png,yellow blue.png,black.png,black left.png,86651
9009,yellow.png,black.png,blue red.png,blue.png,blue left.png,86652
9010,green.png,blue.png,orange blue.png,green.png,black right.png,86653
9011,orange.png,red.png,yellow blue.png,green.png,blue left.png,86654
9012,blue.png,orange.png,orange blue.png,blue.png,none.png,86655
9013,red.png,yellow.png,orange blue.png,green.png,orange right.png,86656
9014,red.png,yellow.png,yellow blue.png,blue.png,yellow left.png,86657
9015,orange.png,orange.png,yellow red.png,red.png,blue left.png,86658
9016,orange.png,yellow.png,green red.png,red.png,orange right.png,86659
9017,black.png,blue.png,yellow blue.png,green.png,green right.png,86660
9018,orange.png,black.png,green blue.png,yellow.png,none.png,86661
9019,blue.png,black.png,yellow black black yellow.png,red.png,green right.png,86662
9020,red.png,yellow.png,yellow red.png,yellow.png,yellow left.png,86663
9021,red.png,red.png,up_and_out black yellow.png,red.png,green right.png,86664
9022,orange.png,yellow.png,left black yellow.png,blue.png,black right.png,86665
9023,blue.png,yellow.png,green yellow.png,black.png,yellow left.png,86666
9024,blue.png,yellow.png,multicolor.png,blue.png,black right.png,86667
9025,green.png,blue.png,multicolor.png,yellow.png,black right.png,86668
9026,orange.png,red.png,multicolor.png,orange.png,yellow left.png,86669
9027,orange.png,black.png,black yellow.png,red.png,blue left.png,86670
9028,green.png,green.png,yellow red.png,black.png,red left.png,86671
9029,black.png,red.png,yellow blue.png,blue.png,yellow right.png,86672
9030,blue.png,orange.png,blue red.png,blue.png,black left.png,86673
9031,green.png,orange.png,blue red.png,yellow.png,blue right.png,86674
9032,black.png,red.png,down black up red.png,blue.png,green right.png,86675
9033,yellow.png,black.png,orange blue.png,red.png,red left.png,86676
9034,yellow.png,red.png,orange blue.png,orange.png,blue right.png,86677
9035,orange.png,yellow.png,down black up red.png,yellow.png,orange left.png,86678
9036,black.png,green.png,blue red.png,blue.png,black right.png,86679
9037,blue.png,yellow.png,yellow green blue.png,orange.png,yellow right.png,86680
9038,orange.png,red.png,left black yellow.png,red.png,green left.png,86681
9039,black.png,blue.png,black red.png,orange.png,red left.png,86682
9040,green.png,red.png,multicolor.png,green.png,black right.png,86683
9041,black.png,green.png,orange blue.png,yellow.png,orange left.png,86684
9042,yellow.png,yellow.png,black yellow.png,yellow.png,yellow right.png,86685
9043,green.png,green.png,black yellow yellow black.png,red.png,black right.png,86686
9044,yellow.png,orange.png,black yellow.png,blue.png,none.png,86687
9045,black.png,blue.png,blue red.png,yellow.png,yellow left.png,86688
9046,orange.png,black.png,orange blue.png,green.png,orange left.png,86689
9047,black.png,red.png,green red.png,blue.png,yellow right.png,86690
9048,red.png,black.png,black red.png,yellow.png,orange left.png,86691
9049,orange.png,red.png,black yellow.png,orange.png,none.png,86692
9050,red.png,blue.png,green red.png,green.png,orange left.png,86693
9051,yellow.png,yellow.png,green yellow.png,orange.png,blue right.png,86694
9052,red.png,red.png,green yellow.png,green.png,yellow right.png,86695
9053,blue.png,orange.png,orange yellow.png,blue.png,green right.png,86696
9054,green.png,red.png,yellow black black yellow.png,yellow.png,blue right.png,86697
9055,black.png,blue.png,yellow blue.png,red.png,blue left.png,86698
9056,yellow.png,green.png,black yellow yellow black.png,green.png,none.png,86699
9057,yellow.png,black.png,green yellow.png,red.png,orange right.png,86700
9058,green.png,green.png,yellow black black yellow.png,red.png,red left.png,86701
9059,red.png,blue.png,multicolor.png,green.png,red left.png,86702
9060,green.png,orange.png,green red.png,blue.png,green left.png,86703
9061,black.png,blue.png,multicolor.png,blue.png,orange right.png,86704
9062,red.png,orange.png,orange blue.png,orange.png,blue right.png,86705
9063,black.png,orange.png,up_and_out black yellow.png,red.png,black left.png,86706
9064,orange.png,yellow.png,down black up red.png,yellow.png,orange right.png,86707
9065,yellow.png,green.png,orange yellow.png,green.png,green right.png,86708
9066,yellow.png,yellow.png,orange blue.png,black.png,blue left.png,86709
9067,blue.png,orange.png,green yellow.png,red.png,black right.png,86710
9068,black.png,blue.png,green red.png,black.png,yellow right.png,86711
9069,black.png,blue.png,yellow red.png,green.png,red left.png,86712
9070,green.png,green.png,yellow blue.png,blue.png,yellow left.png,86713
9071,yellow.png,red.png,down black up red.png,orange.png,orange left.png,86714
9072,red.png,green.png,yellow red.png,yellow.png,blue left.png,86715
9073,black.png,yellow.png,green yellow.png,blue.png,blue left.png,86716
9074,orange.png,blue.png,left black yellow.png,orange.png,black left.png,86717
9075,orange.png,blue.png,green blue.png,orange.png,blue left.png,86718
9076,orange.png,blue.png,green blue.png,yellow.png,black left.png,86719
9077,green.png,black.png,left black yellow.png,black.png,red left.png,86720
9078,orange.png,green.png,yellow blue.png,orange.png,yellow right.png,86721
9079,blue.png,blue.png,yellow green blue.png,red.png,blue right.png,86722
9080,red.png,red.png,yellow blue.png,yellow.png,blue left.png,86723
9081,orange.png,orange.png,down black up red.png,black.png,green left.png,86724
9082,blue.png,orange.png,left black yellow.png,green.png,black left.png,86725
9083,blue.png,yellow.png,green red.png,blue.png,green right.png,86726
9084,red.png,red.png,up_and_out black yellow.png,green.png,black left.png,86727
9085,orange.png,black.png,down black up red.png,orange.png,green right.png,86728
9086,yellow.png,yellow.png,black yellow.png,orange.png,orange left.png,86729
9087,red.png,green.png,black yellow yellow black.png,red.png,green left.png,86730
9088,orange.png,orange.png,black yellow yellow black.png,orange.png,orange left.png,86731
9089,red.png,green.png,up_and_out black yellow.png,blue.png,black left.png,86732
9090,blue.png,red.png,up_and_out black yellow.png,orange.png,orange right.png,86733
9091,yellow.png,orange.png,yellow green blue.png,orange.png,blue left.png,86734
9092,blue.png,yellow.png,black red.png,red.png,green left.png,86735
9093,black.png,yellow.png,yellow green blue.png,blue.png,orange left.png,86736
9094,yellow.png,red.png,black yellow.png,yellow.png,red left.png,86737
9095,black.png,red.png,green blue.png,black.png,black right.png,86738
9096,black.png,blue.png,black yellow yellow black.png,blue.png,green right.png,86739
9097,green.png,blue.png,up_and_out black yellow.png,orange.png,orange left.png,86740
9098,green.png,green.png,orange blue.png,blue.png,yellow left.png,86741
9099,red.png,black.png,green blue.png,yellow.png,black right.png,86742
9100,orange.png,orange.png,orange blue.png,black.png,blue left.png,86743
9101,red.png,black.png,blue red.png,green.png,green left.png,86744
9102,orange.png,blue.png,black yellow.png,black.png,yellow left.png,86745
9103,black.png,yellow.png,yellow blue.png,orange.png,yellow right.png,86746
9104,green.png,green.png,up_and_out black yellow.png,red.png,orange right.png,86747
9105,red.png,yellow.png,yellow red.png,red.png,blue left.png,86748
9106,green.png,red.png,down black up red.png,green.png,none.png,86749
9107,black.png,orange.png,black red.png,black.png,black left.png,86750
9108,black.png,orange.png,yellow blue.png,yellow.png,orange right.png,86751
9109,green.png,red.png,orange yellow.png,orange.png,black right.png,86752
9110,orange.png,red.png,black yellow yellow black.png,blue.png,yellow left.png,86753
9111,black.png,orange.png,green red.png,black.png,black right.png,86754
9112,orange.png,yellow.png,yellow red.png,red.png,green left.png,86755
9113,orange.png,orange.png,black yellow.png,black.png,black right.png,86756
9114,red.png,red.png,up_and_out black yellow.png,green.png,yellow right.png,86757
9115,red.png,black.png,yellow red.png,orange.png,none.png,86758
9116,green.png,blue.png,orange blue.png,orange.png,blue left.png,86759
9117,yellow.png,yellow.png,orange blue.png,orange.png,yellow left.png,86760
9118,black.png,black.png,green yellow.png,red.png,black right.png,86761
9119,yellow.png,blue.png,black red.png,red.png,yellow left.png,86762
9120,yellow.png,green.png,down black up red.png,orange.png,green left.png,86763
9121,orange.png,blue.png,left black yellow.png,red.png,green right.png,86764
9122,black.png,orange.png,black yellow yellow black.png,orange.png,yellow left.png,86765
9123,yellow.png,yellow.png,blue red.png,green.png,yellow right.png,86766
9124,yellow.png,black.png,black red.png,green.png,orange left.png,86767
9125,black.png,green.png,multicolor.png,blue.png,blue right.png,86768
9126,red.png,green.png,left black yellow.png,green.png,green left.png,86769
9127,black.png,blue.png,multicolor.png,green.png,red left.png,86770
9128,yellow.png,blue.png,green blue.png,orange.png,orange left.png,86771
9129,orange.png,green.png,orange yellow.png,orange.png,black right.png,86772
9130,yellow.png,black.png,black yellow.png,yellow.png,none.png,86773
9131,blue.png,yellow.png,orange yellow.png,green.png,blue left.png,86774
9132,black.png,black.png,black yellow.png,black.png,orange right.png,86775
9133,blue.png,blue.png,black yellow.png,blue.png,orange left.png,86776
9134,yellow.png,green.png,yellow black black yellow.png,orange.png,black right.png,86777
9135,yellow.png,blue.png,orange blue.png,red.png,red left.png,86778
9136,red.png,orange.png,blue red.png,yellow.png,green right.png,86779
9137,yellow.png,red.png,green yellow.png,yellow.png,green right.png,86780
9138,orange.png,red.png,red blue.png,orange.png,green right.png,86781
9139,orange.png,blue.png,down black up red.png,black.png,none.png,86782
9140,blue.png,red.png,orange blue.png,green.png,black right.png,86783
9141,blue.png,orange.png,green red.png,blue.png,green left.png,86784
9142,blue.png,black.png,green blue.png,green.png,orange left.png,86785
9143,yellow.png,green.png,yellow black black yellow.png,red.png,green left.png,86786
9144,green.png,green.png,down black up red.png,yellow.png,black left.png,86787
9145,green.png,red.png,orange yellow.png,blue.png,green right.png,86788
9146,red.png,yellow.png,up_and_out black yellow.png,yellow.png,none.png,86789
9147,orange.png,black.png,multicolor.png,blue.png,orange right.png,86790
9148,orange.png,blue.png,orange blue.png,blue.png,red left.png,86791
9149,blue.png,black.png,green blue.png,green.png,yellow right.png,86792
9150,red.png,orange.png,yellow green blue.png,red.png,black left.png,86793
9151,red.png,yellow.png,black yellow.png,yellow.png,green right.png,86794
9152,red.png,green.png,green red.png,green.png,green right.png,86795
9153,yellow.png,red.png,multicolor.png,black.png,blue right.png,86796
9154,orange.png,yellow.png,black yellow yellow black.png,black.png,blue left.png,86797
9155,green.png,green.png,green yellow.png,blue.png,orange left.png,86798
9156,yellow.png,yellow.png,yellow red.png,green.png,black left.png,86799
9157,red.png,orange.png,down black up red.png,red.png,yellow left.png,86800
9158,black.png,yellow.png,down black up red.png,yellow.png,none.png,86801
9159,black.png,green.png,yellow green blue.png,red.png,red left.png,86802
9160,yellow.png,yellow.png,green blue.png,green.png,yellow left.png,86803
9161,yellow.png,blue.png,green red.png,orange.png,yellow left.png,86804
9162,yellow.png,green.png,green red.png,green.png,yellow right.png,86805
9163,yellow.png,black.png,yellow blue.png,orange.png,red left.png,86806
9164,black.png,green.png,red blue.png,red.png,black right.png,86807
9165,green.png,yellow.png,orange yellow.png,red.png,green left.png,86808
9166,black.png,green.png,green red.png,red.png,orange right.png,86809
9167,orange.png,blue.png,left black yellow.png,blue.png,yellow left.png,86810
9168,yellow.png,red.png,yellow black black yellow.png,orange.png,green left.png,86811
9169,orange.png,red.png,yellow green blue.png,orange.png,green left.png,86812
9170,blue.png,blue.png,up_and_out black yellow.png,green.png,blue right.png,86813
9171,blue.png,black.png,green red.png,yellow.png,orange left.png,86814
9172,blue.png,black.png,yellow green blue.png,black.png,none.png,86815
9173,red.png,yellow.png,left black yellow.png,yellow.png,orange right.png,86816
9174,black.png,red.png,down black up red.png,red.png,yellow left.png,86817
9175,blue.png,black.png,left black yellow.png,blue.png,orange right.png,86818
9176,yellow.png,orange.png,green blue.png,blue.png,orange right.png,86819
9177,blue.png,blue.png,orange yellow.png,orange.png,blue right.png,86820
9178,red.png,orange.png,yellow green blue.png,blue.png,green right.png,86821
9179,blue.png,black.png,yellow red.png,orange.png,orange right.png,86822
9180,blue.png,green.png,green red.png,yellow.png,blue right.png,86823
9181,blue.png,yellow.png,green blue.png,green.png,black left.png,86824
9182,blue.png,yellow.png,yellow black black yellow.png,orange.png,yellow left.png,86825
9183,red.png,red.png,black yellow yellow black.png,orange.png,green left.png,86826
9184,green.png,black.png,left black yellow.png,green.png,orange left.png,86827
9185,blue.png,blue.png,blue red.png,green.png,black right.png,86828
9186,blue.png,yellow.png,orange yellow.png,red.png,blue right.png,86829
9187,black.png,orange.png,green blue.png,orange.png,green left.png,86830
9188,orange.png,orange.png,yellow red.png,orange.png,red left.png,86831
9189,blue.png,black.png,yellow green blue.png,yellow.png,none.png,86832
9190,green.png,yellow.png,black yellow.png,orange.png,blue left.png,86833
9191,blue.png,yellow.png,yellow blue.png,yellow.png,blue left.png,86834
9192,green.png,yellow.png,down black up red.png,green.png,orange left.png,86835
9193,yellow.png,blue.png,orange blue.png,green.png,blue right.png,86836
9194,red.png,yellow.png,up_and_out black yellow.png,black.png,none.png,86837
9195,red.png,blue.png,orange yellow.png,blue.png,yellow left.png,86838
9196,yellow.png,red.png,yellow black black yellow.png,green.png,green right.png,86839
9197,black.png,black.png,green yellow.png,yellow.png,green left.png,86840
9198,yellow.png,black.png,red blue.png,red.png,blue right.png,86841
9199,black.png,orange.png,orange blue.png,red.png,black right.png,86842
9200,yellow.png,yellow.png,green red.png,orange.png,green left.png,86843
9201,green.png,yellow.png,multicolor.png,red.png,black left.png,86844
9202,orange.png,yellow.png,yellow green blue.png,blue.png,yellow right.png,86845
9203,orange.png,green.png,blue red.png,orange.png,black right.png,86846
9204,red.png,green.png,green red.png,yellow.png,green left.png,86847
9205,red.png,orange.png,orange yellow.png,green.png,green left.png,86848
9206,green.png,yellow.png,orange yellow.png,red.png,black right.png,86849
9207,blue.png,yellow.png,yellow blue.png,red.png,yellow right.png,86850
9208,blue.png,blue.png,black red.png,black.png,orange left.png,86851
9209,red.png,orange.png,yellow blue.png,green.png,yellow left.png,86852
9210,black.png,yellow.png,orange yellow.png,red.png,blue left.png,86853
9211,red.png,black.png,multicolor.png,red.png,none.png,86854
9212,green.png,black.png,multicolor.png,yellow.png,yellow left.png,86855
9213,yellow.png,yellow.png,yellow black black yellow.png,yellow.png,red left.png,86856
9214,black.png,orange.png,up_and_out black yellow.png,red.png,green right.png,86857
9215,red.png,blue.png,green yellow.png,red.png,none.png,86858
9216,red.png,green.png,red blue.png,red.png,black right.png,86859
9217,black.png,red.png,green red.png,red.png,yellow right.png,86860
9218,orange.png,yellow.png,blue red.png,orange.png,yellow left.png,86861
9219,red.png,black.png,yellow green blue.png,black.png,red left.png,86862
9220,black.png,yellow.png,yellow blue.png,black.png,orange right.png,86863
9221,black.png,blue.png,green blue.png,red.png,yellow left.png,86864
9222,green.png,red.png,multicolor.png,blue.png,green right.png,86865
9223,yellow.png,red.png,orange yellow.png,orange.png,black right.png,86866
9224,blue.png,blue.png,blue red.png,orange.png,red left.png,86867
9225,green.png,yellow.png,yellow black black yellow.png,yellow.png,black left.png,86868
9226,black.png,orange.png,yellow black black yellow.png,red.png,blue left.png,86869
9227,black.png,black.png,red blue.png,yellow.png,red left.png,86870
9228,orange.png,red.png,red blue.png,blue.png,yellow left.png,86871
9229,black.png,red.png,down black up red.png,black.png,orange right.png,86872
9230,black.png,black.png,yellow black black yellow.png,yellow.png,orange left.png,86873
9231,yellow.png,red.png,black red.png,orange.png,green left.png,86874
9232,red.png,orange.png,yellow green blue.png,yellow.png,yellow left.png,86875
9233,orange.png,blue.png,blue red.png,yellow.png,green left.png,86876
9234,blue.png,orange.png,up_and_out black yellow.png,red.png,blue left.png,86877
9235,yellow.png,black.png,black yellow yellow black.png,orange.png,none.png,86878
9236,green.png,blue.png,red blue.png,orange.png,green left.png,86879
9237,green.png,black.png,left black yellow.png,blue.png,red left.png,86880
9238,blue.png,red.png,black yellow.png,yellow.png,green left.png,86881
9239,yellow.png,orange.png,red blue.png,yellow.png,blue right.png,86882
9240,yellow.png,blue.png,green blue.png,yellow.png,orange left.png,86883
9241,orange.png,orange.png,orange blue.png,red.png,black left.png,86884
9242,orange.png,blue.png,yellow blue.png,blue.png,blue right.png,86885
9243,red.png,green.png,green blue.png,green.png,orange right.png,86886
9244,blue.png,orange.png,up_and_out black yellow.png,green.png,black left.png,86887
9245,blue.png,red.png,black yellow yellow black.png,blue.png,blue left.png,86888
9246,green.png,black.png,green yellow.png,red.png,none.png,86889
9247,red.png,yellow.png,orange yellow.png,blue.png,yellow left.png,86890
9248,blue.png,red.png,multicolor.png,blue.png,orange right.png,86891
9249,yellow.png,yellow.png,yellow blue.png,black.png,blue left.png,86892
9250,black.png,green.png,black red.png,blue.png,blue right.png,86893
9251,blue.png,green.png,green yellow.png,black.png,green left.png,86894
9252,red.png,red.png,red blue.png,red.png,green right.png,86895
9253,blue.png,blue.png,green yellow.png,green.png,orange left.png,86896
9254,black.png,blue.png,left black yellow.png,orange.png,black right.png,86897
9255,orange.png,yellow.png,black yellow yellow black.png,red.png,green right.png,86898
9256,orange.png,blue.png,orange blue.png,black.png,red left.png,86899
9257,green.png,red.png,multicolor.png,green.png,yellow right.png,86900
9258,blue.png,yellow.png,multicolor.png,green.png,blue left.png,86901
9259,orange.png,orange.png,black yellow yellow black.png,green.png,green right.png,86902
9260,blue.png,orange.png,green blue.png,black.png,green right.png,86903
9261,orange.png,green.png,yellow red.png,red.png,none.png,86904
9262,red.png,black.png,yellow red.png,blue.png,green right.png,86905
9263,red.png,yellow.png,black yellow.png,blue.png,black right.png,86906
9264,red.png,red.png,orange yellow.png,blue.png,black right.png,86907
9265,green.png,green.png,up_and_out black yellow.png,blue.png,black left.png,86908
9266,green.png,black.png,green red.png,yellow.png,none.png,86909
9267,black.png,yellow.png,multicolor.png,yellow.png,black left.png,86910
9268,black.png,blue.png,red blue.png,blue.png,blue right.png,86911
9269,orange.png,orange.png,green blue.png,yellow.png,black right.png,86912
9270,yellow.png,orange.png,black yellow yellow black.png,blue.png,none.png,86913
9271,black.png,black.png,green yellow.png,green.png,yellow left.png,86914
9272,green.png,blue.png,black yellow.png,blue.png,green right.png,86915
9273,yellow.png,orange.png,up_and_out black yellow.png,yellow.png,green right.png,86916
9274,orange.png,black.png,green red.png,blue.png,none.png,86917
9275,red.png,blue.png,yellow green blue.png,red.png,green right.png,86918
9276,black.png,green.png,blue red.png,blue.png,blue right.png,86919
9277,red.png,yellow.png,black yellow.png,blue.png,blue right.png,86920
9278,red.png,black.png,black yellow.png,black.png,yellow right.png,86921
9279,red.png,green.png,multicolor.png,red.png,yellow left.png,86922
9280,yellow.png,blue.png,yellow blue.png,red.png,yellow right.png,86923
9281,green.png,red.png,black yellow yellow black.png,green.png,black left.png,86924
9282,red.png,black.png,yellow green blue.png,orange.png,blue left.png,86925
9283,red.png,yellow.png,blue red.png,red.png,black right.png,86926
9284,orange.png,blue.png,left black yellow.png,orange.png,blue right.png,86927
9285,blue.png,orange.png,yellow red.png,red.png,orange right.png,86928
9286,green.png,black.png,orange blue.png,blue.png,orange right.png,86929
9287,orange.png,green.png,multicolor.png,red.png,red left.png,86930
9288,green.png,green.png,black yellow.png,black.png,green right.png,86931
9289,black.png,yellow.png,down black up red.png,black.png,orange left.png,86932
9290,yellow.png,red.png,red blue.png,green.png,yellow right.png,86933
9291,yellow.png,orange.png,black yellow.png,black.png,blue right.png,86934
9292,green.png,orange.png,down black up red.png,black.png,blue right.png,86935
9293,yellow.png,black.png,yellow blue.png,green.png,orange left.png,86936
9294,orange.png,blue.png,down black up red.png,yellow.png,black right.png,86937
9295,red.png,orange.png,left black yellow.png,yellow.png,yellow right.png,86938
9296,blue.png,orange.png,green red.png,yellow.png,blue right.png,86939
9297,green.png,black.png,green red.png,red.png,yellow right.png,86940
9298,green.png,red.png,orange blue.png,green.png,red left.png,86941
9299,yellow.png,black.png,left black yellow.png,green.png,green left.png,86942
9300,black.png,yellow.png,black red.png,yellow.png,red left.png,86943
9301,green.png,red.png,blue red.png,red.png,blue right.png,86944
9302,red.png,yellow.png,yellow blue.png,black.png,black right.png,86945
9303,red.png,red.png,green red.png,yellow.png,yellow right.png,86946
9304,green.png,yellow.png,green red.png,green.png,blue left.png,86947
9305,green.png,yellow.png,green red.png,red.png,none.png,86948
9306,green.png,yellow.png,yellow green blue.png,yellow.png,blue right.png,86949
9307,black.png,orange.png,yellow green blue.png,black.png,green right.png,86950
9308,yellow.png,green.png,green blue.png,black.png,black right.png,86951
9309,red.png,red.png,black yellow yellow black.png,blue.png,none.png,86952
9310,orange.png,orange.png,left black yellow.png,black.png,none.png,86953
9311,orange.png,black.png,left black yellow.png,green.png,black right.png,86954
9312,orange.png,green.png,up_and_out black yellow.png,green.png,green left.png,86955
9313,green.png,blue.png,green red.png,red.png,green right.png,86956
9314,blue.png,yellow.png,green blue.png,black.png,black right.png,86957
9315,black.png,green.png,yellow green blue.png,green.png,orange right.png,86958
9316,orange.png,blue.png,black yellow yellow black.png,red.png,black right.png,86959
9317,blue.png,yellow.png,orange blue.png,yellow.png,yellow left.png,86960
9318,red.png,orange.png,black red.png,green.png,green right.png,86961
9319,black.png,yellow.png,green red.png,orange.png,yellow left.png,86962
9320,green.png,red.png,yellow blue.png,red.png,yellow right.png,86963
9321,yellow.png,yellow.png,green blue.png,green.png,yellow right.png,86964
9322,black.png,blue.png,down black up red.png,yellow.png,orange right.png,86965
9323,green.png,green.png,up_and_out black yellow.png,green.png,black left.png,86966
9324,blue.png,green.png,green red.png,red.png,green right.png,86967
9325,orange.png,green.png,red blue.png,blue.png,orange left.png,86968
9326,blue.png,yellow.png,black yellow.png,yellow.png,yellow right.png,86969
9327,red.png,orange.png,orange blue.png,yellow.png,yellow right.png,86970
9328,yellow.png,yellow.png,yellow green blue.png,green.png,yellow right.png,86971
9329,green.png,red.png,yellow green blue.png,orange.png,blue left.png,86972
9330,black.png,black.png,orange blue.png,green.png,blue right.png,86973
9331,yellow.png,black.png,yellow blue.png,red.png,black left.png,86974
9332,orange.png,black.png,black yellow yellow black.png,blue.png,yellow right.png,86975
9333,red.png,orange.png,black yellow yellow black.png,green.png,blue left.png,86976
9334,blue.png,yellow.png,green red.png,orange.png,black right.png,86977
9335,red.png,orange.png,left black yellow.png,red.png,yellow left.png,86978
9336,green.png,red.png,red blue.png,orange.png,red left.png,86979
9337,yellow.png,yellow.png,black red.png,green.png,green right.png,86980
9338,orange.png,orange.png,orange yellow.png,green.png,black left.png,86981
9339,blue.png,red.png,orange yellow.png,orange.png,blue left.png,86982
9340,blue.png,blue.png,black red.png,yellow.png,black right.png,86983
9341,green.png,black.png,multicolor.png,green.png,black left.png,86984
9342,yellow.png,yellow.png,orange yellow.png,blue.png,green right.png,86985
9343,green.png,red.png,black yellow yellow black.png,black.png,green left.png,86986
9344,yellow.png,yellow.png,black yellow yellow black.png,orange.png,green right.png,86987
9345,black.png,blue.png,yellow green blue.png,yellow.png,black right.png,86988
9346,blue.png,black.png,left black yellow.png,red.png,none.png,86989
9347,black.png,yellow.png,black yellow.png,orange.png,black right.png,86990
9348,yellow.png,black.png,black yellow.png,green.png,orange left.png,86991
9349,orange.png,green.png,orange blue.png,red.png,yellow left.png,86992
9350,green.png,orange.png,orange blue.png,orange.png,yellow left.png,86993
9351,orange.png,yellow.png,green red.png,yellow.png,orange left.png,86994
9352,green.png,blue.png,yellow black black yellow.png,red.png,yellow left.png,86995
9353,orange.png,black.png,multicolor.png,blue.png,yellow right.png,86996
9354,green.png,blue.png,yellow blue.png,yellow.png,green right.png,86997
9355,orange.png,blue.png,red blue.png,green.png,none.png,86998
9356,yellow.png,yellow.png,down black up red.png,yellow.png,blue left.png,86999
9357,yellow.png,black.png,blue red.png,black.png,black right.png,87000
9358,yellow.png,orange.png,down black up red.png,orange.png,orange right.png,87001
9359,green.png,yellow.png,yellow black black yellow.png,blue.png,orange right.png,87002
9360,blue.png,green.png,black red.png,green.png,blue right.png,87003
9361,orange.png,black.png,yellow red.png,green.png,yellow right.png,87004
9362,orange.png,red.png,yellow black black yellow.png,blue.png,yellow left.png,87005
9363,blue.png,green.png,orange blue.png,black.png,red left.png,87006
9364,red.png,orange.png,black red.png,yellow.png,yellow left.png,87007
9365,blue.png,red.png,up_and_out black yellow.png,blue.png,green right.png,87008
9366,blue.png,red.png,blue red.png,orange.png,black right.png,87009
9367,yellow.png,yellow.png,black yellow.png,red.png,red left.png,87010
9368,red.png,red.png,yellow red.png,red.png,blue right.png,87011
9369,green.png,green.png,orange blue.png,blue.png,green left.png,87012
9370,blue.png,orange.png,green yellow.png,green.png,green left.png,87013
9371,orange.png,red.png,blue red.png,blue.png,yellow right.png,87014
9372,blue.png,orange.png,green yellow.png,red.png,green left.png,87015
9373,blue.png,orange.png,multicolor.png,black.png,black left.png,87016
9374,black.png,red.png,yellow black black yellow.png,blue.png,red left.png,87017
9375,green.png,yellow.png,red blue.png,red.png,yellow left.png,87018
9376,orange.png,orange.png,left black yellow.png,black.png,yellow right.png,87019
9377,red.png,red.png,multicolor.png,green.png,orange right.png,87020
9378,orange.png,black.png,left black yellow.png,blue.png,green left.png,87021
9379,red.png,orange.png,yellow red.png,red.png,blue right.png,87022
9380,red.png,blue.png,red blue.png,blue.png,yellow right.png,87023
9381,green.png,green.png,black yellow yellow black.png,red.png,yellow left.png,87024
9382,yellow.png,orange.png,multicolor.png,yellow.png,yellow left.png,87025
9383,blue.png,orange.png,black yellow yellow black.png,blue.png,blue right.png,87026
9384,yellow.png,yellow.png,orange yellow.png,yellow.png,none.png,87027
9385,orange.png,green.png,green yellow.png,black.png,orange right.png,87028
9386,red.png,yellow.png,left black yellow.png,blue.png,yellow left.png,87029
9387,orange.png,yellow.png,yellow red.png,blue.png,none.png,87030
9388,red.png,orange.png,yellow green blue.png,green.png,orange right.png,87031
9389,yellow.png,blue.png,left black yellow.png,blue.png,red left.png,87032
9390,green.png,red.png,green red.png,orange.png,green left.png,87033
9391,orange.png,red.png,yellow red.png,green.png,yellow right.png,87034
9392,red.png,blue.png,red blue.png,yellow.png,yellow left.png,87035
9393,blue.png,yellow.png,blue red.png,yellow.png,yellow right.png,87036
9394,green.png,orange.png,up_and_out black yellow.png,orange.png,red left.png,87037
9395,blue.png,green.png,orange blue.png,black.png,black right.png,87038
9396,green.png,orange.png,black yellow.png,green.png,yellow left.png,87039
9397,orange.png,yellow.png,orange blue.png,red.png,blue right.png,87040
9398,orange.png,black.png,multicolor.png,green.png,none.png,87041
9399,yellow.png,black.png,yellow red.png,yellow.png,yellow right.png,87042
9400,blue.png,black.png,down black up red.png,blue.png,yellow right.png,87043
9401,red.png,green.png,blue red.png,blue.png,black left.png,87044
9402,green.png,blue.png,blue red.png,yellow.png,black left.png,87045
9403,green.png,red.png,green red.png,blue.png,green right.png,87046
9404,green.png,red.png,left black yellow.png,red.png,blue right.png,87047
9405,yellow.png,green.png,left black yellow.png,green.png,red left.png,87048
9406,black.png,blue.png,green blue.png,blue.png,orange left.png,87049
9407,red.png,black.png,black yellow yellow black.png,black.png,none.png,87050
9408,yellow.png,black.png,green yellow.png,red.png,blue left.png,87051
9409,yellow.png,yellow.png,up_and_out black yellow.png,green.png,blue left.png,87052
9410,yellow.png,green.png,yellow blue.png,green.png,orange left.png,87053
9411,orange.png,orange.png,green red.png,orange.png,black right.png,87054
9412,orange.png,blue.png,black red.png,green.png,orange left.png,87055
9413,orange.png,orange.png,red blue.png,orange.png,none.png,87056
9414,red.png,blue.png,orange yellow.png,orange.png,blue left.png,87057
9415,red.png,yellow.png,down black up red.png,red.png,black right.png,87058
9416,yellow.png,orange.png,green yellow.png,black.png,yellow right.png,87059
9417,yellow.png,red.png,orange yellow.png,green.png,orange right.png,87060
9418,blue.png,green.png,blue red.png,yellow.png,black left.png,87061
9419,blue.png,green.png,yellow blue.png,red.png,yellow left.png,87062
9420,blue.png,orange.png,yellow black black yellow.png,orange.png,black left.png,87063
9421,blue.png,black.png,yellow green blue.png,black.png,yellow right.png,87064
9422,orange.png,green.png,black yellow yellow black.png,blue.png,none.png,87065
9423,green.png,green.png,left black yellow.png,orange.png,blue left.png,87066
9424,green.png,black.png,yellow green blue.png,blue.png,yellow right.png,87067
9425,blue.png,green.png,blue red.png,red.png,orange left.png,87068
9426,black.png,black.png,green yellow.png,yellow.png,yellow left.png,87069
9427,orange.png,orange.png,orange blue.png,black.png,orange right.png,87070
9428,orange.png,orange.png,yellow red.png,orange.png,black right.png,87071
9429,red.png,yellow.png,black red.png,yellow.png,blue left.png,87072
9430,red.png,yellow.png,green blue.png,blue.png,yellow right.png,87073
9431,yellow.png,black.png,green red.png,orange.png,none.png,87074
9432,red.png,black.png,black red.png,red.png,green right.png,87075
9433,yellow.png,blue.png,down black up red.png,blue.png,red left.png,87076
9434,yellow.png,orange.png,yellow black black yellow.png,yellow.png,black right.png,87077
9435,orange.png,yellow.png,multicolor.png,black.png,orange right.png,87078
9436,blue.png,blue.png,left black yellow.png,yellow.png,black left.png,87079
9437,orange.png,black.png,yellow black black yellow.png,black.png,black right.png,87080
9438,red.png,red.png,orange blue.png,black.png,green right.png,87081
9439,red.png,yellow.png,black yellow.png,orange.png,yellow left.png,87082
9440,black.png,orange.png,green yellow.png,yellow.png,none.png,87083
9441,blue.png,blue.png,orange yellow.png,black.png,black right.png,87084
9442,red.png,green.png,yellow blue.png,blue.png,blue left.png,87085
9443,black.png,orange.png,yellow red.png,orange.png,yellow right.png,87086
9444,green.png,yellow.png,orange blue.png,blue.png,orange right.png,87087
9445,yellow.png,orange.png,yellow blue.png,yellow.png,none.png,87088
9446,green.png,red.png,yellow black black yellow.png,green.png,blue right.png,87089
9447,yellow.png,yellow.png,yellow blue.png,yellow.png,black right.png,87090
9448,orange.png,blue.png,orange blue.png,red.png,orange right.png,87091
9449,yellow.png,yellow.png,down black up red.png,red.png,blue right.png,87092
9450,green.png,red.png,orange yellow.png,yellow.png,red left.png,87093
9451,black.png,orange.png,yellow blue.png,black.png,yellow left.png,87094
9452,blue.png,yellow.png,down black up red.png,yellow.png,blue left.png,87095
9453,black.png,black.png,multicolor.png,yellow.png,blue left.png,87096
9454,orange.png,blue.png,red blue.png,green.png,orange right.png,87097
9455,red.png,orange.png,yellow green blue.png,yellow.png,orange left.png,87098
9456,green.png,red.png,green blue.png,green.png,blue left.png,87099
9457,black.png,orange.png,black yellow yellow black.png,orange.png,none.png,87100
9458,blue.png,orange.png,multicolor.png,yellow.png,black right.png,87101
9459,orange.png,yellow.png,yellow black black yellow.png,black.png,black left.png,87102
9460,black.png,green.png,up_and_out black yellow.png,blue.png,yellow right.png,87103
9461,yellow.png,green.png,up_and_out black yellow.png,green.png,blue right.png,87104
9462,green.png,orange.png,yellow green blue.png,yellow.png,red left.png,87105
9463,red.png,green.png,black yellow.png,red.png,orange right.png,87106
9464,black.png,blue.png,green red.png,black.png,yellow left.png,87107
9465,yellow.png,black.png,yellow red.png,blue.png,none.png,87108
9466,green.png,green.png,up_and_out black yellow.png,red.png,black right.png,87109
9467,black.png,red.png,left black yellow.png,blue.png,yellow left.png,87110
9468,blue.png,green.png,orange yellow.png,blue.png,blue right.png,87111
9469,black.png,green.png,red blue.png,black.png,yellow right.png,87112
9470,yellow.png,orange.png,red blue.png,orange.png,yellow left.png,87113
9471,green.png,green.png,black yellow.png,orange.png,blue left.png,87114
9472,red.png,yellow.png,green yellow.png,orange.png,green left.png,87115
9473,orange.png,black.png,orange blue.png,orange.png,green left.png,87116
9474,red.png,green.png,yellow red.png,blue.png,yellow right.png,87117
9475,black.png,green.png,black yellow yellow black.png,green.png,orange left.png,87118
9476,red.png,orange.png,multicolor.png,orange.png,black left.png,87119
9477,blue.png,orange.png,down black up red.png,orange.png,black left.png,87120
9478,blue.png,green.png,red blue.png,yellow.png,black right.png,87121
9479,yellow.png,orange.png,black yellow yellow black.png,blue.png,black left.png,87122
9480,green.png,blue.png,green red.png,blue.png,yellow left.png,87123
9481,yellow.png,yellow.png,left black yellow.png,orange.png,green left.png,87124
9482,yellow.png,blue.png,black yellow.png,orange.png,green left.png,87125
9483,blue.png,orange.png,yellow blue.png,yellow.png,blue right.png,87126
9484,orange.png,yellow.png,black red.png,black.png,black right.png,87127
9485,black.png,orange.png,green yellow.png,yellow.png,black right.png,87128
9486,red.png,black.png,blue red.png,black.png,blue left.png,87129
9487,black.png,blue.png,green yellow.png,red.png,yellow right.png,87130
9488,yellow.png,orange.png,yellow green blue.png,orange.png,green right.png,87131
9489,red.png,orange.png,yellow blue.png,black.png,yellow right.png,87132
9490,red.png,black.png,black yellow.png,orange.png,blue left.png,87133
9491,green.png,green.png,down black up red.png,yellow.png,orange left.png,87134
9492,green.png,green.png,green blue.png,blue.png,orange left.png,87135
9493,red.png,yellow.png,green red.png,red.png,green left.png,87136
9494,blue.png,orange.png,black red.png,orange.png,black left.png,87137
9495,black.png,blue.png,yellow red.png,orange.png,yellow left.png,87138
9496,black.png,orange.png,black yellow yellow black.png,orange.png,black left.png,87139
9497,green.png,black.png,up_and_out black yellow.png,blue.png,blue left.png,87140
9498,red.png,orange.png,black yellow yellow black.png,red.png,red left.png,87141
9499,red.png,red.png,orange yellow.png,red.png,blue right.png,87142
9500,blue.png,black.png,red blue.png,black.png,orange left.png,87143
9501,red.png,green.png,yellow red.png,yellow.png,orange right.png,87144
9502,orange.png,red.png,up_and_out black yellow.png,yellow.png,black right.png,87145
9503,green.png,red.png,black yellow.png,blue.png,red left.png,87146
9504,orange.png,yellow.png,yellow blue.png,yellow.png,none.png,87147
9505,orange.png,blue.png,blue red.png,red.png,yellow right.png,87148
9506,black.png,red.png,left black yellow.png,orange.png,green right.png,87149
9507,yellow.png,green.png,left black yellow.png,black.png,blue right.png,87150
9508,green.png,orange.png,black yellow yellow black.png,yellow.png,blue right.png,87151
9509,green.png,yellow.png,orange blue.png,green.png,green left.png,87152
9510,blue.png,green.png,down black up red.png,blue.png,none.png,87153
9511,red.png,blue.png,green red.png,yellow.png,green right.png,87154
9512,yellow.png,orange.png,green red.png,black.png,none.png,87155
9513,orange.png,orange.png,yellow black black yellow.png,yellow.png,green left.png,87156
9514,blue.png,red.png,yellow green blue.png,black.png,black left.png,87157
9515,yellow.png,yellow.png,yellow green blue.png,yellow.png,none.png,87158
9516,green.png,black.png,green yellow.png,black.png,black left.png,87159
9517,yellow.png,black.png,green blue.png,blue.png,green left.png,87160
9518,blue.png,red.png,black yellow.png,black.png,yellow right.png,87161
9519,yellow.png,black.png,yellow black black yellow.png,orange.png,yellow right.png,87162
9520,blue.png,orange.png,multicolor.png,red.png,blue left.png,87163
9521,orange.png,yellow.png,multicolor.png,blue.png,blue left.png,87164
9522,green.png,yellow.png,up_and_out black yellow.png,red.png,red left.png,87165
9523,orange.png,green.png,left black yellow.png,orange.png,blue right.png,87166
9524,orange.png,yellow.png,blue red.png,green.png,orange right.png,87167
9525,green.png,yellow.png,red blue.png,orange.png,black left.png,87168
9526,yellow.png,green.png,red blue.png,green.png,black left.png,87169
9527,black.png,green.png,up_and_out black yellow.png,green.png,orange left.png,87170
9528,yellow.png,blue.png,yellow green blue.png,green.png,green right.png,87171
9529,blue.png,blue.png,left black yellow.png,blue.png,blue right.png,87172
9530,orange.png,green.png,up_and_out black yellow.png,orange.png,green right.png,87173
9531,red.png,yellow.png,green blue.png,orange.png,red left.png,87174
9532,orange.png,green.png,black yellow yellow black.png,black.png,green left.png,87175
9533,green.png,green.png,multicolor.png,yellow.png,none.png,87176
9534,red.png,yellow.png,left black yellow.png,green.png,yellow right.png,87177
9535,blue.png,blue.png,yellow green blue.png,orange.png,red left.png,87178
9536,orange.png,yellow.png,yellow green blue.png,black.png,blue right.png,87179
9537,blue.png,yellow.png,green blue.png,black.png,orange right.png,87180
9538,yellow.png,yellow.png,down black up red.png,orange.png,red left.png,87181
9539,red.png,yellow.png,black yellow.png,red.png,green left.png,87182
9540,orange.png,yellow.png,green blue.png,blue.png,black left.png,87183
9541,blue.png,blue.png,yellow black black yellow.png,black.png,blue right.png,87184
9542,green.png,yellow.png,down black up red.png,black.png,black right.png,87185
9543,orange.png,orange.png,green yellow.png,green.png,yellow left.png,87186
9544,black.png,orange.png,left black yellow.png,blue.png,blue right.png,87187
9545,blue.png,black.png,orange blue.png,blue.png,orange left.png,87188
9546,orange.png,green.png,multicolor.png,black.png,black left.png,87189
9547,blue.png,blue.png,orange blue.png,green.png,yellow left.png,87190
9548,blue.png,green.png,green blue.png,black.png,yellow left.png,87191
9549,green.png,blue.png,yellow red.png,orange.png,green left.png,87192
9550,red.png,green.png,down black up red.png,yellow.png,blue right.png,87193
9551,green.png,yellow.png,yellow red.png,red.png,blue right.png,87194
9552,green.png,orange.png,yellow black black yellow.png,green.png,blue right.png,87195
9553,blue.png,yellow.png,yellow black black yellow.png,orange.png,orange right.png,87196
9554,blue.png,black.png,black yellow yellow black.png,blue.png,orange right.png,87197
9555,red.png,black.png,black yellow.png,yellow.png,red left.png,87198
9556,blue.png,orange.png,down black up red.png,black.png,orange right.png,87199
9557,blue.png,black.png,multicolor.png,red.png,green left.png,87200
9558,blue.png,red.png,black yellow.png,red.png,green right.png,87201
9559,black.png,green.png,black yellow yellow black.png,orange.png,orange left.png,87202
9560,green.png,red.png,black yellow.png,green.png,none.png,87203
9561,green.png,green.png,green blue.png,orange.png,none.png,87204
9562,yellow.png,red.png,down black up red.png,black.png,orange left.png,87205
9563,green.png,orange.png,black yellow.png,orange.png,none.png,87206
9564,blue.png,yellow.png,blue red.png,black.png,orange left.png,87207
9565,black.png,blue.png,green yellow.png,red.png,green right.png,87208
9566,orange.png,yellow.png,blue red.png,red.png,red left.png,87209
9567,black.png,green.png,green yellow.png,orange.png,red left.png,87210
9568,green.png,black.png,red blue.png,red.png,black left.png,87211
9569,black.png,yellow.png,orange yellow.png,black.png,red left.png,87212
9570,red.png,green.png,green yellow.png,black.png,yellow left.png,87213
9571,black.png,yellow.png,orange yellow.png,green.png,blue left.png,87214
9572,orange.png,red.png,orange yellow.png,green.png,green right.png,87215
9573,green.png,blue.png,yellow red.png,black.png,blue right.png,87216
9574,blue.png,yellow.png,black yellow.png,green.png,blue right.png,87217
9575,green.png,green.png,orange blue.png,green.png,green right.png,87218
9576,red.png,blue.png,yellow black black yellow.png,yellow.png,red left.png,87219
9577,red.png,black.png,black red.png,blue.png,blue right.png,87220
9578,green.png,red.png,green red.png,green.png,blue right.png,87221
9579,yellow.png,green.png,orange blue.png,red.png,yellow left.png,87222
9580,yellow.png,blue.png,orange blue.png,yellow.png,black right.png,87223
9581,green.png,blue.png,yellow red.png,yellow.png,black left.png,87224
9582,red.png,blue.png,green red.png,black.png,orange left.png,87225
9583,orange.png,red.png,up_and_out black yellow.png,orange.png,green right.png,87226
9584,black.png,black.png,black red.png,black.png,none.png,87227
9585,red.png,blue.png,green yellow.png,yellow.png,black right.png,87228
9586,blue.png,yellow.png,green blue.png,orange.png,yellow left.png,87229
9587,red.png,blue.png,green blue.png,orange.png,black left.png,87230
9588,blue.png,red.png,green red.png,red.png,blue left.png,87231
9589,red.png,red.png,yellow blue.png,red.png,red left.png,87232
9590,yellow.png,blue.png,yellow green blue.png,red.png,orange left.png,87233
9591,yellow.png,green.png,left black yellow.png,yellow.png,none.png,87234
9592,yellow.png,blue.png,green blue.png,red.png,green left.png,87235
9593,black.png,yellow.png,red blue.png,black.png,green right.png,87236
9594,black.png,yellow.png,green blue.png,orange.png,green right.png,87237
9595,red.png,blue.png,black red.png,black.png,black left.png,87238
9596,orange.png,green.png,down black up red.png,blue.png,orange right.png,87239
9597,blue.png,orange.png,yellow black black yellow.png,black.png,blue right.png,87240
9598,black.png,blue.png,red blue.png,yellow.png,orange left.png,87241
9599,black.png,blue.png,blue red.png,orange.png,black right.png,87242
9600,green.png,black.png,green yellow.png,green.png,black left.png,87243
9601,red.png,black.png,orange yellow.png,yellow.png,green left.png,87244
9602,black.png,orange.png,down black up red.png,blue.png,green left.png,87245
9603,blue.png,orange.png,down black up red.png,black.png,none.png,87246
9604,yellow.png,yellow.png,blue red.png,orange.png,none.png,87247
9605,red.png,red.png,yellow black black yellow.png,yellow.png,red left.png,87248
9606,green.png,green.png,black red.png,black.png,orange left.png,87249
9607,red.png,blue.png,down black up red.png,blue.png,orange left.png,87250
9608,red.png,red.png,down black up red.png,yellow.png,blue right.png,87251
9609,blue.png,green.png,black yellow yellow black.png,green.png,black right.png,87252
9610,blue.png,red.png,orange blue.png,red.png,orange right.png,87253
9611,black.png,black.png,down black up red.png,green.png,green left.png,87254
9612,yellow.png,yellow.png,yellow green blue.png,blue.png,black left.png,87255
9613,orange.png,black.png,yellow black black yellow.png,yellow.png,blue right.png,87256
9614,blue.png,yellow.png,orange blue.png,orange.png,yellow left.png,87257
9615,red.png,yellow.png,up_and_out black yellow.png,orange.png,red left.png,87258
9616,yellow.png,yellow.png,up_and_out black yellow.png,black.png,black left.png,87259
9617,red.png,red.png,black yellow.png,green.png,yellow left.png,87260
9618,red.png,orange.png,left black yellow.png,orange.png,black right.png,87261
9619,blue.png,orange.png,green yellow.png,red.png,blue right.png,87262
9620,yellow.png,yellow.png,multicolor.png,red.png,blue left.png,87263
9621,red.png,blue.png,yellow green blue.png,black.png,orange right.png,87264
9622,red.png,yellow.png,blue red.png,green.png,black right.png,87265
9623,black.png,blue.png,multicolor.png,green.png,yellow left.png,87266
9624,green.png,red.png,yellow red.png,black.png,green left.png,87267
9625,black.png,orange.png,red blue.png,black.png,green right.png,87268
9626,green.png,black.png,black yellow yellow black.png,black.png,yellow left.png,87269
9627,black.png,yellow.png,yellow blue.png,blue.png,yellow right.png,87270
9628,orange.png,black.png,black yellow yellow black.png,red.png,orange right.png,87271
9629,red.png,black.png,orange blue.png,blue.png,red left.png,87272
9630,red.png,green.png,green blue.png,yellow.png,yellow right.png,87273
9631,red.png,blue.png,blue red.png,blue.png,orange left.png,87274
9632,yellow.png,orange.png,multicolor.png,black.png,green right.png,87275
9633,black.png,blue.png,multicolor.png,green.png,none.png,87276
9634,blue.png,green.png,orange blue.png,red.png,none.png,87277
9635,blue.png,black.png,down black up red.png,orange.png,red left.png,87278
9636,black.png,orange.png,blue red.png,blue.png,orange left.png,87279
9637,blue.png,red.png,black yellow.png,red.png,yellow left.png,87280
9638,green.png,yellow.png,black yellow.png,blue.png,orange left.png,87281
9639,blue.png,orange.png,up_and_out black yellow.png,green.png,orange left.png,87282
9640,red.png,orange.png,yellow black black yellow.png,black.png,blue left.png,87283
9641,blue.png,blue.png,black red.png,orange.png,green left.png,87284
9642,orange.png,blue.png,yellow green blue.png,green.png,orange right.png,87285
9643,blue.png,green.png,blue red.png,green.png,yellow left.png,87286
9644,yellow.png,yellow.png,blue red.png,black.png,blue left.png,87287
9645,red.png,black.png,yellow black black yellow.png,yellow.png,red left.png,87288
9646,black.png,yellow.png,left black yellow.png,orange.png,black right.png,87289
9647,green.png,yellow.png,down black up red.png,red.png,blue right.png,87290
9648,green.png,green.png,up_and_out black yellow.png,red.png,green left.png,87291
9649,blue.png,green.png,yellow green blue.png,green.png,blue left.png,87292
9650,yellow.png,orange.png,red blue.png,black.png,yellow left.png,87293
9651,yellow.png,yellow.png,black yellow yellow black.png,blue.png,blue left.png,87294
9652,orange.png,black.png,multicolor.png,black.png,blue left.png,87295
9653,yellow.png,red.png,yellow green blue.png,red.png,orange left.png,87296
9654,red.png,black.png,yellow black black yellow.png,yellow.png,green right.png,87297
9655,green.png,red.png,black yellow.png,blue.png,yellow left.png,87298
9656,green.png,red.png,yellow blue.png,blue.png,orange right.png,87299
9657,red.png,green.png,yellow red.png,blue.png,orange right.png,87300
9658,black.png,orange.png,down black up red.png,blue.png,blue left.png,87301
9659,green.png,blue.png,black yellow yellow black.png,red.png,green right.png,87302
9660,blue.png,orange.png,up_and_out black yellow.png,orange.png,blue right.png,87303
9661,yellow.png,black.png,orange yellow.png,black.png,black left.png,87304
9662,yellow.png,red.png,black yellow.png,black.png,yellow right.png,87305
9663,red.png,red.png,yellow green blue.png,blue.png,green right.png,87306
9664,blue.png,blue.png,black red.png,green.png,black right.png,87307
9665,green.png,black.png,green blue.png,blue.png,green right.png,87308
9666,red.png,orange.png,yellow blue.png,red.png,none.png,87309
9667,black.png,black.png,multicolor.png,orange.png,orange left.png,87310
9668,yellow.png,orange.png,up_and_out black yellow.png,orange.png,green left.png,87311
9669,green.png,yellow.png,yellow red.png,orange.png,yellow left.png,87312
9670,green.png,red.png,green blue.png,blue.png,yellow left.png,87313
9671,orange.png,red.png,green yellow.png,orange.png,red left.png,87314
9672,orange.png,black.png,black red.png,yellow.png,blue left.png,87315
9673,red.png,orange.png,black yellow yellow black.png,red.png,green right.png,87316
9674,black.png,blue.png,yellow blue.png,yellow.png,black left.png,87317
9675,orange.png,yellow.png,yellow red.png,red.png,yellow left.png,87318
9676,orange.png,black.png,black yellow.png,green.png,green right.png,87319
9677,yellow.png,green.png,yellow red.png,black.png,green left.png,87320
9678,red.png,red.png,down black up red.png,black.png,green right.png,87321
9679,yellow.png,black.png,red blue.png,blue.png,yellow left.png,87322
9680,blue.png,green.png,orange yellow.png,orange.png,blue left.png,87323
9681,black.png,orange.png,yellow red.png,orange.png,orange left.png,87324
9682,red.png,red.png,down black up red.png,blue.png,orange left.png,87325
9683,yellow.png,orange.png,black red.png,orange.png,orange right.png,87326
9684,orange.png,black.png,left black yellow.png,blue.png,black right.png,87327
9685,orange.png,red.png,red blue.png,orange.png,green left.png,87328
9686,black.png,black.png,black yellow yellow black.png,red.png,black left.png,87329
9687,yellow.png,orange.png,left black yellow.png,yellow.png,red left.png,87330
9688,orange.png,yellow.png,yellow green blue.png,green.png,blue right.png,87331
9689,black.png,black.png,green blue.png,red.png,black right.png,87332
9690,blue.png,blue.png,blue red.png,green.png,blue left.png,87333
9691,yellow.png,black.png,green yellow.png,yellow.png,black right.png,87334
9692,green.png,red.png,green red.png,blue.png,orange right.png,87335
9693,blue.png,green.png,left black yellow.png,red.png,red left.png,87336
9694,blue.png,red.png,black yellow yellow black.png,green.png,orange right.png,87337
9695,orange.png,black.png,yellow green blue.png,red.png,green right.png,87338
9696,black.png,blue.png,up_and_out black yellow.png,red.png,orange right.png,87339
9697,black.png,yellow.png,multicolor.png,blue.png,black left.png,87340
9698,yellow.png,orange.png,black yellow.png,red.png,black left.png,87341
9699,black.png,yellow.png,down black up red.png,blue.png,green right.png,87342
9700,red.png,red.png,left black yellow.png,orange.png,none.png,87343
9701,blue.png,blue.png,multicolor.png,green.png,orange right.png,87344
9702,green.png,black.png,orange yellow.png,blue.png,blue right.png,87345
9703,yellow.png,orange.png,green red.png,black.png,blue right.png,87346
9704,blue.png,orange.png,orange yellow.png,green.png,red left.png,87347
9705,blue.png,yellow.png,black yellow.png,green.png,yellow right.png,87348
9706,orange.png,red.png,left black yellow.png,orange.png,green right.png,87349
9707,green.png,yellow.png,yellow black black yellow.png,blue.png,blue left.png,87350
9708,yellow.png,yellow.png,red blue.png,red.png,black right.png,87351
9709,yellow.png,orange.png,multicolor.png,yellow.png,none.png,87352
9710,green.png,black.png,yellow green blue.png,yellow.png,green left.png,87353
9711,orange.png,blue.png,blue red.png,black.png,orange left.png,87354
9712,orange.png,yellow.png,black yellow.png,blue.png,green left.png,87355
9713,green.png,blue.png,yellow blue.png,black.png,blue left.png,87356
9714,black.png,blue.png,blue red.png,blue.png,orange right.png,87357
9715,red.png,yellow.png,red blue.png,blue.png,blue left.png,87358
9716,orange.png,yellow.png,orange yellow.png,yellow.png,orange left.png,87359
9717,yellow.png,black.png,up_and_out black yellow.png,red.png,yellow left.png,87360
9718,yellow.png,orange.png,black yellow yellow black.png,blue.png,orange right.png,87361
9719,orange.png,blue.png,orange blue.png,red.png,yellow left.png,87362
9720,orange.png,green.png,down black up red.png,blue.png,yellow right.png,87363
9721,black.png,red.png,blue red.png,orange.png,yellow right.png,87364
9722,red.png,black.png,yellow blue.png,orange.png,red left.png,87365
9723,black.png,yellow.png,green red.png,blue.png,red left.png,87366
9724,green.png,blue.png,yellow black black yellow.png,yellow.png,orange left.png,87367
9725,yellow.png,red.png,yellow black black yellow.png,red.png,orange left.png,87368
9726,red.png,red.png,down black up red.png,green.png,blue left.png,87369
9727,yellow.png,green.png,green blue.png,black.png,blue left.png,87370
9728,green.png,black.png,black yellow yellow black.png,red.png,yellow right.png,87371
9729,yellow.png,green.png,yellow red.png,red.png,black right.png,87372
9730,orange.png,black.png,blue red.png,green.png,none.png,87373
9731,orange.png,yellow.png,orange blue.png,black.png,blue right.png,87374
9732,red.png,yellow.png,multicolor.png,green.png,yellow right.png,87375
9733,orange.png,yellow.png,black yellow.png,orange.png,yellow left.png,87376
9734,black.png,yellow.png,green blue.png,yellow.png,green right.png,87377
9735,orange.png,yellow.png,up_and_out black yellow.png,red.png,orange left.png,87378
9736,red.png,blue.png,black red.png,blue.png,yellow left.png,87379
9737,orange.png,yellow.png,up_and_out black yellow.png,black.png,green left.png,87380
9738,orange.png,orange.png,blue red.png,orange.png,red left.png,87381
9739,red.png,yellow.png,multicolor.png,orange.png,red left.png,87382
9740,black.png,blue.png,yellow black black yellow.png,blue.png,orange right.png,87383
9741,green.png,blue.png,down black up red.png,black.png,red left.png,87384
9742,yellow.png,green.png,yellow green blue.png,yellow.png,yellow right.png,87385
9743,yellow.png,red.png,green blue.png,green.png,black right.png,87386
9744,black.png,blue.png,black yellow yellow black.png,black.png,red left.png,87387
9745,blue.png,yellow.png,red blue.png,black.png,orange left.png,87388
9746,red.png,green.png,black red.png,yellow.png,black right.png,87389
9747,green.png,yellow.png,yellow red.png,yellow.png,none.png,87390
9748,green.png,black.png,green yellow.png,red.png,blue right.png,87391
9749,red.png,yellow.png,green blue.png,blue.png,black right.png,87392
9750,red.png,green.png,red blue.png,yellow.png,red left.png,87393
9751,black.png,yellow.png,black yellow.png,yellow.png,red left.png,87394
9752,black.png,orange.png,black yellow.png,orange.png,orange right.png,87395
9753,yellow.png,yellow.png,black yellow yellow black.png,blue.png,yellow right.png,87396
9754,black.png,yellow.png,black yellow.png,orange.png,none.png,87397
9755,black.png,orange.png,orange yellow.png,blue.png,black left.png,87398
9756,black.png,blue.png,multicolor.png,yellow.png,green left.png,87399
9757,green.png,blue.png,down black up red.png,blue.png,black left.png,87400
9758,orange.png,blue.png,green red.png,green.png,yellow right.png,87401
9759,red.png,black.png,yellow red.png,orange.png,orange right.png,87402
9760,black.png,orange.png,yellow green blue.png,yellow.png,red left.png,87403
9761,green.png,yellow.png,green red.png,yellow.png,yellow right.png,87404
9762,black.png,red.png,yellow black black yellow.png,red.png,blue right.png,87405
9763,blue.png,orange.png,orange yellow.png,blue.png,blue left.png,87406
9764,red.png,orange.png,black yellow yellow black.png,red.png,black right.png,87407
9765,orange.png,orange.png,black yellow yellow black.png,red.png,yellow left.png,87408
9766,blue.png,green.png,blue red.png,blue.png,green left.png,87409
9767,yellow.png,black.png,orange yellow.png,green.png,green right.png,87410
9768,green.png,orange.png,black red.png,blue.png,green right.png,87411
9769,yellow.png,black.png,black yellow yellow black.png,orange.png,yellow left.png,87412
9770,yellow.png,green.png,yellow black black yellow.png,red.png,black left.png,87413
9771,red.png,green.png,left black yellow.png,red.png,blue left.png,87414
9772,black.png,blue.png,yellow blue.png,orange.png,orange right.png,87415
9773,red.png,yellow.png,down black up red.png,red.png,yellow left.png,87416
9774,yellow.png,yellow.png,blue red.png,blue.png,blue left.png,87417
9775,green.png,blue.png,red blue.png,black.png,green right.png,87418
9776,yellow.png,green.png,green red.png,blue.png,none.png,87419
9777,orange.png,red.png,down black up red.png,yellow.png,yellow right.png,87420
9778,blue.png,black.png,multicolor.png,orange.png,orange right.png,87421
9779,red.png,yellow.png,orange yellow.png,yellow.png,none.png,87422
9780,green.png,red.png,red blue.png,yellow.png,black right.png,87423
9781,yellow.png,red.png,yellow black black yellow.png,black.png,black left.png,87424
9782,red.png,green.png,up_and_out black yellow.png,black.png,yellow right.png,87425
9783,red.png,yellow.png,green red.png,black.png,black left.png,87426
9784,green.png,blue.png,black yellow yellow black.png,black.png,red left.png,87427
9785,green.png,yellow.png,down black up red.png,blue.png,black left.png,87428
9786,yellow.png,yellow.png,yellow green blue.png,black.png,blue right.png,87429
9787,orange.png,red.png,multicolor.png,orange.png,orange left.png,87430
9788,orange.png,green.png,yellow blue.png,orange.png,black left.png,87431
9789,black.png,red.png,green yellow.png,blue.png,blue right.png,87432
9790,red.png,green.png,yellow red.png,red.png,yellow left.png,87433
9791,black.png,black.png,multicolor.png,blue.png,black right.png,87434
9792,blue.png,orange.png,up_and_out black yellow.png,blue.png,red left.png,87435
9793,yellow.png,yellow.png,multicolor.png,red.png,green right.png,87436
9794,blue.png,orange.png,black yellow yellow black.png,orange.png,blue right.png,87437
9795,yellow.png,yellow.png,red blue.png,orange.png,blue left.png,87438
9796,orange.png,black.png,multicolor.png,yellow.png,yellow left.png,87439
9797,red.png,red.png,green blue.png,yellow.png,orange left.png,87440
9798,black.png,yellow.png,up_and_out black yellow.png,blue.png,orange left.png,87441
9799,yellow.png,green.png,orange yellow.png,yellow.png,green right.png,87442
9800,green.png,black.png,multicolor.png,blue.png,none.png,87443
9801,red.png,orange.png,left black yellow.png,red.png,red left.png,87444
9802,yellow.png,blue.png,black yellow.png,orange.png,yellow right.png,87445
9803,green.png,orange.png,yellow blue.png,red.png,none.png,87446
9804,black.png,black.png,green yellow.png,black.png,green right.png,87447
9805,red.png,orange.png,yellow blue.png,blue.png,green right.png,87448
9806,green.png,green.png,up_and_out black yellow.png,blue.png,yellow right.png,87449
9807,orange.png,red.png,yellow black black yellow.png,blue.png,green right.png,87450
9808,green.png,orange.png,yellow black black yellow.png,black.png,yellow left.png,87451
9809,black.png,orange.png,up_and_out black yellow.png,blue.png,yellow right.png,87452
9810,red.png,orange.png,up_and_out black yellow.png,green.png,blue left.png,87453
9811,orange.png,green.png,left black yellow.png,black.png,yellow left.png,87454
9812,red.png,blue.png,left black yellow.png,green.png,green left.png,87455
9813,black.png,orange.png,green red.png,red.png,blue left.png,87456
9814,green.png,orange.png,green red.png,black.png,black left.png,87457
9815,black.png,yellow.png,green blue.png,orange.png,orange right.png,87458
9816,black.png,black.png,yellow blue.png,red.png,red left.png,87459
9817,orange.png,black.png,red blue.png,black.png,black left.png,87460
9818,yellow.png,orange.png,black red.png,yellow.png,blue right.png,87461
9819,black.png,blue.png,yellow black black yellow.png,yellow.png,black right.png,87462
9820,green.png,green.png,orange blue.png,yellow.png,blue left.png,87463
9821,blue.png,red.png,orange blue.png,red.png,orange left.png,87464
9822,yellow.png,yellow.png,orange yellow.png,green.png,orange left.png,87465
9823,orange.png,green.png,green red.png,green.png,green right.png,87466
9824,yellow.png,orange.png,green yellow.png,green.png,none.png,87467
9825,black.png,black.png,black yellow.png,green.png,green left.png,87468
9826,black.png,red.png,yellow red.png,yellow.png,orange left.png,87469
9827,orange.png,blue.png,down black up red.png,yellow.png,none.png,87470
9828,orange.png,yellow.png,green blue.png,yellow.png,black right.png,87471
9829,orange.png,black.png,yellow green blue.png,orange.png,black right.png,87472
9830,green.png,green.png,yellow red.png,orange.png,orange left.png,87473
9831,red.png,green.png,black yellow yellow black.png,blue.png,black right.png,87474
9832,black.png,yellow.png,orange yellow.png,blue.png,blue right.png,87475
9833,yellow.png,yellow.png,black yellow yellow black.png,orange.png,orange right.png,87476
9834,green.png,green.png,yellow red.png,blue.png,green left.png,87477
9835,green.png,red.png,orange yellow.png,orange.png,blue left.png,87478
9836,blue.png,yellow.png,green red.png,red.png,black right.png,87479
9837,blue.png,orange.png,yellow blue.png,blue.png,yellow right.png,87480
9838,orange.png,blue.png,green yellow.png,yellow.png,blue left.png,87481
9839,blue.png,green.png,yellow blue.png,yellow.png,blue right.png,87482
9840,red.png,orange.png,orange blue.png,yellow.png,green right.png,87483
9841,black.png,red.png,orange yellow.png,orange.png,red left.png,87484
9842,red.png,yellow.png,multicolor.png,orange.png,orange right.png,87485
9843,orange.png,red.png,up_and_out black yellow.png,orange.png,yellow right.png,87486
9844,blue.png,black.png,down black up red.png,green.png,none.png,87487
9845,blue.png,black.png,black yellow.png,red.png,none.png,87488
9846,orange.png,green.png,black yellow.png,blue.png,green left.png,87489
9847,yellow.png,black.png,orange blue.png,black.png,blue left.png,87490
9848,yellow.png,black.png,orange yellow.png,red.png,blue right.png,87491
9849,orange.png,blue.png,left black yellow.png,red.png,green left.png,87492
9850,black.png,yellow.png,black red.png,yellow.png,green right.png,87493
9851,green.png,black.png,blue red.png,blue.png,orange right.png,87494
9852,black.png,red.png,orange blue.png,yellow.png,black left.png,87495
9853,black.png,yellow.png,black red.png,red.png,green right.png,87496
9854,black.png,yellow.png,multicolor.png,green.png,green right.png,87497
9855,green.png,red.png,yellow green blue.png,yellow.png,orange left.png,87498
9856,yellow.png,blue.png,orange blue.png,blue.png,blue right.png,87499
9857,orange.png,yellow.png,yellow blue.png,green.png,blue left.png,87500
9858,yellow.png,red.png,multicolor.png,black.png,green left.png,87501
9859,blue.png,yellow.png,orange yellow.png,red.png,orange right.png,87502
9860,red.png,yellow.png,down black up red.png,red.png,green left.png,87503
9861,red.png,black.png,red blue.png,green.png,green left.png,87504
9862,green.png,green.png,red blue.png,yellow.png,orange right.png,87505
9863,orange.png,blue.png,blue red.png,black.png,black right.png,87506
9864,yellow.png,yellow.png,up_and_out black yellow.png,red.png,blue right.png,87507
9865,yellow.png,orange.png,yellow blue.png,blue.png,orange left.png,87508
9866,black.png,black.png,green red.png,blue.png,none.png,87509
9867,orange.png,orange.png,orange blue.png,orange.png,yellow left.png,87510
9868,black.png,red.png,red blue.png,yellow.png,black right.png,87511
9869,blue.png,blue.png,green yellow.png,blue.png,blue left.png,87512
9870,red.png,yellow.png,yellow red.png,black.png,green right.png,87513
9871,yellow.png,yellow.png,black yellow yellow black.png,green.png,green left.png,87514
9872,black.png,orange.png,up_and_out black yellow.png,green.png,black right.png,87515
9873,black.png,yellow.png,green yellow.png,black.png,black right.png,87516
9874,green.png,yellow.png,black red.png,red.png,none.png,87517
9875,orange.png,yellow.png,green red.png,red.png,yellow left.png,87518
9876,black.png,orange.png,black yellow yellow black.png,blue.png,orange left.png,87519
9877,green.png,orange.png,black yellow yellow black.png,yellow.png,red left.png,87520
9878,orange.png,yellow.png,green red.png,green.png,none.png,87521
9879,black.png,yellow.png,orange blue.png,blue.png,blue right.png,87522
9880,yellow.png,orange.png,green red.png,green.png,orange right.png,87523
9881,orange.png,blue.png,orange yellow.png,yellow.png,black left.png,87524
9882,blue.png,green.png,yellow green blue.png,blue.png,orange right.png,87525
9883,blue.png,red.png,green yellow.png,green.png,orange left.png,87526
9884,green.png,orange.png,black yellow.png,yellow.png,black left.png,87527
9885,yellow.png,yellow.png,blue red.png,black.png,green right.png,87528
9886,orange.png,green.png,green red.png,black.png,black right.png,87529
9887,blue.png,orange.png,orange yellow.png,green.png,yellow right.png,87530
9888,orange.png,orange.png,yellow green blue.png,red.png,orange right.png,87531
9889,orange.png,yellow.png,yellow green blue.png,black.png,black left.png,87532
9890,blue.png,orange.png,yellow blue.png,orange.png,green left.png,87533
9891,yellow.png,blue.png,yellow blue.png,black.png,yellow left.png,87534
9892,yellow.png,black.png,yellow black black yellow.png,blue.png,yellow right.png,87535
9893,orange.png,blue.png,yellow red.png,orange.png,none.png,87536
9894,green.png,red.png,yellow blue.png,yellow.png,black right.png,87537
9895,black.png,orange.png,green red.png,blue.png,orange right.png,87538
9896,orange.png,red.png,red blue.png,green.png,orange left.png,87539
9897,red.png,red.png,multicolor.png,black.png,red left.png,87540
9898,blue.png,blue.png,green yellow.png,red.png,black right.png,87541
9899,orange.png,red.png,left black yellow.png,yellow.png,yellow left.png,87542
9900,orange.png,red.png,left black yellow.png,red.png,yellow right.png,87543
9901,yellow.png,black.png,orange blue.png,orange.png,blue left.png,87544
9902,green.png,black.png,black red.png,orange.png,orange left.png,87545
9903,blue.png,orange.png,yellow blue.png,orange.png,yellow left.png,87546
9904,yellow.png,orange.png,black yellow.png,red.png,green left.png,87547
9905,green.png,yellow.png,down black up red.png,yellow.png,orange left.png,87548
9906,blue.png,blue.png,left black yellow.png,yellow.png,red left.png,87549
9907,red.png,black.png,blue red.png,blue.png,orange right.png,87550
9908,black.png,red.png,yellow red.png,yellow.png,red left.png,87551
9909,red.png,black.png,yellow red.png,orange.png,blue left.png,87552
9910,green.png,orange.png,green blue.png,green.png,green left.png,87553
9911,red.png,black.png,red blue.png,orange.png,green left.png,87554
9912,orange.png,orange.png,yellow red.png,orange.png,blue left.png,87555
9913,black.png,blue.png,orange blue.png,yellow.png,none.png,87556
9914,blue.png,yellow.png,left black yellow.png,green.png,blue right.png,87557
9915,yellow.png,blue.png,green red.png,green.png,blue left.png,87558
9916,orange.png,black.png,down black up red.png,red.png,yellow right.png,87559
9917,blue.png,orange.png,green blue.png,yellow.png,blue left.png,87560
9918,orange.png,blue.png,red blue.png,red.png,orange left.png,87561
9919,green.png,blue.png,orange yellow.png,blue.png,orange left.png,87562
9920,yellow.png,red.png,green yellow.png,red.png,orange left.png,87563
9921,yellow.png,red.png,yellow blue.png,black.png,blue left.png,87564
9922,orange.png,green.png,black red.png,blue.png,yellow left.png,87565
9923,black.png,green.png,orange yellow.png,orange.png,blue left.png,87566
9924,yellow.png,red.png,yellow green blue.png,black.png,none.png,87567
9925,green.png,green.png,multicolor.png,black.png,orange left.png,87568
9926,blue.png,red.png,orange yellow.png,green.png,blue left.png,87569
9927,red.png,green.png,black yellow yellow black.png,green.png,red left.png,87570
9928,red.png,black.png,red blue.png,black.png,orange right.png,87571
9929,blue.png,green.png,red blue.png,red.png,red left.png,87572
9930,orange.png,orange.png,down black up red.png,blue.png,orange left.png,87573
9931,yellow.png,orange.png,black yellow.png,yellow.png,yellow left.png,87574
9932,red.png,black.png,orange blue.png,orange.png,green right.png,87575
9933,yellow.png,blue.png,black yellow yellow black.png,black.png,yellow left.png,87576
9934,yellow.png,red.png,orange yellow.png,yellow.png,black left.png,87577
9935,black.png,yellow.png,blue red.png,blue.png,green right.png,87578
9936,green.png,yellow.png,black yellow.png,green.png,blue left.png,87579
9937,yellow.png,orange.png,green yellow.png,blue.png,green left.png,87580
9938,orange.png,blue.png,multicolor.png,black.png,blue right.png,87581
9939,orange.png,black.png,black yellow.png,red.png,yellow left.png,87582
9940,green.png,yellow.png,green yellow.png,red.png,blue right.png,87583
9941,orange.png,green.png,green blue.png,green.png,orange right.png,87584
9942,yellow.png,blue.png,left black yellow.png,green.png,blue left.png,87585
9943,blue.png,orange.png,up_and_out black yellow.png,black.png,blue left.png,87586
9944,black.png,black.png,down black up red.png,red.png,black left.png,87587
9945,yellow.png,green.png,yellow red.png,black.png,black left.png,87588
9946,blue.png,orange.png,black yellow.png,black.png,yellow right.png,87589
9947,green.png,blue.png,black yellow.png,black.png,none.png,87590
9948,red.png,red.png,black red.png,yellow.png,black right.png,87591
9949,blue.png,yellow.png,yellow green blue.png,black.png,orange left.png,87592
9950,yellow.png,yellow.png,yellow red.png,yellow.png,black right.png,87593
9951,red.png,yellow.png,yellow black black yellow.png,green.png,orange right.png,87594
9952,black.png,red.png,blue red.png,black.png,none.png,87595
9953,black.png,yellow.png,down black up red.png,orange.png,green right.png,87596
9954,red.png,green.png,up_and_out black yellow.png,black.png,orange right.png,87597
9955,black.png,yellow.png,left black yellow.png,blue.png,blue left.png,87598
9956,black.png,blue.png,green yellow.png,orange.png,orange right.png,87599
9957,blue.png,orange.png,left black yellow.png,orange.png,none.png,87600
9958,black.png,blue.png,black yellow.png,green.png,orange left.png,87601
9959,green.png,black.png,yellow green blue.png,red.png,black right.png,87602
9960,red.png,yellow.png,yellow green blue.png,black.png,yellow left.png,87603
9961,red.png,black.png,green blue.png,red.png,red left.png,87604
9962,red.png,green.png,black yellow yellow black.png,red.png,red left.png,87605
9963,blue.png,orange.png,yellow black black yellow.png,red.png,blue left.png,87606
9964,yellow.png,orange.png,yellow red.png,black.png,orange left.png,87607
9965,green.png,green.png,blue red.png,yellow.png,green right.png,87608
9966,red.png,green.png,orange yellow.png,red.png,green left.png,87609
9967,black.png,yellow.png,green red.png,yellow.png,red left.png,87610
9968,black.png,yellow.png,black red.png,black.png,yellow right.png,87611
9969,black.png,orange.png,orange blue.png,green.png,green right.png,87612
9970,yellow.png,yellow.png,multicolor.png,blue.png,green left.png,87613
9971,blue.png,blue.png,yellow black black yellow.png,orange.png,green left.png,87614
9972,yellow.png,green.png,yellow green blue.png,blue.png,black left.png,87615
9973,red.png,black.png,blue red.png,black.png,black left.png,87616
9974,orange.png,orange.png,green yellow.png,red.png,orange left.png,87617
9975,orange.png,orange.png,yellow green blue.png,black.png,green left.png,87618
9976,yellow.png,red.png,left black yellow.png,yellow.png,orange right.png,87619
9977,orange.png,yellow.png,orange yellow.png,orange.png,blue right.png,87620
9978,green.png,red.png,yellow green blue.png,yellow.png,green right.png,87621
9979,blue.png,red.png,black yellow yellow black.png,orange.png,black right.png,87622
9980,red.png,green.png,green yellow.png,blue.png,yellow right.png,87623
9981,red.png,yellow.png,down black up red.png,blue.png,green left.png,87624
9982,blue.png,yellow.png,black yellow yellow black.png,yellow.png,green left.png,87625
9983,orange.png,red.png,black yellow yellow black.png,blue.png,red left.png,87626
9984,orange.png,red.png,yellow black black yellow.png,yellow.png,yellow right.png,87627
9985,blue.png,yellow.png,black yellow.png,green.png,green left.png,87628
9986,yellow.png,blue.png,black yellow yellow black.png,yellow.png,yellow left.png,87629
9987,green.png,blue.png,yellow blue.png,green.png,yellow right.png,87630
9988,orange.png,yellow.png,up_and_out black yellow.png,blue.png,orange left.png,87631
9989,red.png,red.png,black red.png,yellow.png,yellow left.png,87632
9990,orange.png,black.png,left black yellow.png,orange.png,yellow right.png,87633
9991,red.png,green.png,blue red.png,orange.png,blue left.png,87634
9992,orange.png,green.png,yellow black black yellow.png,blue.png,black left.png,87635
9993,yellow.png,green.png,yellow green blue.png,green.png,orange right.png,87636
9994,blue.png,yellow.png,green yellow.png,orange.png,blue left.png,87637
9995,orange.png,green.png,blue red.png,green.png,green right.png,87638
9996,green.png,orange.png,yellow black black yellow.png,black.png,black left.png,87639
9997,blue.png,green.png,down black up red.png,red.png,yellow left.png,87640
9998,blue.png,red.png,down black up red.png,red.png,red left.png,87641
9999,black.png,black.png,green red.png,black.png,orange left.png,87642
10000,black.png,red.png,orange blue.png,blue.png,none.png,87643
